$MeshFormat
2.2 0 8
$EndMeshFormat
$PhysicalNames
5
1 101 "TopPlate"
1 102 "BottomPlate"
1 103 "FarField"
2 1 "Air"
2 2 "Dielectric"
$EndPhysicalNames
$Nodes
1547
1 0.001 0 0
2 0.001 -0.15 0
3 0.1 0 0
4 0.1 0.01 0
5 0.001 0.01 0
6 0.001 0.15 0
7 0.3 0.15 0
8 0.3 -0.15 0
9 0.001 -0.001975927933385135 0
10 0.001 -0.004316256013780134 0
11 0.001 -0.007088187658059075 0
12 0.001 -0.01037131819362999 0
13 0.001 -0.01425992370846299 0
14 0.001 -0.01886566535818021 0
15 0.001 -0.02432079809136348 0
16 0.001 -0.0307819648033581 0
17 0.001 -0.03843469980974754 0
18 0.001 -0.04749875198452988 0
19 0.001 -0.05823439712662898 0
20 0.001 -0.07094990793023156 0
21 0.001 -0.08601041139730242 0
22 0.001 -0.103848371926144 0
23 0.001 -0.1249760115156032 0
24 0.002979999999999997 0 0
25 0.004959999999999994 0 0
26 0.006939999999999991 0 0
27 0.008919999999999987 0 0
28 0.01089999999999998 0 0
29 0.01287999999999998 0 0
30 0.01485999999999998 0 0
31 0.01683999999999997 0 0
32 0.01881999999999997 0 0
33 0.02079999999999997 0 0
34 0.02277999999999998 0 0
35 0.02475999999999998 0 0
36 0.02673999999999998 0 0
37 0.02871999999999998 0 0
38 0.03069999999999998 0 0
39 0.03267999999999998 0 0
40 0.03465999999999998 0 0
41 0.03663999999999999 0 0
42 0.03861999999999998 0 0
43 0.04059999999999998 0 0
44 0.04257999999999999 0 0
45 0.04455999999999999 0 0
46 0.04653999999999998 0 0
47 0.04851999999999999 0 0
48 0.05049999999999999 0 0
49 0.05247999999999999 0 0
50 0.05445999999999999 0 0
51 0.05643999999999999 0 0
52 0.05841999999999999 0 0
53 0.0604 0 0
54 0.06237999999999999 0 0
55 0.06436 0 0
56 0.06633999999999998 0 0
57 0.06831999999999999 0 0
58 0.0703 0 0
59 0.07228 0 0
60 0.07425999999999999 0 0
61 0.07623999999999999 0 0
62 0.07822 0 0
63 0.08019999999999999 0 0
64 0.08217999999999999 0 0
65 0.08416 0 0
66 0.08614000000000001 0 0
67 0.08812 0 0
68 0.0901 0 0
69 0.09208 0 0
70 0.09406 0 0
71 0.09604 0 0
72 0.09802 0 0
73 0.1 0.001666666666666666 0
74 0.1 0.003333333333333333 0
75 0.1 0.004999999999999999 0
76 0.1 0.006666666666666666 0
77 0.1 0.008333333333333333 0
78 0.09802000000000001 0.01 0
79 0.09604000000000001 0.01 0
80 0.09406000000000002 0.01 0
81 0.09208000000000002 0.01 0
82 0.09010000000000003 0.01 0
83 0.08812000000000003 0.01 0
84 0.08614000000000002 0.01 0
85 0.08416000000000004 0.01 0
86 0.08218000000000003 0.01 0
87 0.08020000000000004 0.01 0
88 0.07822000000000003 0.01 0
89 0.07624000000000003 0.01 0
90 0.07426000000000002 0.01 0
91 0.07228000000000002 0.01 0
92 0.07030000000000003 0.01 0
93 0.06832000000000002 0.01 0
94 0.06634000000000002 0.01 0
95 0.06436000000000003 0.01 0
96 0.06238000000000003 0.01 0
97 0.06040000000000002 0.01 0
98 0.05842000000000002 0.01 0
99 0.05644000000000002 0.01 0
100 0.05446000000000002 0.01 0
101 0.05248000000000002 0.01 0
102 0.05050000000000002 0.01 0
103 0.04852000000000001 0.01 0
104 0.04654000000000002 0.01 0
105 0.04456000000000002 0.01 0
106 0.04258000000000001 0.01 0
107 0.04060000000000001 0.01 0
108 0.03862000000000002 0.01 0
109 0.03664000000000001 0.01 0
110 0.03466000000000002 0.01 0
111 0.03268000000000001 0.01 0
112 0.03070000000000001 0.01 0
113 0.02872000000000001 0.01 0
114 0.02674000000000001 0.01 0
115 0.02476000000000002 0.01 0
116 0.02278000000000001 0.01 0
117 0.02080000000000001 0.01 0
118 0.01882000000000002 0.01 0
119 0.01684000000000001 0.01 0
120 0.01486 0.01 0
121 0.01288 0.01 0
122 0.01090000000000001 0.01 0
123 0.008920000000000011 0.01 0
124 0.006940000000000002 0.01 0
125 0.004960000000000006 0.01 0
126 0.00298000000000001 0.01 0
127 0.001 0.1236188634830664 0
128 0.001 0.1018774871469819 0
129 0.001 0.08395986044188586 0
130 0.001 0.069193483064368 0
131 0.001 0.05702413059513133 0
132 0.001 0.04699505409802812 0
133 0.001 0.03872983381642116 0
134 0.001 0.03191825405874175 0
135 0.001 0.02630465412040195 0
136 0.001 0.0216783428837358 0
137 0.001 0.01786568070739583 0
138 0.001 0.01472356745995615 0
139 0.001 0.01213407082960891 0
140 0.2700999999999999 0.15 0
141 0.2401999999999998 0.15 0
142 0.2102999999999997 0.15 0
143 0.1803999999999996 0.15 0
144 0.1504999999999997 0.15 0
145 0.1205999999999998 0.15 0
146 0.09069999999999984 0.15 0
147 0.06079999999999991 0.15 0
148 0.03089999999999987 0.15 0
149 0.3 -0.12 0
150 0.3 -0.09 0
151 0.3 -0.05999999999999991 0
152 0.3 -0.02999999999999983 0
153 0.3 2.220446049250313e-16 0
154 0.3 0.0300000000000003 0
155 0.3 0.06000000000000041 0
156 0.3 0.09000000000000047 0
157 0.3 0.1200000000000002 0
158 0.03090000000000007 -0.15 0
159 0.06080000000000016 -0.15 0
160 0.09070000000000025 -0.15 0
161 0.1206000000000003 -0.15 0
162 0.1505000000000003 -0.15 0
163 0.1804000000000002 -0.15 0
164 0.2103000000000002 -0.15 0
165 0.2402000000000001 -0.15 0
166 0.2701000000000001 -0.15 0
167 0.001 0.008333333333333335 0
168 0.001 0.006666666666666668 0
169 0.001 0.005000000000000001 0
170 0.001 0.003333333333333334 0
171 0.001 0.001666666666666667 0
172 0.003891198477108573 0.00615543951030138 0
173 0.09706861663709185 0.006140406446874953 0
174 0.06963683863544196 0.003335869830441778 0
175 0.01023964834382282 0.003185163385482508 0
176 0.08993035186787979 0.00271018682910993 0
177 0.03794586613021242 0.003339695410606937 0
178 0.06285690437226354 0.006753477787143516 0
179 0.03124349956471767 0.00683033093904253 0
180 0.04955240711519589 0.00324306356457425 0
181 0.02202630939625405 0.006857056203484529 0
182 0.07753615233070389 0.003305937924558646 0
183 0.01924894336000594 0.003278993096074423 0
184 0.08271591204371684 0.006555853352126456 0
185 0.05743784815294042 0.003394620031519674 0
186 0.04319382980883599 0.006651223857102186 0
187 0.01437503757722657 0.00628062108784826 0
188 0.05376420517516682 0.006482129324401927 0
189 0.02626702330631439 0.00375460481337821 0
190 0.0749090850062346 0.006664318871757553 0
191 0.08538856107753293 0.003118650753528996 0
192 0.03398484448513463 0.003374064689544804 0
193 0.04575800931535209 0.003283320108657169 0
194 0.06696494042831307 0.00668417538470297 0
195 0.09405003920104033 0.003384549273450629 0
196 0.006762315989902894 0.003472768736347161 0
197 0.007095025333059286 0.006792167692159598 0
198 0.09379221703844393 0.006750953029518789 0
199 0.08964045444380375 0.00630330801080897 0
200 0.01107720112141337 0.006364966443707643 0
201 0.06565166554759665 0.003345989537421216 0
202 0.0147382374591993 0.002678013181540027 0
203 0.03002946158627836 0.00348676606989078 0
204 0.086323547605824 0.006302567769678647 0
205 0.03529219196953425 0.006710559201882443 0
206 0.07095261328959725 0.006671526798627331 0
207 0.03926199862436013 0.006675503963124907 0
208 0.06159217754293173 0.003380405164363476 0
209 0.05054010925279383 0.006399845245731929 0
210 0.02662685062668388 0.007349675466371748 0
211 0.04188177859714317 0.003318722211879418 0
212 0.07359390010725542 0.003328315739717119 0
213 0.02294395747277141 0.003671795150756514 0
214 0.0788482316258439 0.006640327510512278 0
215 0.05817747178669168 0.00718754578719458 0
216 0.01808434534373734 0.006599126040420461 0
217 0.05338410837391635 0.003289252687497718 0
218 0.04702622043913659 0.006589032725461949 0
219 0.08144829837354295 0.003244579264011895 0
220 0.09697413196299817 0.003417427784689928 0
221 0.09664042744955501 0.008200344542641055 0
222 0.004328198837039547 0.008210757190931795 0
223 0.003973606985946426 0.003447973860262273 0
224 0.08905416970384761 0.001406451914950284 0
225 0.09103417082648221 0.001406451969649804 0
226 0.09005670451207853 0.0009264304645979007 0
227 0.01389585217436575 0.007875915521656904 0
228 0.01271402528956669 0.006224672652106397 0
229 0.01169758653781972 0.00791751157375801 0
230 0.01277410051708652 0.007415182851098438 0
231 0.05342873065197772 0.007987936164614252 0
232 0.05211115670135406 0.006349475478061898 0
233 0.05127227762903938 0.007990156316170303 0
234 0.05227017679001198 0.00750651705905774 0
235 0.02578491724015785 0.002147165109242387 0
236 0.02358388289357883 0.00210678444891438 0
237 0.02458752012680443 0.003812199902305033 0
238 0.02465644597048154 0.002611256538026227 0
239 0.004722178955825856 0.009097152276928476 0
240 0.002948640258119396 0.008771282967014888 0
241 0.003505045201007556 0.009330060835075704 0
242 0.09803800830319964 0.008766786655113056 0
243 0.09625296870972053 0.009087783056648847 0
244 0.09748227324276516 0.00932568540648702 0
245 0.0891684066283957 0.0078870546067438 0
246 0.08796000460761887 0.006206954897694803 0
247 0.08696035639651126 0.007880167265808055 0
248 0.08803194501932596 0.007400796963601403 0
249 0.02768099036510927 0.008633674777570205 0
250 0.02570098914360103 0.008633674785594686 0
251 0.02670591508079213 0.009098188235417044 0
252 0.01381719929167659 0.001376546889529014 0
253 0.01579720048859275 0.001376546903948724 0
254 0.01482326504489419 0.0009093535762998515 0
255 0.05930315614382685 0.008556255821522717 0
256 0.05732315495514238 0.008556255768288355 0
257 0.05834614467219335 0.00904572395985704 0
258 0.006193419379592752 0.001996922344559697 0
259 0.004230397565631476 0.00200102581391638 0
260 0.005340713083604919 0.003530917121157264 0
261 0.005245263784612486 0.002437245331821863 0
262 0.09468186219126616 0.001931979239624388 0
263 0.09555617225213955 0.003477950176793167 0
264 0.09672073766607585 0.001965978411038024 0
265 0.09566735223298629 0.002390203985623171 0
266 0.005288692517679425 0.006218985328599377 0
267 0.003997801768401407 0.007267574541273074 0
268 0.005646133140164079 0.007720975492925492 0
269 0.005022091008498819 0.007058978059967366 0
270 0.09563730797129798 0.006190531845867605 0
271 0.09530029388410843 0.007700479804878089 0
272 0.09696868213582799 0.007257981636961008 0
273 0.09592290364706646 0.007039180017892135 0
274 0.04253057609471045 0.004982472450144011 0
275 0.03991789498831146 0.003329767546638548 0
276 0.03860103734471956 0.005008810682972685 0
277 0.04123380135621034 0.006664279844148406 0
278 0.04057147285692657 0.0049964485242015 0
279 0.02249558449904605 0.005258168945210881 0
280 0.02117037746790949 0.003466381805070636 0
281 0.01864250874686834 0.004929674719339477 0
282 0.02003080551849991 0.006730777712466027 0
283 0.0205817804195649 0.00509932572926242 0
284 0.0553763319999605 0.003350068015223347 0
285 0.05367912331898871 0.004915730399794231 0
286 0.05568341349308477 0.006733637245923536 0
287 0.05783959753586635 0.005159150317024247 0
288 0.05566963655696336 0.005055364488950265 0
289 0.01617374143431054 0.006442604242039645 0
290 0.01717913343014177 0.003078387414102209 0
291 0.01459280243756379 0.004617989155788752 0
292 0.01663818608271189 0.004746347268469821 0
293 0.07688243260625399 0.00665540552058341 0
294 0.07818745832525986 0.004968435663517554 0
295 0.07556707118372531 0.003320000408128218 0
296 0.07425011129917686 0.00499530061216517 0
297 0.07622206593965125 0.004985210583984619 0
298 0.02412529567701964 0.007003321540256052 0
299 0.02648431743204093 0.005421381274899706 0
300 0.02444103883778558 0.005386784383051763 0
301 0.08079751006421997 0.006610246933431146 0
302 0.082068089494559 0.004885814118985607 0
303 0.07949547081043069 0.003281733176471278 0
304 0.08013771002907265 0.004937144787006493 0
305 0.07029341281553977 0.005004199423180228 0
306 0.07293259800662026 0.00666826317829234 0
307 0.07161648543040247 0.003332799568147279 0
308 0.07227344009631639 0.005000362457638354 0
309 0.0306241215080661 0.005182138143156186 0
310 0.02808869745738537 0.003607980455622835 0
311 0.029107025812523 0.006975767109296954 0
312 0.02856719959076877 0.005316515871863794 0
313 0.06067327783187831 0.006856412293133075 0
314 0.06219874407196341 0.005077219002086387 0
315 0.05951521900409321 0.003401148236935821 0
316 0.06004663510136612 0.005141913154632384 0
317 0.01227159440244826 0.00302760785019213 0
318 0.01067551298166818 0.004784070343347896 0
319 0.01258082207499451 0.004649862662668779 0
320 0.05003303651013564 0.004838883087758329 0
321 0.05144311492340922 0.003251830296872011 0
322 0.05181949723957364 0.00484239083203805 0
323 0.00928982900310741 0.006575360249246113 0
324 0.008396136901095426 0.003331879190076129 0
325 0.007040941250997933 0.004995181200705107 0
326 0.008830409191081294 0.004932961520110832 0
327 0.08981221680418203 0.004645620766523634 0
328 0.09150396909036933 0.006510604249016404 0
329 0.09377736974850528 0.004918731248201595 0
330 0.09224718391934028 0.00315532756035114 0
331 0.09184371822560747 0.004801445038706218 0
332 0.04885000525235599 0.006515612675159667 0
333 0.04766070237461922 0.00325962216151921 0
334 0.04637032108556254 0.004928096139383749 0
335 0.04822556434420044 0.004882365394460266 0
336 0.06493474086147737 0.006706586094959987 0
337 0.06630153278951413 0.005018168268123835 0
338 0.06363219472997 0.003360546480405452 0
339 0.06426916685659415 0.005039721701453154 0
340 0.03596670514819535 0.003352873741126156 0
341 0.0346349590891466 0.005049656794179075 0
342 0.03728130886564315 0.006688949776842621 0
343 0.03662129269897106 0.005024636063414699 0
344 0.09845196655639313 0.003346853191844938 0
345 0.09703401939511827 0.004833178280956791 0
346 0.09850818752839624 0.006349710432320689 0
347 0.09850835854908138 0.004884179617429765 0
348 0.00391390490099059 0.004856673704273064 0
349 0.00252852660503175 0.003360468176415485 0
350 0.002473263680461628 0.006356789071917963 0
351 0.002469799892967028 0.00489484213302275 0
352 0.08747096016223854 0.003014376942981326 0
353 0.0858656839997587 0.004712946241549494 0
354 0.08779588902831106 0.004631651342045957 0
355 0.0845753091092627 0.006453097906601014 0
356 0.08340117937967603 0.00319097865057533 0
357 0.08397407159308989 0.004808361195925637 0
358 0.04512985123035582 0.006628988979089124 0
359 0.04382855725033387 0.003303630176256376 0
360 0.04446590390405352 0.004961000978116538 0
361 0.06896444785711157 0.006675514137004225 0
362 0.06764836059399867 0.003339684733995315 0
363 0.06830310722366918 0.005009070789360767 0
364 0.03328645062099418 0.006753218750213194 0
365 0.03200163717267111 0.00341585342306951 0
366 0.03263769714190697 0.005098850700193697 0
367 0.06358237992470561 0.008391844528528062 0
368 0.06763693190562173 0.008344939501353753 0
369 0.06562545407695779 0.008359797037787511 0
370 0.03333350739664943 0.00169049547984868 0
371 0.0372921338493462 0.001670156636298297 0
372 0.03531315987781771 0.001678012108669475 0
373 0.04904328789743941 0.001627293390406265 0
374 0.04515666295244993 0.001641723703664761 0
375 0.04710096170714536 0.001632178449146275 0
376 0.08480814652407537 0.001549510120793157 0
377 0.08688124448276818 0.001480876895432144 0
378 0.06500344016098547 0.001673632973684857 0
379 0.06897802418587796 0.001667820750051061 0
380 0.06699315454262533 0.001670102430059168 0
381 0.03596134430025571 0.008359749045534147 0
382 0.03193435536728072 0.008431869028732102 0
383 0.03396191518518565 0.008385085112561405 0
384 0.09281553228304359 0.008475115331359183 0
385 0.09461791535239306 0.008786698634877363 0
386 0.008123458573256102 0.008495317729491476 0
387 0.00634655476756936 0.008799348759797775 0
388 0.04774829008994397 0.008281245652184797 0
389 0.04387129188014222 0.008323799494673094 0
390 0.04582360934332252 0.008309341052530769 0
391 0.08341684022139338 0.008262481774228541 0
392 0.08529288782972869 0.008173347048217962 0
393 0.07161468059258917 0.008336369179834213 0
394 0.07557310165922465 0.008331921248243402 0
395 0.073595100743585 0.008334353591842449 0
396 0.04123860178532832 0.001658448988029844 0
397 0.03926751827468707 0.001664509831361569 0
398 0.02939408500008845 0.00175767038901154 0
399 0.02748413572755467 0.001853032505647357 0
400 0.08082721691009689 0.001618562899022879 0
401 0.07688716989002151 0.001650661590251043 0
402 0.07885741955954884 0.001637778783324887 0
403 0.03992880284527868 0.008338674649592195 0
404 0.04190386169973067 0.008331906343856003 0
405 0.06099374417221479 0.001688017859904761 0
406 0.05695206543372613 0.001687749646960705 0
407 0.05897184860328054 0.001693445297463014 0
408 0.09301267064460343 0.001588959447311298 0
409 0.009642228506392951 0.00159218904544116 0
410 0.007768058497573373 0.001707040940749035 0
411 0.01997686042607778 0.001638997818645893 0
412 0.0179310145972048 0.001511559149850584 0
413 0.02144928895661839 0.008436309799313771 0
414 0.02352929514229813 0.008529713593979651 0
415 0.05522558203702579 0.008353778985039169 0
416 0.05295267209498482 0.00164772662967327 0
417 0.05098726064045236 0.001631941032385501 0
418 0.01748461693222324 0.008289686369565568 0
419 0.01558551512846659 0.008176633673270529 0
420 0.02984257248656088 0.008521617986334305 0
421 0.06147333193855972 0.008462452211647556 0
422 0.01167140564531759 0.001487570807487746 0
423 0.07293689080478355 0.001663245432047022 0
424 0.07095821491073667 0.001665982071367159 0
425 0.07951984546170597 0.008317529628651297 0
426 0.08147971978199318 0.00829872300131404 0
427 0.09549379538132295 0.004879178862880639 0
428 0.005406429529140437 0.004922910766323558 0
429 0.009999216185513166 0.008262183149012578 0
430 0.0379481220512252 0.008346690801211455 0
431 0.06300311629391082 0.001680393819812845 0
432 0.06962966846128112 0.008339024839630754 0
433 0.04320144130521768 0.001650896145344734 0
434 0.03135641766004122 0.001714801183336924 0
435 0.08280331049249692 0.001590392787507916 0
436 0.09090302656747312 0.008234124396485088 0
437 0.02189911977491825 0.001779211953229953 0
438 0.01944422191577863 0.008364277063937511 0
439 0.05493880608963856 0.001670550964420571 0
440 0.07491305968814917 0.001658553462902942 0
441 0.07754892640604263 0.008326612116164811 0
442 0.04960844633386275 0.008213499418531786 0
443 0.09839975602948484 0.007702067977587651 0
444 0.00258407017849014 0.007707335109166406 0
445 0.0982845819374723 0.001723841694192141 0
446 0.002699980204799515 0.001734911522253013 0
447 0.05790027800210507 -0.004065503665930809 0
448 0.07744386764392287 -0.003635118256999871 0
449 0.04420348653494909 -0.004222630216239953 0
450 0.06902456823416794 0.01377049137078557 0
451 0.08517236003229275 0.0135795593655666 0
452 0.05404926423880779 0.01314525445984112 0
453 0.03178865807736313 -0.003957773434108689 0
454 0.04385395334113019 0.01355719458441116 0
455 0.03001415841245558 0.01422404182974971 0
456 0.01888220348585334 -0.06494035526447248 0
457 0.01989377827900976 -0.004131138213023648 0
458 0.02158608048124186 0.06017108153948748 0
459 0.01802564415400426 0.01351316853317899 0
460 0.01104730620746752 -0.02252240322407327 0
461 0.243395175476142 -0.003007364210397605 0
462 0.0511686908802402 -0.004303845326987998 0
463 0.06558921959125051 -0.003564443421739153 0
464 0.06089670709926068 0.01404111318601448 0
465 0.0848074337157881 -0.00312749113094554 0
466 0.07675071714393063 0.01426347399209412 0
467 0.01160661561460069 -0.00410850975922804 0
468 0.1359645339434088 -0.1055371058325347 0
469 0.01044738651403487 0.01400117741161537 0
470 0.1456713692416605 0.1028857548164387 0
471 0.009464958989268135 0.02525624104787149 0
472 0.01079876440050778 -0.01475349419528563 0
473 0.01876401877928388 -0.01846045963325985 0
474 0.01919822045638342 -0.03007254082925358 0
475 0.02647000211518838 -0.02302676777924556 0
476 0.02791499048809108 -0.03690947954886462 0
477 0.03456629838803214 -0.02781893552212978 0
478 0.03990548461508764 -0.0445174198418582 0
479 0.03865951646766025 -0.01777607502677574 0
480 0.04565967775841984 -0.0226600578721295 0
481 0.02807713576434773 -0.01504140480320032 0
482 0.04637767280223322 -0.01340530991397675 0
483 0.05268229813526924 -0.01909266447237966 0
484 0.05410067917462263 -0.02736046451419385 0
485 0.005960329121735969 -0.006644604194549269 0
486 0.006866508749485384 0.01876649195242283 0
487 0.01454133767788252 0.02096205604448333 0
488 0.01378910069698902 0.03029076631344765 0
489 0.01896336721866723 0.02509384100156764 0
490 0.02395058193029534 0.02989196113781466 0
491 0.02874180106800694 0.02516616473442425 0
492 0.03175743461140931 0.03313202605179218 0
493 0.03948199457498081 0.02712670216424285 0
494 0.04591914828652958 0.03231564432891596 0
495 0.04954780116240098 0.02608396349162315 0
496 0.05457632529339419 0.03538941784301457 0
497 0.051465202968366 0.04616904574151198 0
498 0.06525720030046452 0.04894889769838077 0
499 0.04511138664429055 0.0595417742874985 0
500 0.06433744931696224 0.06858261307396485 0
501 0.08055141104462102 0.04790633994022298 0
502 0.08353472408643321 0.06409080898124306 0
503 0.09502293964108931 0.04435546133078173 0
504 0.05556104971205207 0.02736188450309447 0
505 0.09024980473123889 0.03298607664547919 0
506 0.1075171398407255 0.03599694285222831 0
507 0.09668562158302574 0.0147822887115935 0
508 0.1023522077201131 0.01426840429214811 0
509 0.1171368861783051 0.05042407314836896 0
510 0.1222955348674685 0.03145805254314706 0
511 0.103708970040829 0.008810698425068177 0
512 0.1077121369536548 0.01123553650738343 0
513 0.1090597959799178 0.005417929571963681 0
514 0.1332934923164352 0.04309497312711008 0
515 0.1349541943773594 0.02833854972730277 0
516 0.1526478613773252 0.0450707516525921 0
517 0.1520201198839216 0.02609119552647678 0
518 0.1760429334682451 0.04848395499699285 0
519 0.1448862735911853 0.00898327941546272 0
520 0.1637358677276887 -0.0005791517078181706 0
521 0.1529841591368484 -0.01618326763897379 0
522 0.1825352603355139 -0.02536837129266912 0
523 0.1003165379369291 0.01868917904439958 0
524 0.09319557419390362 0.01750501927450161 0
525 0.04990951157064394 0.08849055707442414 0
526 0.1292956641580942 0.01554872682704603 0
527 0.1325351508035089 -0.006796210905546334 0
528 0.1415908009327685 -0.03097192934975141 0
529 0.1119246664395583 -0.02446805743930056 0
530 0.1182039158667761 -0.03374081258404135 0
531 0.1005561826505589 -0.02701994176540179 0
532 0.1058204233206158 -0.04472625018233729 0
533 0.08296799802172328 -0.04097444468790603 0
534 0.07605616144670281 -0.06025886441244518 0
535 0.1005554977799815 -0.07522745186700278 0
536 0.08558790755235401 -0.02241731163403101 0
537 0.1550123840839975 -0.04425631882827145 0
538 0.1873942593921004 -0.05678503157654419 0
539 0.06215966984093639 -0.01977139075328507 0
540 0.1224379789110596 0.06366819042376583 0
541 0.09333608354302247 -0.01672148011528268 0
542 0.09431124750910434 -0.004473132947046754 0
543 0.07802665851371796 0.03285202728916455 0
544 0.0253113197316005 0.04231125331457715 0
545 0.009191164647225303 0.03627914691610282 0
546 0.08190368789276443 0.02388337803423899 0
547 0.02117139911422083 -0.01287329153972609 0
548 0.08133327594624554 -0.08977493992351221 0
549 0.06456715171354305 -0.07910447434375616 0
550 0.01848799016270847 0.09034238111717213 0
551 0.03500451891168527 0.108594980138544 0
552 0.2018577758116057 0.09103736104124781 0
553 0.03876390263569683 -0.009351711883137407 0
554 0.03036079391528669 -0.08249950846911802 0
555 0.2269048794653687 -0.04021311330584995 0
556 0.2104632568962802 -0.0706329369360751 0
557 0.1109580740870827 0.1126494235501179 0
558 0.07225705917203695 0.02424147546915201 0
559 0.0968484349157786 0.02342586546369511 0
560 0.06208721524691604 -0.01313300426857985 0
561 0.06919300587776031 -0.01587593488329014 0
562 0.2505948439589705 0.04236279273913256 0
563 0.06017112662323962 -0.04961165156658663 0
564 0.0276253616272599 -0.00857019699855573 0
565 0.2035290137114059 0.01129898524472371 0
566 0.01749934799660011 -0.04746196003739227 0
567 0.1158394049054997 0.01982539927705487 0
568 0.05566352768639002 -0.01024304230780609 0
569 0.1077553264204835 0.01684202824414474 0
570 0.01528929557258971 -0.008854102469094583 0
571 0.08516583697665055 -0.01267535503636634 0
572 0.06439867663275542 -0.03288702630463607 0
573 0.03471453814934958 0.02021195605902903 0
574 0.05344656286734195 0.02121740242626982 0
575 0.04812416992912119 0.01812181361491781 0
576 0.0600004493952761 0.01871246099266203 0
577 0.05180593626011901 -0.09997833065227943 0
578 0.256857108299521 -0.05599749833414103 0
579 0.1143935027963166 0.01203121673555249 0
580 0.03197292629738692 -0.007662355859128815 0
581 0.1192068480086176 0.004961208618123288 0
582 0.1126223619293885 -0.003621363143166791 0
583 0.007947343485274566 -0.003528506201961594 0
584 0.02391419313829049 -0.004093924801443457 0
585 0.01577865511977253 -0.004254453281595499 0
586 0.02793387091878437 -0.004078681526461543 0
587 0.09925914636573482 -0.005112104724777456 0
588 0.007785478539727525 0.01419696176856347 0
589 0.03573311369789339 -0.004913676872593824 0
590 0.04806172865557784 -0.003951375373681372 0
591 0.04917010610506997 -0.008245342271268113 0
592 0.04012857612647587 -0.004297696446078018 0
593 0.08878645054211343 0.02459354365055071 0
594 0.05435495896574929 -0.004641883982792443 0
595 0.06172485363131795 -0.003831644334452874 0
596 0.02260578809905348 0.01306757266181278 0
597 0.0140486449782225 0.01430023491526124 0
598 0.03482746098215771 0.01356259518928941 0
599 0.02654244366009169 0.01399271152707337 0
600 0.08947675227308416 -0.003103718681729678 0
601 0.04787007197795548 0.01357590501973263 0
602 0.04004867856904908 0.01368056127579751 0
603 0.04204971803014214 0.01765811107975828 0
604 0.06909279584094695 -0.003560258379041774 0
605 0.05084601875815914 0.0132343926523101 0
606 0.1083794805944653 -0.1008607461385828 0
607 0.1345376536524058 -0.07393702227092804 0
608 0.06504604268144848 0.0141020999667297 0
609 0.05672165818703874 0.01422109323568299 0
610 0.07254307356407279 0.01383565399396923 0
611 0.07699730129529946 0.01989532313233437 0
612 0.08225807473412905 0.01864088742808039 0
613 0.08139269302164745 -0.003262207931162242 0
614 0.0786103109043889 -0.007643076494009683 0
615 0.07421349578803502 -0.008013034770739853 0
616 0.07812702369676908 -0.01307016558451062 0
617 0.07319082502940176 -0.003774675211860139 0
618 0.08118661048226748 0.01409147264388734 0
619 0.06546993644962372 0.01879457774802618 0
620 0.0885665242247699 0.01345486004303044 0
621 0.04553560324030838 -0.03130102949785728 0
622 0.06827736423976959 -0.007712725745174444 0
623 0.03323389357856238 0.05049295461736332 0
624 0.1671009673113814 0.07784308329394905 0
625 0.2085136283780144 0.04858310582089805 0
626 0.07345657434916208 -0.02367765172134848 0
627 0.2481016445186883 0.09391251081130497 0
628 0.09195198024037793 -0.01034203089367858 0
629 0.0241336360213146 0.01870358097814738 0
630 0.03761527590467839 -0.1175385560541435 0
631 0.1050943750420041 -0.007044488496883525 0
632 0.1086728405267068 -0.01514421373221138 0
633 0.174014632797782 0.02115278385862427 0
634 0.06821510119344391 0.1092916937423512 0
635 0.0454697128821922 -0.06269619378270409 0
636 0.1061167590545374 0.0002370286016207539 0
637 0.1856047799464431 -0.1004896061585889 0
638 0.2427001507255099 -0.09554963399159171 0
639 0.1035316774682159 0.005240437956094995 0
640 0.01636596643939892 0.04736002463036311 0
641 0.01274841148147424 -0.03576221404647448 0
642 0.01765506181291795 0.01705229092112422 0
643 0.08206918243460425 0.08202160427370453 0
644 0.1061434564935515 0.084373098805636 0
645 0.02327812970938409 -0.008306622623175809 0
646 0.04428017405850926 -0.008840647347419125 0
647 0.06527620331884638 0.03585214520304284 0
648 0.1057993287995202 0.02318465462857642 0
649 0.09231315866711629 0.01368310886113575 0
650 0.06388162929134951 0.02525790309817462 0
651 0.09908920770979414 -0.01027077831465219 0
652 0.03364804499135378 0.07432117189885107 0
653 0.04071928339410709 0.04064398157001455 0
654 0.006125731308632004 -0.01348590614435865 0
655 0.118234112262503 -0.01122140757972396 0
656 0.0176450969587697 0.03693429088022434 0
657 0.02993924264074389 -0.05546868818196903 0
658 0.1307762028458956 -0.04685473602942532 0
659 0.01957877917853368 -0.008294323824961813 0
660 0.104211361965801 0.0611456378722325 0
661 0.05894781335018628 -0.007289765317181248 0
662 0.02978990609709942 0.01758165603250652 0
663 0.009890832652679649 -0.009364777294009082 0
664 0.1287958229357748 0.07933734364158407 0
665 0.0528467921111434 0.01562528444299045 0
666 0.1000152693403102 -0.01716990775551185 0
667 0.05220492484730507 -0.04013088232608136 0
668 0.097505092327831 0.03075403050175 0
669 0.04466421111848366 0.02259297883400022 0
670 0.141645164251921 0.0627720656083544 0
671 0.08768319526029077 0.0176083535723515 0
672 0.062594240744989 -0.008022672912779935 0
673 0.004870483517572549 0.01437886463521132 0
674 0.03386749748374854 -0.01218489274412213 0
675 0.004763190007897961 -0.003628595086637194 0
676 0.1654694112892444 -0.06742456301241506 0
677 0.03138503825986645 -0.01926568869358059 0
678 0.01154608162089382 0.0172565950676521 0
679 0.08386600511987154 -0.006729756708077985 0
680 0.0159466850100885 -0.01378537149660294 0
681 0.08410554365212274 -0.1153533512325379 0
682 0.07099513839722796 0.01799999654383562 0
683 0.1248641646568215 -0.02192774887883983 0
684 0.08832687731701036 -0.006721111156179639 0
685 0.06078503630157978 0.01607202957149604 0
686 0.05895411034406502 0.01402349050648996 0
687 0.05795073374998605 0.01646196679730724 0
688 0.05923265494826681 0.0155685672347124 0
689 0.03693013282281152 -0.007184727997792102 0
690 0.03816796607671284 -0.004421920806583286 0
691 0.03974664756492213 -0.006484202160618171 0
692 0.03825418672871406 -0.006079251358081697 0
693 0.2004909252612816 -0.08336863283285251 0
694 0.2248245407174667 -0.08026278274817614 0
695 0.2138050539295817 -0.1033899511047647 0
696 0.2132402936709578 -0.08922591499327405 0
697 0.006670642244973213 0.04043715707736382 0
698 0.005885159870409579 0.03452065145179959 0
699 0.004230416127615627 0.03806950550523661 0
700 0.03166181999842585 -0.0057834751378355 0
701 0.03359846759435514 -0.004142821763697749 0
702 0.03384146052845211 -0.006680739738098941 0
703 0.03306535692595078 -0.005522809072958189 0
704 0.007576527665570709 0.01604754805457923 0
705 0.006420370211065535 0.01416381443092448 0
706 0.005338732872776919 0.01649693419928493 0
707 0.006459944076700724 0.01564727874481524 0
708 0.05497574387628909 0.01334627696527618 0
709 0.05358611998029011 0.0138915672928199 0
710 0.05498357904041647 0.01536992879778137 0
711 0.05453113474641508 0.01421231252362251 0
712 0.005917003272216531 -0.02085372020698829 0
713 0.007164778882783246 -0.02670655949820146 0
714 0.004567695348033946 -0.02399129332516783 0
715 0.01012014740182776 0.09755556237002902 0
716 0.01182870255872093 0.08074814511927079 0
717 0.007353083221098761 0.08730547907545158 0
718 0.004046965934357216 -0.01214201157347721 0
719 0.004485748775959086 -0.01579329830622498 0
720 0.003005090212333666 -0.01412867754797226 0
721 0.06355626008191255 -0.04272710194119721 0
722 0.05534362535612279 -0.04485487060505813 0
723 0.05708228937572499 -0.03713832324026161 0
724 0.05876530311040326 -0.04129701894789231 0
725 0.05235112274119921 0.02712901535021033 0
726 0.05502361468931051 0.02429147174214081 0
727 0.05119979540796897 0.02370705750922306 0
728 0.05286360251345507 0.0249908193138992 0
729 0.01193516882641091 0.01391308654932701 0
730 0.01081845527451281 0.0156068552552152 0
731 0.01294869274348576 0.01606506563276145 0
732 0.01193789160186323 0.01518846852481769 0
733 0.02669532716804729 -0.0186654880999169 0
734 0.03032133404937051 -0.01763907014562453 0
735 0.02986250138553238 -0.02127789539280682 0
736 0.02885451300862775 -0.01917910846041633 0
737 0.06180280890726052 -0.01614479754683114 0
738 0.06512527109456848 -0.01409253355728904 0
739 0.06572279958119658 -0.0186869468257739 0
740 0.06431646685639554 -0.01627829183215035 0
741 0.008315819000962094 -0.01447685014244539 0
742 0.007650737216649939 -0.01145279901948622 0
743 0.01059747642404688 -0.01218297019644422 0
744 0.008880512903422705 -0.0126414704864721 0
745 0.05047981099125337 0.01987762744467329 0
746 0.05336378619719906 0.01811498744149633 0
747 0.05066942815609064 0.01681869125998463 0
748 0.0514995315058069 0.01828269771778463 0
749 0.04275411260780565 0.09753228199185945 0
750 0.04842237628461224 0.1123871533803547 0
751 0.05913479278580483 0.0977907190198674 0
752 0.05041280156191855 0.1023850650144302 0
753 0.07927573261484105 0.02244407325969532 0
754 0.08241303428010067 0.02110165744441005 0
755 0.07989446768870509 0.01901924506627188 0
756 0.08048741497418055 0.02082666091975626 0
757 0.114348100848992 -0.02921770269521248 0
758 0.11733637422114 -0.02300873593052686 0
759 0.1223083970916963 -0.02906931389659349 0
760 0.1180758006211265 -0.02695158284257156 0
761 0.02623905641996328 0.02729828701841461 0
762 0.02698862809928083 0.03185741747430584 0
763 0.03046367783840266 0.02830108618527931 0
764 0.0279908502088321 0.02922271941383282 0
765 0.0214854318533548 0.0113750993121944 0
766 0.02364454433104102 0.01150009654698927 0
767 0.02266627408421945 0.01098018575198509 0
768 0.07349412646087615 -0.1308502231404088 0
769 0.1004166960728969 -0.1298917589760678 0
770 0.0882651928687857 -0.1376214109614065 0
771 0.03340305304652637 0.01161585749939744 0
772 0.03576086587992422 0.01181876533908223 0
773 0.0346487482464642 0.01116163106089458 0
774 0.04511684606853951 0.01783057860966331 0
775 0.04300089783709433 0.02047171406773834 0
776 0.04653999323620883 0.0206101878848395 0
777 0.0448970270307651 0.01957333380881264 0
778 0.1262858401119027 0.03692862682919012 0
779 0.1354645794548205 0.03496716155101906 0
780 0.1283159500014006 0.0295262753642524 0
781 0.130084999667917 0.03397155557883354 0
782 0.02044605946407999 -0.01605829886995895 0
783 0.01689708387929509 -0.0161608687521456 0
784 0.0183013263377102 -0.01327454694868923 0
785 0.01856800203795525 -0.01513209734156664 0
786 0.03916686077348897 -0.01294368189712089 0
787 0.0354786474028414 -0.01456885024925091 0
788 0.03611583742577751 -0.01089603090401679 0
789 0.03698451331992 -0.0129200261254451 0
790 0.09114970865545199 -0.001468154322515048 0
791 0.08876006484599164 -0.001609115171608836 0
792 0.08996145064981578 -0.001029765080108035 0
793 0.0630187423301663 0.01878801800537895 0
794 0.0612904548267514 0.02196872642891483 0
795 0.06522661854928127 0.02148369235035686 0
796 0.06317085662812444 0.02081620831365852 0
797 0.1580768951392996 -0.008575535600172912 0
798 0.1730069787777164 -0.008427423870114243 0
799 0.1643851381453366 -0.02074748460198228 0
800 0.1656157106417777 -0.01311209876443962 0
801 0.04200268643109344 0.01352626243122468 0
802 0.04043474300205198 0.01556157697044372 0
803 0.0432039566652286 0.01538837379173973 0
804 0.04190663867943197 0.01487273671427456 0
805 0.09506176987924997 0.01655315880443453 0
806 0.09422303516680464 0.01396676455190778 0
807 0.09253619002452412 0.0154961146756995 0
808 0.09398107830471768 0.0153261217162813 0
809 0.00997776969508643 0.01229778334943464 0
810 0.008093967432218019 0.01237682882342491 0
811 0.009115849573430784 0.01420439081843876 0
812 0.00905596226085803 0.01287699856164339 0
813 0.05161547946442112 -0.002452385997187664 0
814 0.05372195922741035 -0.002578084941959507 0
815 0.05270400248897199 -0.00465434035409876 0
816 0.0526785986173149 -0.003139515634792586 0
817 0.1237301180229621 -0.009028202109950147 0
818 0.1301559352927683 -0.01535855191041078 0
819 0.1209671493758386 -0.01580016344548277 0
820 0.1250252147013687 -0.01334918224640158 0
821 0.00720105985439462 -0.005133487649548707 0
822 0.005059488364697107 -0.005247958496527499 0
823 0.006380616388235644 -0.003417774119645645 0
824 0.006211068570932538 -0.004599191787450782 0
825 0.0856560048603846 -0.01616782677594632 0
826 0.08069004137751754 -0.0173789952323904 0
827 0.08207257922071286 -0.01301964829000296 0
828 0.08285921281381563 -0.0157157948137678 0
829 0.1245575148591332 0.07099455975975572 0
830 0.1366559521554031 0.07326205809129026 0
831 0.1304732982298147 0.06290037576432819 0
832 0.1307191458309026 0.06891945709694405 0
833 0.04314505308261672 -0.05244146719887201 0
834 0.03583192695186045 -0.05951506364709575 0
835 0.03416906426685219 -0.05027681102386308 0
836 0.03797121029915151 -0.0541148067247026 0
837 0.02965921030322052 0.01238313425559778 0
838 0.02735100964008896 0.0122850159231305 0
839 0.02819254113146356 0.01424829427027662 0
840 0.02841489475229875 0.01288603339801985 0
841 0.101800493006619 -0.005654237556418935 0
842 0.1019940098959756 -0.009369819266982255 0
843 0.09893097283394431 -0.007586838202453695 0
844 0.1009793361778979 -0.007511461327468097 0
845 0.04967845405699993 -0.00398196156608093 0
846 0.05063525303032469 -0.006126548301272504 0
847 0.04826241128147553 -0.005856533110647924 0
848 0.04950365222962801 -0.005379418917131919 0
849 0.1490093564275023 -0.03649274086973914 0
850 0.1440231017523632 -0.0475366286252715 0
851 0.1364478677295679 -0.03778544968457486 0
852 0.1429062322384004 -0.04066116273805213 0
853 0.01700676800583309 -0.0567270820030867 0
854 0.02464712190546706 -0.05154637582163969 0
855 0.02531734835372382 -0.06061807029820636 0
856 0.02220947211632177 -0.05615481373270852 0
857 0.07642112699773236 -0.007767103683818175 0
858 0.0787691864687721 -0.0099062995739131 0
859 0.07537281294145465 -0.01032796430495891 0
860 0.07689623656498031 -0.009416057746272268 0
861 0.1108964181988962 0.01785328632144215 0
862 0.1069990131459213 0.01945761698267734 0
863 0.1110570562871807 0.02276535532881018 0
864 0.1096977053847321 0.02000628501018974 0
865 0.01612244336487725 0.01368114365029928 0
866 0.01578938522625176 0.01594753117414228 0
867 0.01817820173403362 0.01525999670811696 0
868 0.0166619548640051 0.01495589725454864 0
869 0.02484251420731887 0.01360462730278766 0
870 0.02287451352348893 0.01549588735765543 0
871 0.02564583291258635 0.01594863395695964 0
872 0.02445033112338588 0.01510068919258385 0
873 0.1048353878100894 0.01271876197100394 0
874 0.105112796306455 0.01583758579937131 0
875 0.1081502457784607 0.01432092426693778 0
876 0.105987815990657 0.01422075771609751 0
877 0.04821870337884837 -0.01118009373409962 0
878 0.04488442706210051 -0.0111613496266377 0
879 0.04651265209907388 -0.008479506262778738 0
880 0.04656012161327279 -0.01023607427130129 0
881 0.09936459869426756 0.01432931057359321 0
882 0.09845664964930839 0.01701202262066913 0
883 0.1015185963988544 0.01681482090207742 0
884 0.09977228095418753 0.01599502961989506 0
885 0.06731330727051921 -0.003469483501268717 0
886 0.06909215560614509 -0.0053723871676463 0
887 0.06645989986714922 -0.005375090934483806 0
888 0.06763861367318955 -0.00480998463529347 0
889 0.1015324000413457 0.006192146517772435 0
890 0.1016674181414956 0.003962648164681154 0
891 0.1011043648918643 0.005064832101840712 0
892 0.02138401230263381 0.04542112402882666 0
893 0.02191534259559963 0.0394064439895442 0
894 0.01634880971646227 0.04224237708214094 0
895 0.0198521628610315 0.04229361361875101 0
896 0.022705680102373 -0.01043227940450282 0
897 0.01996505573663507 -0.01032978040324771 0
898 0.02143433289395338 -0.008165117134116032 0
899 0.0213481391358076 -0.009702184879455815 0
900 0.07495899244715766 0.06542901547387384 0
901 0.0727009957068897 0.07738551350033078 0
902 0.08391055978636165 0.07262169159576828 0
903 0.07698477938341901 0.07170403898478198 0
904 0.07489535982704197 0.02253596506191858 0
905 0.07391086434487887 0.01885448205823499 0
906 0.07128773418353199 0.02120865775825568 0
907 0.07338782617357939 0.02080980521309317 0
908 0.1204585633217027 0.05689916095850145 0
909 0.1108278842075673 0.05427648969484573 0
910 0.1144902497582161 0.06383528673764569 0
911 0.1149986802577533 0.05835202500758181 0
912 0.09884736125003615 0.02057457954334583 0
913 0.1013392912379591 0.02426293769979811 0
914 0.1025626579022843 0.02042061532667447 0
915 0.100930619212171 0.02176790676944954 0
916 0.0868651652360389 0.01341504965378342 0
917 0.08596937243032367 0.01538022880473834 0
918 0.08848288982263913 0.01524379303672339 0
919 0.08712407795809807 0.01474454715470599 0
920 0.0113507928241767 0.03299385316143232 0
921 0.01278207171611234 0.03729515903934371 0
922 0.01577540759175605 0.0329598924431283 0
923 0.0133984426149136 0.03443022240398515 0
924 0.1434552958811035 0.04378214211502875 0
925 0.1367906924243757 0.05254068804994807 0
926 0.1494151424045065 0.05398317672671269 0
927 0.1430297827232384 0.05019882690834088 0
928 0.108290648759025 0.002873266120069808 0
929 0.1046035860727473 0.002918237416831095 0
930 0.1062516434899516 0.005462759635132742 0
931 0.106322988627808 0.003717879005907229 0
932 0.08307608845488088 -0.003111428919731379 0
933 0.08470951063804966 -0.004702885421858219 0
934 0.08253071135716948 -0.004975486839874992 0
935 0.08340602566754071 -0.004298630589430629 0
936 0.07075901005749334 0.01368330927109888 0
937 0.06960865325291422 0.01565657664740573 0
938 0.07220586626626406 0.0157353741237872 0
939 0.07086246171457027 0.01508056756781815 0
940 0.1092507445460404 -0.005766830609744945 0
941 0.1055442177472443 -0.003264853376311676 0
942 0.109644398915862 -0.001380081303501237 0
943 0.1080609550066595 -0.003463497852858001 0
944 0.04213107476804248 -0.03720571088868582 0
945 0.04938431007369898 -0.03589393063335423 0
946 0.04711786641652634 -0.04286925678099552 0
947 0.04608642569325908 -0.03861440944808194 0
948 0.1131984601933904 -0.03804480259359225 0
949 0.1234233309702333 -0.03879693848475003 0
950 0.1181047993811588 -0.04867319405292492 0
951 0.1181950339806638 -0.04184679460000621 0
952 0.1581443354834579 0.09169947349311908 0
953 0.1539309030605459 0.07032477787142992 0
954 0.1357921192077204 0.08960222790583817 0
955 0.1460376924397548 0.08110428318305374 0
956 0.01549052022760802 -0.01130912156806701 0
957 0.0175574426495487 -0.008585669210070311 0
958 0.01787027314052178 -0.01089781945751012 0
959 0.03275392091755872 -0.009812800787348232 0
960 0.03496050292398797 -0.008601255710402796 0
961 0.09467616744735895 0.03186777937951509 0
962 0.09732916562446106 0.0278306138336016 0
963 0.09253051292958393 0.02425396600735655 0
964 0.08929569149562255 0.02851495161147606 0
965 0.09340351349305011 0.02804564081130305 0
966 0.1834904012586065 -0.126254505803777 0
967 0.2422040451614748 -0.1240345832920268 0
968 0.2125293234058221 -0.1254064413062346 0
969 0.04016006120288608 -0.09129347660319524 0
970 0.04413719996331163 -0.1101865688167637 0
971 0.02336478079734094 -0.1132412971932599 0
972 0.0198004566329196 -0.09170820826864448 0
973 0.03124985270586547 -0.10140936437934 0
974 0.05930457772418778 0.02681745391799753 0
975 0.05689632736308933 0.02018010481623102 0
976 0.05817821191884021 0.02325893854012483 0
977 0.01345843824370535 -0.0144002363692798 0
978 0.01288937199369694 -0.009105326225065871 0
979 0.01304830756834865 -0.01172297672682931 0
980 0.0299562237649994 0.0161144276931559 0
981 0.03139141259675776 0.01856495726406891 0
982 0.03493572785905519 0.01652119905418329 0
983 0.03210998010062333 0.01406984883636559 0
984 0.03218755979860648 0.01633962882393505 0
985 0.06536572127857496 -0.1080354991235944 0
986 0.04481619376307042 -0.1290056596210162 0
987 0.05749413802529428 -0.1200820281492566 0
988 0.04783731634114777 0.01553969947920319 0
989 0.04584796710072603 0.01362966506093504 0
990 0.04548656801640444 0.01564217051488326 0
991 0.1152714058849698 0.1304771833072753 0
992 0.09078391526875829 0.1126102872272478 0
993 0.06522293382060283 0.1302963237552115 0
994 0.09037046794871431 0.130721987962169 0
995 0.004111938975341539 -0.008232145638020327 0
996 0.007555478433939306 -0.007901724063145016 0
997 0.005799396857751465 -0.009944290939498078 0
998 0.08952087278840237 -0.007972908775206913 0
999 0.08881975301273651 -0.005308548783715777 0
1000 0.09198934584926483 -0.003924834290818312 0
1001 0.09339022926955737 -0.007007542436996281 0
1002 0.09095572902710672 -0.006090566224252482 0
1003 0.01807258625821734 0.05338276499890123 0
1004 0.009945694446512554 0.04810713991489075 0
1005 0.01343487201768154 0.06467184059949425 0
1006 0.01037291222399328 0.05584369914214611 0
1007 0.110289000497665 -0.01966746314543499 0
1008 0.1133761444279824 -0.01338527109894361 0
1009 0.115609955756679 -0.01803219034297476 0
1010 0.08173510274869611 0.01631720301007154 0
1011 0.07898287439340615 0.01425368034903177 0
1012 0.07687519059891913 0.01670298816814232 0
1013 0.07935600253200259 0.01661453193099802 0
1014 0.01280355215262099 0.01905985553793361 0
1015 0.01637538530991006 0.01897634811043691 0
1016 0.01447291143111706 0.01746722502634209 0
1017 0.01368020948430032 -0.004248765455138974 0
1018 0.01226683633138709 -0.00201874541158113 0
1019 0.01628675927832382 -0.002103884396322555 0
1020 0.01426886641642994 -0.002089837526826522 0
1021 0.04182833462895436 -0.009271838990404888 0
1022 0.04351014384736954 -0.01538932304517577 0
1023 0.04222323476944322 -0.01225342226460419 0
1024 0.06802606263770106 0.01864177954343346 0
1025 0.06710389403185585 0.01397626836255675 0
1026 0.06529627349726452 0.01635336681027653 0
1027 0.06756388696060174 0.01615352098154621 0
1028 0.03135239323611316 -0.01346937509795582 0
1029 0.02773327107094402 -0.01129236914163334 0
1030 0.02990491287824094 -0.008270474621146979 0
1031 0.0303968703837202 -0.01076504215703861 0
1032 0.1785484123695895 -0.06157440293155884 0
1033 0.1600261847811311 -0.05480836872672826 0
1034 0.1664100478918344 -0.03785443860266566 0
1035 0.1866515287242428 -0.04619018840994375 0
1036 0.1728403507295427 -0.0495271283319493 0
1037 0.03622507972430077 -0.002261444613042361 0
1038 0.04036072787143254 -0.002159042601821961 0
1039 0.03831907226432427 -0.002238993596000619 0
1040 0.02133897420673359 0.03308295837351121 0
1041 0.02137772048957062 0.02751276051021864 0
1042 0.01640151475978593 0.02774662809822324 0
1043 0.01868209686151515 0.0303873844659579 0
1044 0.03625081588190779 0.02992360559309042 0
1045 0.03707472360099114 0.02397628139062886 0
1046 0.03155971600460888 0.02308427251394182 0
1047 0.03377654001879576 0.02633873184725403 0
1048 0.05442884359673517 -0.01435796088667112 0
1049 0.04888591359159858 -0.01577816333618022 0
1050 0.052084848218623 -0.009554492547868497 0
1051 0.05093599662195028 -0.01272552919537041 0
1052 0.02012643731000022 0.01344740977913325 0
1053 0.02010611394994771 0.01796552022344752 0
1054 0.02043493469874341 0.01555666041612441 0
1055 0.004813768231847093 -0.001844246244891215 0
1056 0.008464337251285731 -0.001798007210056435 0
1057 0.006647051697791617 -0.00177069024379302 0
1058 0.009679662666085193 -0.003838310342538267 0
1059 0.01033020138236185 -0.001909116254169247 0
1060 0.06891584961322465 -0.01139732738719432 0
1061 0.0624964355138663 -0.01045790675290333 0
1062 0.065172938571813 -0.00818076663308194 0
1063 0.0654760679176194 -0.01107826107654138 0
1064 0.05107138127763036 -0.02893738049863811 0
1065 0.04552748653310217 -0.02569345150683701 0
1066 0.04828235462514606 -0.02136568593489251 0
1067 0.0537069758910101 -0.02422513980904616 0
1068 0.04961348973324782 -0.02504862662397165 0
1069 0.01151526904232225 0.02789851523490717 0
1070 0.006128300862529079 0.02797385912836266 0
1071 0.00859288804882713 0.03086289822828513 0
1072 0.06107196294245618 -0.0019010502199436 0
1073 0.05976562981746569 -0.003911674437777715 0
1074 0.05720194625240482 -0.002058315487938916 0
1075 0.05911786337696444 -0.001966384503861961 0
1076 0.1182779480771021 0.08279191878611715 0
1077 0.1048707404745437 0.07298276008318703 0
1078 0.1154722411084184 0.07247667194234832 0
1079 0.07407639022698523 -0.01476889223341443 0
1080 0.07161839414511004 -0.008178526390106898 0
1081 0.07248101120209337 -0.01116495518046763 0
1082 0.2445598549390365 0.1215217215999075 0
1083 0.2737317042559971 0.09228913596051666 0
1084 0.272092437239611 0.1209710174135316 0
1085 0.06864972888314128 0.01189854726738058 0
1086 0.06471167826036225 0.01201816667758955 0
1087 0.06670158504743955 0.0119673666975104 0
1088 0.09270960922174254 -0.0142338120220239 0
1089 0.09592455331548011 -0.01051217940154231 0
1090 0.099599198744678 -0.01344174351305552 0
1091 0.0960616534123339 -0.01712228493083595 0
1092 0.09608385347540163 -0.01376765250988506 0
1093 0.1002579209682769 -0.1071033457477313 0
1094 0.08211664719329718 -0.09851839350243297 0
1095 0.08832903989118648 -0.08465934149538647 0
1096 0.1059149849897141 -0.09103751678315093 0
1097 0.09390455351995189 -0.09544036965893279 0
1098 0.07247526080491222 0.01192659727406817 0
1099 0.07054935620406233 0.01188081534561345 0
1100 0.01088112277463277 -0.006403672653062541 0
1101 0.01543859987263282 -0.006509535521391069 0
1102 0.01317987915489438 -0.006587359635138563 0
1103 0.04822320583800786 -0.002006101829279207 0
1104 0.05001975028985524 -0.002089505182255093 0
1105 0.02593585464971676 -0.00410590595660808 0
1106 0.02431679291950789 -0.00203960817660035 0
1107 0.02829745629417939 -0.002024338778554428 0
1108 0.02631937790880966 -0.002039916288219823 0
1109 0.07454395402774286 0.01411046519800618 0
1110 0.07436909029795907 0.01639546025535644 0
1111 0.04243120280428334 0.02994531917579149 0
1112 0.04790029158715628 0.02893948170362593 0
1113 0.04696398933166125 0.02446642251828384 0
1114 0.04230122423889854 0.02469430915146036 0
1115 0.04488399497002635 0.02702041410694179 0
1116 0.2238281227125551 0.0938004062210936 0
1117 0.193699260431118 0.1154060738188091 0
1118 0.2179446176581435 0.1206111079316031 0
1119 0.02863368439051039 0.03831721097149808 0
1120 0.02471174844159932 0.03561655359332869 0
1121 0.06494927386641283 -0.001785453574744996 0
1122 0.06370557777263278 -0.003737394874531789 0
1123 0.06302449819554121 -0.00184953951020658 0
1124 0.01424279534010017 -0.03986297882784905 0
1125 0.01550090625922007 -0.03333376203389982 0
1126 0.02334949122369356 -0.03346579996748213 0
1127 0.02349017456973768 -0.0416633645423329 0
1128 0.01920113857113079 -0.03722762509756306 0
1129 0.06068425862491898 0.01202488399461587 0
1130 0.05670148175566812 0.01196783977979057 0
1131 0.05867015087146786 0.01202480350531003 0
1132 0.04998840243580163 0.03415645285611209 0
1133 0.05533560634029283 0.03103295122888088 0
1134 0.0513893330562743 0.0303095259910121 0
1135 0.1910146056181706 0.04915014199284733 0
1136 0.2074544451174889 0.02936447493433391 0
1137 0.1874937264943264 0.01680295539470379 0
1138 0.1762495036315236 0.03436868136724083 0
1139 0.1905998952121657 0.03244028147163202 0
1140 0.04356526058790659 0.03622112944687975 0
1141 0.04572410143598934 0.04364375867696567 0
1142 0.05332008274279723 0.04042890472353821 0
1143 0.04814520219111254 0.03861369875364793 0
1144 0.09870978247597598 0.05165941546397225 0
1145 0.1127549608946988 0.04374830285702753 0
1146 0.1013257332205964 0.04118429142869351 0
1147 0.1059132332221859 0.04779547718351109 0
1148 0.02808726199177181 0.05543963783292243 0
1149 0.02888244515383978 0.04614628173435902 0
1150 0.024111766394074 0.05009040547801077 0
1151 0.1244956352926773 0.04728551311114954 0
1152 0.1282762789309357 0.05494011282219628 0
1153 0.1153302008138373 0.01471120195207519 0
1154 0.1116772913198878 0.01164758674523398 0
1155 0.1114654404523473 0.01474784174180186 0
1156 0.03628318670871271 0.03727919310005334 0
1157 0.03956566135738318 0.03332438039101579 0
1158 0.09285052691033174 0.06314738503795279 0
1159 0.08803753716046481 0.04650052164347374 0
1160 0.08208899732084197 0.05583164120950915 0
1161 0.09056296481095261 0.05429641243146722 0
1162 0.01663199116065978 0.02295667485465431 0
1163 0.02137092708182534 0.02237041315788628 0
1164 0.01870605883351867 0.02051786058817651 0
1165 0.02191864201827484 -0.004100967831498985 0
1166 0.02031887266778001 -0.002062217081228497 0
1167 0.02232831560841625 -0.002049000534233736 0
1168 0.008832077336117905 -0.005848010135653242 0
1169 0.02661689202271095 0.02238377394199353 0
1170 0.02392066287988173 0.02480708183308238 0
1171 0.08455874639922786 -0.001568984970485743 0
1172 0.08075028603867011 -0.001634305780091733 0
1173 0.08263925353369536 -0.001581608204831679 0
1174 0.09447899373974264 0.01999795678719036 0
1175 0.09671999228512017 0.01855722830890896 0
1176 0.09079938731410987 0.01789392506706761 0
1177 0.08831156090517525 0.02111515315407246 0
1178 0.09155914989447893 0.02080474582873489 0
1179 0.0488471617794508 0.02210772829974207 0
1180 0.02565002337334593 0.01181689318501733 0
1181 0.004837538847686645 0.01219858974942864 0
1182 0.006589719914219638 0.01216909645694434 0
1183 0.08837545864701431 0.01172946858387099 0
1184 0.08462879513717737 0.01179658541687533 0
1185 0.08650592779372279 0.01173674863691769 0
1186 0.2669937898427935 -0.01345933052968984 0
1187 0.248451597440225 0.01868242950182139 0
1188 0.2746735319829855 0.03667879259836661 0
1189 0.2729201025374625 0.01027311649291538 0
1190 0.103766082693077 0.00746832356667858 0
1191 0.102309449394228 0.009359722330652754 0
1192 0.1018659739779947 0.007784538376574677 0
1193 0.1026381916349428 -0.0001791155292934302 0
1194 0.102288998305537 0.002137160401128661 0
1195 0.09518619119263641 -0.002180636504790235 0
1196 0.09304875652630498 -0.001893256647265624 0
1197 0.08683979801736777 -0.00322543216285316 0
1198 0.08659919681229744 -0.001584204218036764 0
1199 0.07651870343600152 0.01208395025270768 0
1200 0.07445704475107157 0.01202351912677472 0
1201 0.0402281872124885 0.01182691269476706 0
1202 0.04422563699765054 0.01177926221817517 0
1203 0.04225910311773197 0.01178890715655705 0
1204 0.06875541969242453 -0.001782046126066266 0
1205 0.06684214194214877 -0.001762367964298276 0
1206 0.01747839709035756 0.01176207687965047 0
1207 0.01348063386739712 0.01200453747625899 0
1208 0.01547478073917244 0.01189035644863374 0
1209 0.08023210883342632 -0.05056611278435805 0
1210 0.06720688657532255 -0.05472931922236021 0
1211 0.07409836352610925 -0.03762131111629677 0
1212 0.07113224935182802 -0.04621392123536698 0
1213 0.04813079166340783 0.01177081914109039 0
1214 0.04966767900926493 0.0133983827553018 0
1215 0.05140552005394353 0.0121318404176644 0
1216 0.0499274359340838 0.01177997627103024 0
1217 0.1622685579202742 0.02413115311831626 0
1218 0.1694666579000044 0.009261028543198543 0
1219 0.1540554314131389 0.004757949284129379 0
1220 0.1490773449862515 0.01719263375485563 0
1221 0.1587446415039383 0.01387760105184006 0
1222 0.02178548239622255 -0.02067521214076246 0
1223 0.02441802281743782 -0.01413847268350767 0
1224 0.02344088458121552 -0.01740521270139415 0
1225 0.02635436474731336 0.08221179982300074 0
1226 0.02694270574163107 0.06727154004818395 0
1227 0.01928715542978696 0.0736451018797499 0
1228 0.273256846897044 -0.09434015691011093 0
1229 0.2713135660898561 -0.1219923409615905 0
1230 0.04622327726904062 -0.004099157617043043 0
1231 0.04436096750528309 -0.00208535196356996 0
1232 0.04633180589523407 -0.002040916617258624 0
1233 0.059023162774396 -0.01217467467415683 0
1234 0.05798022481690768 -0.01976073358524603 0
1235 0.05825220624903624 -0.01558020736576193 0
1236 0.02538247630556403 -0.008545117865215671 0
1237 0.0236121508986519 -0.006200218899611826 0
1238 0.02772726940332867 -0.006232604737820111 0
1239 0.02565915325006547 -0.006261624043263607 0
1240 0.05579134859842251 0.01749691132842724 0
1241 0.1325394279958238 -0.06021821592096586 0
1242 0.1186631143056224 -0.07477599845168446 0
1243 0.1038746796618252 -0.05874627477103234 0
1244 0.1181203302134135 -0.06047978262447885 0
1245 0.2187988195675456 -0.05630080548749299 0
1246 0.1966697607395903 -0.06224229218373747 0
1247 0.2075694611827598 -0.03238416257481273 0
1248 0.2022519681121625 -0.04893541737172595 0
1249 0.06227541406198309 -0.005855392059432006 0
1250 0.06038719597815805 -0.00766064747887508 0
1251 0.05849903098445061 -0.005949633178073566 0
1252 0.06025723604037746 -0.005823025890383909 0
1253 0.1573683546202164 -0.1051754881826673 0
1254 0.1313525833204728 -0.1241319408158863 0
1255 0.1556667202504671 -0.1264839663804475 0
1256 0.01084762578267948 -0.0178701982023768 0
1257 0.007336086734156894 -0.01731047787858074 0
1258 0.05505225886003931 -0.07171717806602039 0
1259 0.05453215183364003 -0.056049016188779 0
1260 0.07061132449365069 -0.06965720280961167 0
1261 0.06173024647663176 -0.06299408239610424 0
1262 0.07807174687134086 -0.005577730072875536 0
1263 0.07362957814131627 -0.005821823363275058 0
1264 0.07532625744684791 -0.003745612442079025 0
1265 0.07586468274820496 -0.005735816306049104 0
1266 0.04001939252491768 0.06683045564279787 0
1267 0.03857609692441133 0.0550542308474128 0
1268 0.03339633633515844 0.06112498601059727 0
1269 0.1365790701325277 0.01252631807808201 0
1270 0.1395597734883506 0.001275220442637335 0
1271 0.1259737297795843 0.0001580149634975783 0
1272 0.1250910338562189 0.009933094374755314 0
1273 0.1316834981013473 0.005872714665887797 0
1274 0.03220689439033975 -0.002023575318381855 0
1275 0.0341796535597946 -0.00214235918577574 0
1276 0.1363396108621046 -0.08894385281181806 0
1277 0.1189738727142281 -0.103223910110659 0
1278 0.1199332754108076 -0.08931069155665043 0
1279 0.03938707800020248 -0.02967229826250888 0
1280 0.03318677004095046 -0.04046202479999611 0
1281 0.03159223038002744 -0.03231748683370241 0
1282 0.03672439839383386 -0.03496444361941778 0
1283 0.07107223815169658 -0.003717795846197004 0
1284 0.07129698196239166 -0.005767650053367802 0
1285 0.01964816429090599 -0.006232538095931708 0
1286 0.02164268832087562 -0.006177126908436161 0
1287 0.009629283708072173 0.01819517871781019 0
1288 0.009236380122575466 0.01603060021226271 0
1289 0.1432648190960424 -0.01143966504096537 0
1290 0.1486534889679956 -0.003529285968026648 0
1291 0.1828740738380328 0.0850844628405093 0
1292 0.1591871797759285 0.1200134041712019 0
1293 0.1736023796254442 0.1039953950103857 0
1294 0.2065995785523523 0.06891033257436598 0
1295 0.1729204356648524 0.06299620501898673 0
1296 0.1884055408411444 0.06659306266740692 0
1297 0.1326322750675884 0.02182248405802276 0
1298 0.1227643143873547 0.01803218805501056 0
1299 0.1192699662456699 0.02578309586048061 0
1300 0.1256927014465249 0.02377731309942359 0
1301 0.01519241197157842 -0.02666753517287216 0
1302 0.01587029635176943 -0.02047757073467693 0
1303 0.02285353900075915 -0.02665743052619442 0
1304 0.01891340207107525 -0.02361669470457979 0
1305 0.05694800804068022 0.07936939138312576 0
1306 0.07780195230752646 0.09358301567149212 0
1307 0.06645078421390584 0.08702367354053374 0
1308 0.2502214725394356 0.06743845025731734 0
1309 0.2746782342383741 0.06411146305784314 0
1310 0.1019420986182864 -0.0341540384100039 0
1311 0.106596625670249 -0.02614658632016487 0
1312 0.1090000856543048 -0.03210184943524139 0
1313 0.1963046228342979 -0.005965409740284253 0
1314 0.1813973787519212 0.002449371876201835 0
1315 0.150389032186226 -0.0716701526534515 0
1316 0.1466447346728647 -0.05843146210098271 0
1317 0.07950632536930946 -0.003481109188207923 0
1318 0.07682614641292869 -0.001798912808273223 0
1319 0.07882140980844995 -0.001723686225588557 0
1320 0.0654593109767332 0.0419315095386263 0
1321 0.05970533229315268 0.03596394207710552 0
1322 0.05803744119490631 0.0480460027659934 0
1323 0.05912964728568369 0.04158405368731514 0
1324 0.09041050083693458 0.01359030013498745 0
1325 0.0922165782123377 0.01186930105190136 0
1326 0.09027427093919105 0.01178607380621075 0
1327 0.00863849676080411 -0.03429253407729074 0
1328 0.011392876969326 -0.03007627453200793 0
1329 0.1042666047234573 -0.01645810412083936 0
1330 0.1070701240962911 -0.01107467262266458 0
1331 0.1032224006644729 -0.01253147232192955 0
1332 0.1475036019701236 -0.02385482760158476 0
1333 0.13356682455078 -0.02635801755397464 0
1334 0.1383642197162989 -0.01913658277326607 0
1335 0.05853879434755853 -0.08919209745578412 0
1336 0.03859790782039225 -0.07352092425492547 0
1337 0.0480341903918798 -0.0813140504310616 0
1338 0.0851739390437973 0.02454555945532021 0
1339 0.08474433467336291 0.0183808614543888 0
1340 0.08516674190010989 0.02124174276383135 0
1341 0.04308803910125758 -0.02107372472659743 0
1342 0.04591399076584757 -0.01834050468038368 0
1343 0.1531745585613601 0.03552196943268717 0
1344 0.142787376278892 0.02739313236453784 0
1345 0.1436061392700352 0.03549942706665091 0
1346 0.01421580800359989 -0.01729335102073106 0
1347 0.03773979973811351 0.01386226322157509 0
1348 0.03806335674307484 0.01185227916305383 0
1349 0.08665175052942184 -0.006889538626011947 0
1350 0.0867065729326946 -0.004990575115004171 0
1351 0.02797333829220792 0.0182049749081109 0
1352 0.02783259450279889 0.01612071821731023 0
1353 0.008748639754968673 -0.04823136644975196 0
1354 0.01055431635966375 -0.06852857231792993 0
1355 0.009399454279415909 -0.05784004868419286 0
1356 0.2283434976206409 0.0462752530000136 0
1357 0.2272872350291447 0.06912507433003054 0
1358 0.0727476205556668 -0.001860779088394188 0
1359 0.07072214368588271 -0.0018348698584399 0
1360 0.09677532309509365 -0.004844851104109215 0
1361 0.09977954644145744 -0.002613165816686006 0
1362 0.0974187047214366 -0.002397867556573059 0
1363 0.03150721214939654 0.01199318179799722 0
1364 0.1727812167757343 -0.08160939910046014 0
1365 0.1871840619017084 -0.07283494206430337 0
1366 0.2533557824841563 -0.07053858336926487 0
1367 0.272862329591946 -0.04679064947446801 0
1368 0.2750385397850749 -0.06809501308198453 0
1369 0.1296007367436164 0.1096297428295106 0
1370 0.1389158160861593 0.128044130441371 0
1371 0.1572646591153329 -0.02954346932288737 0
1372 0.07287260143337421 0.0488235493428354 0
1373 0.06480018095831372 0.05719807258626955 0
1374 0.07357552048655275 0.05699587750347319 0
1375 0.08654672405719513 -0.06646513063795119 0
1376 0.09307166724926452 -0.04371139394156078 0
1377 0.09105037634734786 -0.05501600284443705 0
1378 0.07090568684782804 -0.02704436447991805 0
1379 0.06310148975994348 -0.02455326071071537 0
1380 0.0718009731450126 -0.02050223733168514 0
1381 0.06768098842413706 -0.02279677067090849 0
1382 0.1011140618244463 0.0117633852176052 0
1383 0.09641991055936906 0.01218263927851892 0
1384 0.09873986171455088 0.01213364791740689 0
1385 0.02336290643581679 -0.07358859485596769 0
1386 0.01333697711206619 -0.08017276659297333 0
1387 0.1158629419519081 0.03383437592206615 0
1388 0.1199128453308045 0.04036121004753075 0
1389 0.03874762918183959 0.01905439956681846 0
1390 0.03793560048882999 0.01625746895302982 0
1391 0.1403143747762305 0.01972979204848171 0
1392 0.02404339408686137 0.1239587281215157 0
1393 0.04180476813719697 0.1292852631483274 0
1394 0.1051019550012496 0.009588526428731195 0
1395 0.1033705861448703 0.01093328730400793 0
1396 0.01787929920009637 -0.004206104522989239 0
1397 0.01831882374526164 -0.00209108558832671 0
1398 0.04619191138922044 0.01178880659267272 0
1399 0.09361605363041103 0.08414871677130492 0
1400 0.09387326263428344 0.07310696845441048 0
1401 0.1040421078788913 0.01817475377819661 0
1402 0.1631853006499131 0.04686356247612199 0
1403 0.1637884749209824 0.03523430405121216 0
1404 0.1070813749855023 0.02868878526968477 0
1405 0.1131379376650375 0.02771391417212132 0
1406 0.1597507444479788 0.05858480981786938 0
1407 0.05725726299794923 -0.02913815932183721 0
1408 0.05814820706617652 -0.02453188266916623 0
1409 0.1155707885194768 -0.007042376358511531 0
1410 0.1112345265117921 -0.009285121406774939 0
1411 0.04142658993174136 0.08137902515387559 0
1412 0.0531650456806477 0.06400728146311326 0
1413 0.04799992807942545 0.07278089648313754 0
1414 0.09051517828237943 0.015553954882533 0
1415 0.08831506045633372 -0.01191854224628018 0
1416 0.09119766288635012 -0.01873289384910669 0
1417 0.08930352114806986 -0.01536449637949991 0
1418 0.0806715185111318 0.01201381366297896 0
1419 0.07860058981221693 0.01208437448872565 0
1420 0.01951332050465707 0.01164296209878675 0
1421 0.09216800878266165 0.03821927889939006 0
1422 0.0849366434548374 0.03352859508702419 0
1423 0.07921973816931067 0.04058836412460891 0
1424 0.08603694163633854 0.03962849636078416 0
1425 0.1007227699977463 0.03264797261068528 0
1426 0.1017105985916666 0.02835448174447148 0
1427 0.2443753086514556 -0.04885219211119782 0
1428 0.2354020892156147 -0.02250563849502841 0
1429 0.2556308195486508 -0.03272246024858758 0
1430 0.07423499350836218 -0.08544411018266265 0
1431 0.07013666639108407 -0.09569650137656745 0
1432 0.0255827460458401 0.1003153098374651 0
1433 0.03409054413189604 0.09036078655312321 0
1434 0.08104880771940048 -0.007451863072892075 0
1435 0.08030456409719125 -0.005346501757075534 0
1436 0.03027168745843793 -0.02577340525614771 0
1437 0.02703803618004776 -0.02953691446606567 0
1438 0.1288763308722986 -0.0331460920597333 0
1439 0.06291427911465028 0.01412383019848504 0
1440 0.0629661841136176 0.01636059356100566 0
1441 0.04885479890443734 0.05261995445301015 0
1442 0.05631282718090283 0.05557169580388877 0
1443 0.06446029486275279 -0.005782919607968119 0
1444 0.1128603710457889 0.005140757889920084 0
1445 0.1159839902430658 -0.000398314087099331 0
1446 0.1117083289261225 0.001637445649119208 0
1447 0.04981500521648438 -0.04910786630758397 0
1448 0.08466321856636698 -0.0321043318306535 0
1449 0.09391334940956247 -0.0262431435173616 0
1450 0.09348579703554617 -0.03395159975836559 0
1451 0.04416519043084555 -0.006491774262456956 0
1452 0.04633297775072857 -0.006254771687409741 0
1453 0.08326716589471314 0.01386853323250913 0
1454 0.08398972850578271 0.01597480177431602 0
1455 0.01222279708685134 0.02302411825691117 0
1456 0.007931844510688429 0.02230221634474658 0
1457 0.01063300346617599 0.02061253639478643 0
1458 0.1024925928344255 -0.002938141895560929 0
1459 0.08448614401553797 -0.009688146332515515 0
1460 0.08154088312178275 -0.01001778763875054 0
1461 0.03677436998300652 -0.02340537182868702 0
1462 0.04117925756512848 -0.02492264528137028 0
1463 0.09620602426092667 -0.007505615045663994 0
1464 0.06268242199301984 0.01203705789479532 0
1465 0.0115727091931262 0.012058402580304 0
1466 0.0741898825003368 0.02783772566174065 0
1467 0.06865195369643047 0.02521760895402368 0
1468 0.06471249451818491 0.03054436222596095 0
1469 0.07119454057051924 0.03501943070238895 0
1470 0.06975492479907602 0.02962072832561154 0
1471 0.0299257642717546 -0.004016841191140806 0
1472 0.02979422349784665 -0.006070391112606389 0
1473 0.05609306966293071 -0.004359369902649298 0
1474 0.05534615034706536 -0.002222493633802653 0
1475 0.08063429516296639 0.02743736893735423 0
1476 0.07727008236353833 0.02511826765920086 0
1477 0.05147808263998889 0.0141758052120923 0
1478 0.05353727920169907 0.0121159379386185 0
1479 0.05252429512486152 0.01304955011999512 0
1480 0.04214670204451579 -0.004302390856756166 0
1481 0.04191927014086282 -0.006645290305972255 0
1482 0.05384855366921244 -0.03279386026455717 0
1483 0.07479106731493664 -0.001849832575524238 0
1484 0.0336818814329424 -0.01897891911086712 0
1485 0.03281294711894445 -0.01613326444491044 0
1486 0.08014697883342618 -0.07640163914696711 0
1487 0.0250402827907274 -0.01113387706132731 0
1488 0.03027339331094459 -0.002010371429142955 0
1489 0.03734729566894729 0.04549964895001814 0
1490 0.04262213992773534 0.04919455630963774 0
1491 0.07769791182130956 -0.02386163064220898 0
1492 0.07625078032642782 -0.01897706796718047 0
1493 0.06825431361304619 0.02161848436547668 0
1494 0.02883612087910443 -0.04599047029251022 0
1495 0.1088421207542629 0.008129733837806866 0
1496 0.1059880216916993 0.007668577495020413 0
1497 0.002964956510004446 -0.004029278747888257 0
1498 0.003240605039827232 -0.006182587527704658 0
1499 0.09424569480545525 0.01203865099672436 0
1500 0.1163606604664936 0.009854023713173198 0
1501 0.1124760081413065 0.008584768802101751 0
1502 0.05480383872802183 -0.006943787167315313 0
1503 0.05257346580689951 -0.006831182078476618 0
1504 0.05979368230222044 0.03105040644873625 0
1505 0.01129056667962047 0.04196831777608603 0
1506 0.120418391701162 -0.004090257219965671 0
1507 0.04024820502716278 0.02199276412002968 0
1508 0.08268572370879274 0.01191369580263856 0
1509 0.003922327014990401 0.0206084937091113 0
1510 0.004686671915049651 0.02433321383664853 0
1511 0.003042217486028564 0.0146811936494482 0
1512 0.003362107708822559 0.01740409756760003 0
1513 0.05793186194923823 -0.008327210847047423 0
1514 0.05679372533687904 -0.006450482422786519 0
1515 0.04991750024816669 0.01503578004712318 0
1516 0.002933450495364281 -0.001969441926197422 0
1517 0.07221657652650806 0.04150575557307763 0
1518 0.2221704471303645 0.004817871206941114 0
1519 0.2266342128873534 0.0248300530796439 0
1520 0.03089061924005723 -0.06666420535558411 0
1521 0.2149683973713846 -0.01412646860132138 0
1522 0.1080577079705723 0.09731560147119368 0
1523 0.09230992800369939 0.09699326145190511 0
1524 0.03271101624923924 -0.0222379169187074 0
1525 0.04236494953680899 -0.002128901754100922 0
1526 0.002960266399266304 0.01225925149720039 0
1527 0.07674799075359853 -0.03006131896005516 0
1528 0.1002080192252897 -0.02152760936699092 0
1529 0.09517124326211654 -0.02089141635616104 0
1530 0.03278585950278776 0.04174259365055166 0
1531 0.2351662621583305 -0.06476872323522721 0
1532 0.01469283756523707 0.1118415413264048 0
1533 0.08490715335288161 0.02852513904140182 0
1534 0.01761345106156798 -0.006375819254577392 0
1535 0.1546379819594185 -0.08690362995188283 0
1536 0.1125418143150996 -0.1168944628822772 0
1537 0.01420057669767708 0.02538164733303239 0
1538 0.05492474615639865 0.01185510400283431 0
1539 0.08727558018777948 -0.009114624348178151 0
1540 0.1229097079470071 0.09486689051464713 0
1541 0.1197987086820487 0.01310688060376463 0
1542 0.09733665200292119 0.03598538537750786 0
1543 0.1052959440263044 -0.0209525544394943 0
1544 0.0081099318715252 -0.04024677458837492 0
1545 0.05991026277759159 -0.009649028072291939 0
1546 0.02505622275310795 -0.1296787660567228 0
1547 0.02937180594973877 0.02049005060725866 0
$EndNodes
$Elements
1643
1 1 2 2 2 1 24
2 1 2 2 2 24 25
3 1 2 2 2 25 26
4 1 2 2 2 26 27
5 1 2 2 2 27 28
6 1 2 2 2 28 29
7 1 2 2 2 29 30
8 1 2 2 2 30 31
9 1 2 2 2 31 32
10 1 2 2 2 32 33
11 1 2 2 2 33 34
12 1 2 2 2 34 35
13 1 2 2 2 35 36
14 1 2 2 2 36 37
15 1 2 2 2 37 38
16 1 2 2 2 38 39
17 1 2 2 2 39 40
18 1 2 2 2 40 41
19 1 2 2 2 41 42
20 1 2 2 2 42 43
21 1 2 2 2 43 44
22 1 2 2 2 44 45
23 1 2 2 2 45 46
24 1 2 2 2 46 47
25 1 2 2 2 47 48
26 1 2 2 2 48 49
27 1 2 2 2 49 50
28 1 2 2 2 50 51
29 1 2 2 2 51 52
30 1 2 2 2 52 53
31 1 2 2 2 53 54
32 1 2 2 2 54 55
33 1 2 2 2 55 56
34 1 2 2 2 56 57
35 1 2 2 2 57 58
36 1 2 2 2 58 59
37 1 2 2 2 59 60
38 1 2 2 2 60 61
39 1 2 2 2 61 62
40 1 2 2 2 62 63
41 1 2 2 2 63 64
42 1 2 2 2 64 65
43 1 2 2 2 65 66
44 1 2 2 2 66 67
45 1 2 2 2 67 68
46 1 2 2 2 68 69
47 1 2 2 2 69 70
48 1 2 2 2 70 71
49 1 2 2 2 71 72
50 1 2 2 2 72 3
51 1 2 1 4 4 78
52 1 2 1 4 78 79
53 1 2 1 4 79 80
54 1 2 1 4 80 81
55 1 2 1 4 81 82
56 1 2 1 4 82 83
57 1 2 1 4 83 84
58 1 2 1 4 84 85
59 1 2 1 4 85 86
60 1 2 1 4 86 87
61 1 2 1 4 87 88
62 1 2 1 4 88 89
63 1 2 1 4 89 90
64 1 2 1 4 90 91
65 1 2 1 4 91 92
66 1 2 1 4 92 93
67 1 2 1 4 93 94
68 1 2 1 4 94 95
69 1 2 1 4 95 96
70 1 2 1 4 96 97
71 1 2 1 4 97 98
72 1 2 1 4 98 99
73 1 2 1 4 99 100
74 1 2 1 4 100 101
75 1 2 1 4 101 102
76 1 2 1 4 102 103
77 1 2 1 4 103 104
78 1 2 1 4 104 105
79 1 2 1 4 105 106
80 1 2 1 4 106 107
81 1 2 1 4 107 108
82 1 2 1 4 108 109
83 1 2 1 4 109 110
84 1 2 1 4 110 111
85 1 2 1 4 111 112
86 1 2 1 4 112 113
87 1 2 1 4 113 114
88 1 2 1 4 114 115
89 1 2 1 4 115 116
90 1 2 1 4 116 117
91 1 2 1 4 117 118
92 1 2 1 4 118 119
93 1 2 1 4 119 120
94 1 2 1 4 120 121
95 1 2 1 4 121 122
96 1 2 1 4 122 123
97 1 2 1 4 123 124
98 1 2 1 4 124 125
99 1 2 1 4 125 126
100 1 2 1 4 126 5
101 1 2 3 6 7 140
102 1 2 3 6 140 141
103 1 2 3 6 141 142
104 1 2 3 6 142 143
105 1 2 3 6 143 144
106 1 2 3 6 144 145
107 1 2 3 6 145 146
108 1 2 3 6 146 147
109 1 2 3 6 147 148
110 1 2 3 6 148 6
111 1 2 3 7 8 149
112 1 2 3 7 149 150
113 1 2 3 7 150 151
114 1 2 3 7 151 152
115 1 2 3 7 152 153
116 1 2 3 7 153 154
117 1 2 3 7 154 155
118 1 2 3 7 155 156
119 1 2 3 7 156 157
120 1 2 3 7 157 7
121 1 2 3 8 2 158
122 1 2 3 8 158 159
123 1 2 3 8 159 160
124 1 2 3 8 160 161
125 1 2 3 8 161 162
126 1 2 3 8 162 163
127 1 2 3 8 163 164
128 1 2 3 8 164 165
129 1 2 3 8 165 166
130 1 2 3 8 166 8
131 3 2 2 2 69 225 226 68
132 3 2 2 2 67 68 226 224
133 3 2 2 2 176 224 226 225
134 3 2 2 2 121 229 230 227
135 3 2 2 2 187 227 230 228
136 3 2 2 2 200 228 230 229
137 3 2 2 2 101 233 234 231
138 3 2 2 2 188 231 234 232
139 3 2 2 2 209 232 234 233
140 3 2 2 2 189 237 238 235
141 3 2 2 2 35 235 238 236
142 3 2 2 2 213 236 238 237
143 3 2 2 2 5 240 241 126
144 3 2 2 2 125 126 241 239
145 3 2 2 2 222 239 241 240
146 3 2 2 2 79 243 244 78
147 3 2 2 2 4 78 244 242
148 3 2 2 2 221 242 244 243
149 3 2 2 2 83 247 248 245
150 3 2 2 2 199 245 248 246
151 3 2 2 2 204 246 248 247
152 3 2 2 2 115 250 251 114
153 3 2 2 2 113 114 251 249
154 3 2 2 2 210 249 251 250
155 3 2 2 2 31 253 254 30
156 3 2 2 2 29 30 254 252
157 3 2 2 2 202 252 254 253
158 3 2 2 2 99 256 257 98
159 3 2 2 2 97 98 257 255
160 3 2 2 2 215 255 257 256
161 3 2 2 2 196 260 261 258
162 3 2 2 2 25 258 261 259
163 3 2 2 2 223 259 261 260
164 3 2 2 2 71 264 265 262
165 3 2 2 2 195 262 265 263
166 3 2 2 2 220 263 265 264
167 3 2 2 2 197 268 269 266
168 3 2 2 2 172 266 269 267
169 3 2 2 2 222 267 269 268
170 3 2 2 2 173 272 273 270
171 3 2 2 2 198 270 273 271
172 3 2 2 2 221 271 273 272
173 3 2 2 2 186 277 278 274
174 3 2 2 2 211 274 278 275
175 3 2 2 2 177 275 278 276
176 3 2 2 2 207 276 278 277
177 3 2 2 2 181 282 283 279
178 3 2 2 2 213 279 283 280
179 3 2 2 2 183 280 283 281
180 3 2 2 2 216 281 283 282
181 3 2 2 2 185 287 288 284
182 3 2 2 2 217 284 288 285
183 3 2 2 2 188 285 288 286
184 3 2 2 2 215 286 288 287
185 3 2 2 2 187 291 292 289
186 3 2 2 2 216 289 292 281
187 3 2 2 2 183 281 292 290
188 3 2 2 2 202 290 292 291
189 3 2 2 2 190 296 297 293
190 3 2 2 2 214 293 297 294
191 3 2 2 2 182 294 297 295
192 3 2 2 2 212 295 297 296
193 3 2 2 2 181 279 300 298
194 3 2 2 2 210 298 300 299
195 3 2 2 2 189 299 300 237
196 3 2 2 2 213 237 300 279
197 3 2 2 2 182 303 304 294
198 3 2 2 2 214 294 304 301
199 3 2 2 2 184 301 304 302
200 3 2 2 2 219 302 304 303
201 3 2 2 2 174 307 308 305
202 3 2 2 2 206 305 308 306
203 3 2 2 2 190 306 308 296
204 3 2 2 2 212 296 308 307
205 3 2 2 2 179 311 312 309
206 3 2 2 2 203 309 312 310
207 3 2 2 2 189 310 312 299
208 3 2 2 2 210 299 312 311
209 3 2 2 2 185 315 316 287
210 3 2 2 2 215 287 316 313
211 3 2 2 2 178 313 316 314
212 3 2 2 2 208 314 316 315
213 3 2 2 2 187 228 319 291
214 3 2 2 2 202 291 319 317
215 3 2 2 2 175 317 319 318
216 3 2 2 2 200 318 319 228
217 3 2 2 2 180 321 322 320
218 3 2 2 2 209 320 322 232
219 3 2 2 2 188 232 322 285
220 3 2 2 2 217 285 322 321
221 3 2 2 2 197 325 326 323
222 3 2 2 2 200 323 326 318
223 3 2 2 2 175 318 326 324
224 3 2 2 2 196 324 326 325
225 3 2 2 2 176 330 331 327
226 3 2 2 2 199 327 331 328
227 3 2 2 2 198 328 331 329
228 3 2 2 2 195 329 331 330
229 3 2 2 2 218 334 335 332
230 3 2 2 2 209 332 335 320
231 3 2 2 2 180 320 335 333
232 3 2 2 2 193 333 335 334
233 3 2 2 2 178 314 339 336
234 3 2 2 2 194 336 339 337
235 3 2 2 2 201 337 339 338
236 3 2 2 2 208 338 339 314
237 3 2 2 2 177 276 343 340
238 3 2 2 2 192 340 343 341
239 3 2 2 2 205 341 343 342
240 3 2 2 2 207 342 343 276
241 3 2 2 2 74 75 347 344
242 3 2 2 2 220 344 347 345
243 3 2 2 2 173 345 347 346
244 3 2 2 2 76 346 347 75
245 3 2 2 2 172 350 351 348
246 3 2 2 2 223 348 351 349
247 3 2 2 2 170 349 351 169
248 3 2 2 2 168 169 351 350
249 3 2 2 2 204 353 354 246
250 3 2 2 2 199 246 354 327
251 3 2 2 2 176 327 354 352
252 3 2 2 2 191 352 354 353
253 3 2 2 2 184 302 357 355
254 3 2 2 2 204 355 357 353
255 3 2 2 2 191 353 357 356
256 3 2 2 2 219 356 357 302
257 3 2 2 2 186 274 360 358
258 3 2 2 2 218 358 360 334
259 3 2 2 2 193 334 360 359
260 3 2 2 2 211 359 360 274
261 3 2 2 2 194 337 363 361
262 3 2 2 2 206 361 363 305
263 3 2 2 2 174 305 363 362
264 3 2 2 2 201 362 363 337
265 3 2 2 2 179 309 366 364
266 3 2 2 2 205 364 366 341
267 3 2 2 2 192 341 366 365
268 3 2 2 2 203 365 366 309
269 3 2 2 2 194 368 369 336
270 3 2 2 2 178 336 369 367
271 3 2 2 2 95 367 369 94
272 3 2 2 2 93 94 369 368
273 3 2 2 2 41 371 372 40
274 3 2 2 2 39 40 372 370
275 3 2 2 2 192 370 372 340
276 3 2 2 2 177 340 372 371
277 3 2 2 2 193 374 375 333
278 3 2 2 2 180 333 375 373
279 3 2 2 2 47 373 375 46
280 3 2 2 2 45 46 375 374
281 3 2 2 2 67 224 377 66
282 3 2 2 2 65 66 377 376
283 3 2 2 2 191 376 377 352
284 3 2 2 2 176 352 377 224
285 3 2 2 2 57 379 380 56
286 3 2 2 2 55 56 380 378
287 3 2 2 2 201 378 380 362
288 3 2 2 2 174 362 380 379
289 3 2 2 2 111 382 383 110
290 3 2 2 2 109 110 383 381
291 3 2 2 2 205 381 383 364
292 3 2 2 2 179 364 383 382
293 3 2 2 2 79 80 385 243
294 3 2 2 2 221 243 385 271
295 3 2 2 2 198 271 385 384
296 3 2 2 2 81 384 385 80
297 3 2 2 2 197 386 387 268
298 3 2 2 2 222 268 387 239
299 3 2 2 2 125 239 387 124
300 3 2 2 2 123 124 387 386
301 3 2 2 2 105 389 390 104
302 3 2 2 2 103 104 390 388
303 3 2 2 2 218 388 390 358
304 3 2 2 2 186 358 390 389
305 3 2 2 2 85 391 392 84
306 3 2 2 2 83 84 392 247
307 3 2 2 2 204 247 392 355
308 3 2 2 2 184 355 392 391
309 3 2 2 2 190 394 395 306
310 3 2 2 2 206 306 395 393
311 3 2 2 2 91 393 395 90
312 3 2 2 2 89 90 395 394
313 3 2 2 2 177 371 397 275
314 3 2 2 2 211 275 397 396
315 3 2 2 2 43 396 397 42
316 3 2 2 2 41 42 397 371
317 3 2 2 2 189 235 399 310
318 3 2 2 2 203 310 399 398
319 3 2 2 2 37 398 399 36
320 3 2 2 2 35 36 399 235
321 3 2 2 2 182 401 402 303
322 3 2 2 2 219 303 402 400
323 3 2 2 2 63 400 402 62
324 3 2 2 2 61 62 402 401
325 3 2 2 2 186 389 404 277
326 3 2 2 2 207 277 404 403
327 3 2 2 2 107 403 404 106
328 3 2 2 2 105 106 404 389
329 3 2 2 2 185 406 407 315
330 3 2 2 2 208 315 407 405
331 3 2 2 2 53 405 407 52
332 3 2 2 2 51 52 407 406
333 3 2 2 2 69 70 408 225
334 3 2 2 2 176 225 408 330
335 3 2 2 2 195 330 408 262
336 3 2 2 2 71 262 408 70
337 3 2 2 2 196 258 410 324
338 3 2 2 2 175 324 410 409
339 3 2 2 2 27 409 410 26
340 3 2 2 2 25 26 410 258
341 3 2 2 2 31 32 412 253
342 3 2 2 2 202 253 412 290
343 3 2 2 2 183 290 412 411
344 3 2 2 2 33 411 412 32
345 3 2 2 2 115 116 414 250
346 3 2 2 2 210 250 414 298
347 3 2 2 2 181 298 414 413
348 3 2 2 2 117 413 414 116
349 3 2 2 2 99 100 415 256
350 3 2 2 2 215 256 415 286
351 3 2 2 2 188 286 415 231
352 3 2 2 2 101 231 415 100
353 3 2 2 2 180 373 417 321
354 3 2 2 2 217 321 417 416
355 3 2 2 2 49 416 417 48
356 3 2 2 2 47 48 417 373
357 3 2 2 2 119 120 419 418
358 3 2 2 2 216 418 419 289
359 3 2 2 2 187 289 419 227
360 3 2 2 2 121 227 419 120
361 3 2 2 2 179 382 420 311
362 3 2 2 2 210 311 420 249
363 3 2 2 2 113 249 420 112
364 3 2 2 2 111 112 420 382
365 3 2 2 2 178 367 421 313
366 3 2 2 2 215 313 421 255
367 3 2 2 2 97 255 421 96
368 3 2 2 2 95 96 421 367
369 3 2 2 2 175 409 422 317
370 3 2 2 2 202 317 422 252
371 3 2 2 2 29 252 422 28
372 3 2 2 2 27 28 422 409
373 3 2 2 2 174 379 424 307
374 3 2 2 2 212 307 424 423
375 3 2 2 2 59 423 424 58
376 3 2 2 2 57 58 424 379
377 3 2 2 2 184 391 426 301
378 3 2 2 2 214 301 426 425
379 3 2 2 2 87 425 426 86
380 3 2 2 2 85 86 426 391
381 3 2 2 2 173 270 427 345
382 3 2 2 2 220 345 427 263
383 3 2 2 2 195 263 427 329
384 3 2 2 2 198 329 427 270
385 3 2 2 2 196 325 428 260
386 3 2 2 2 223 260 428 348
387 3 2 2 2 172 348 428 266
388 3 2 2 2 197 266 428 325
389 3 2 2 2 123 386 429 122
390 3 2 2 2 121 122 429 229
391 3 2 2 2 200 229 429 323
392 3 2 2 2 197 323 429 386
393 3 2 2 2 207 403 430 342
394 3 2 2 2 205 342 430 381
395 3 2 2 2 109 381 430 108
396 3 2 2 2 107 108 430 403
397 3 2 2 2 208 405 431 338
398 3 2 2 2 201 338 431 378
399 3 2 2 2 55 378 431 54
400 3 2 2 2 53 54 431 405
401 3 2 2 2 93 368 432 92
402 3 2 2 2 91 92 432 393
403 3 2 2 2 206 393 432 361
404 3 2 2 2 194 361 432 368
405 3 2 2 2 45 374 433 44
406 3 2 2 2 43 44 433 396
407 3 2 2 2 211 396 433 359
408 3 2 2 2 193 359 433 374
409 3 2 2 2 39 370 434 38
410 3 2 2 2 37 38 434 398
411 3 2 2 2 203 398 434 365
412 3 2 2 2 192 365 434 370
413 3 2 2 2 65 376 435 64
414 3 2 2 2 63 64 435 400
415 3 2 2 2 219 400 435 356
416 3 2 2 2 191 356 435 376
417 3 2 2 2 199 328 436 245
418 3 2 2 2 83 245 436 82
419 3 2 2 2 81 82 436 384
420 3 2 2 2 198 384 436 328
421 3 2 2 2 213 280 437 236
422 3 2 2 2 35 236 437 34
423 3 2 2 2 33 34 437 411
424 3 2 2 2 183 411 437 280
425 3 2 2 2 216 282 438 418
426 3 2 2 2 119 418 438 118
427 3 2 2 2 117 118 438 413
428 3 2 2 2 181 413 438 282
429 3 2 2 2 51 406 439 50
430 3 2 2 2 49 50 439 416
431 3 2 2 2 217 416 439 284
432 3 2 2 2 185 284 439 406
433 3 2 2 2 61 401 440 60
434 3 2 2 2 59 60 440 423
435 3 2 2 2 212 423 440 295
436 3 2 2 2 182 295 440 401
437 3 2 2 2 89 394 441 88
438 3 2 2 2 87 88 441 425
439 3 2 2 2 214 425 441 293
440 3 2 2 2 190 293 441 394
441 3 2 2 2 209 233 442 332
442 3 2 2 2 218 332 442 388
443 3 2 2 2 103 388 442 102
444 3 2 2 2 101 102 442 233
445 3 2 2 2 76 77 443 346
446 3 2 2 2 173 346 443 272
447 3 2 2 2 221 272 443 242
448 3 2 2 2 4 242 443 77
449 3 2 2 2 222 240 444 267
450 3 2 2 2 172 267 444 350
451 3 2 2 2 168 350 444 167
452 3 2 2 2 5 167 444 240
453 3 2 2 2 220 264 445 344
454 3 2 2 2 74 344 445 73
455 3 2 2 2 3 73 445 72
456 3 2 2 2 71 72 445 264
457 3 2 2 2 1 24 446 171
458 3 2 2 2 170 171 446 349
459 3 2 2 2 223 349 446 259
460 3 2 2 2 25 259 446 24
461 3 2 1 3 576 687 688 685
462 3 2 1 3 464 685 688 686
463 3 2 1 3 609 686 688 687
464 3 2 1 3 553 691 692 689
465 3 2 1 3 589 689 692 690
466 3 2 1 3 592 690 692 691
467 3 2 1 3 637 695 696 693
468 3 2 1 3 556 693 696 694
469 3 2 1 3 638 694 696 695
470 3 2 1 3 134 698 699 133
471 3 2 1 3 132 133 699 697
472 3 2 1 3 545 697 699 698
473 3 2 1 3 580 702 703 700
474 3 2 1 3 453 700 703 701
475 3 2 1 3 589 701 703 702
476 3 2 1 3 486 706 707 704
477 3 2 1 3 588 704 707 705
478 3 2 1 3 673 705 707 706
479 3 2 1 3 609 710 711 708
480 3 2 1 3 452 708 711 709
481 3 2 1 3 665 709 711 710
482 3 2 1 3 16 713 714 15
483 3 2 1 3 14 15 714 712
484 3 2 1 3 460 712 714 713
485 3 2 1 3 130 716 717 129
486 3 2 1 3 128 129 717 715
487 3 2 1 3 550 715 717 716
488 3 2 1 3 14 719 720 13
489 3 2 1 3 12 13 720 718
490 3 2 1 3 654 718 720 719
491 3 2 1 3 572 723 724 721
492 3 2 1 3 563 721 724 722
493 3 2 1 3 667 722 724 723
494 3 2 1 3 495 727 728 725
495 3 2 1 3 504 725 728 726
496 3 2 1 3 574 726 728 727
497 3 2 1 3 597 731 732 729
498 3 2 1 3 469 729 732 730
499 3 2 1 3 678 730 732 731
500 3 2 1 3 475 735 736 733
501 3 2 1 3 481 733 736 734
502 3 2 1 3 677 734 736 735
503 3 2 1 3 539 739 740 737
504 3 2 1 3 560 737 740 738
505 3 2 1 3 561 738 740 739
506 3 2 1 3 472 743 744 741
507 3 2 1 3 654 741 744 742
508 3 2 1 3 663 742 744 743
509 3 2 1 3 575 747 748 745
510 3 2 1 3 574 745 748 746
511 3 2 1 3 665 746 748 747
512 3 2 1 3 525 751 752 749
513 3 2 1 3 551 749 752 750
514 3 2 1 3 634 750 752 751
515 3 2 1 3 611 755 756 753
516 3 2 1 3 546 753 756 754
517 3 2 1 3 612 754 756 755
518 3 2 1 3 530 759 760 757
519 3 2 1 3 529 757 760 758
520 3 2 1 3 683 758 760 759
521 3 2 1 3 491 763 764 761
522 3 2 1 3 490 761 764 762
523 3 2 1 3 492 762 764 763
524 3 2 1 3 115 766 767 116
525 3 2 1 3 117 116 767 765
526 3 2 1 3 596 765 767 766
527 3 2 1 3 161 769 770 160
528 3 2 1 3 159 160 770 768
529 3 2 1 3 681 768 770 769
530 3 2 1 3 109 772 773 110
531 3 2 1 3 111 110 773 771
532 3 2 1 3 598 771 773 772
533 3 2 1 3 575 776 777 774
534 3 2 1 3 603 774 777 775
535 3 2 1 3 669 775 777 776
536 3 2 1 3 510 780 781 778
537 3 2 1 3 514 778 781 779
538 3 2 1 3 515 779 781 780
539 3 2 1 3 547 784 785 782
540 3 2 1 3 473 782 785 783
541 3 2 1 3 680 783 785 784
542 3 2 1 3 553 788 789 786
543 3 2 1 3 479 786 789 787
544 3 2 1 3 674 787 789 788
545 3 2 1 3 67 791 792 68
546 3 2 1 3 69 68 792 790
547 3 2 1 3 600 790 792 791
548 3 2 1 3 619 795 796 793
549 3 2 1 3 576 793 796 794
550 3 2 1 3 650 794 796 795
551 3 2 1 3 521 799 800 797
552 3 2 1 3 520 797 800 798
553 3 2 1 3 522 798 800 799
554 3 2 1 3 454 803 804 801
555 3 2 1 3 602 801 804 802
556 3 2 1 3 603 802 804 803
557 3 2 1 3 524 807 808 805
558 3 2 1 3 507 805 808 806
559 3 2 1 3 649 806 808 807
560 3 2 1 3 469 811 812 809
561 3 2 1 3 123 809 812 810
562 3 2 1 3 588 810 812 811
563 3 2 1 3 462 815 816 813
564 3 2 1 3 49 813 816 814
565 3 2 1 3 594 814 816 815
566 3 2 1 3 655 819 820 817
567 3 2 1 3 527 817 820 818
568 3 2 1 3 683 818 820 819
569 3 2 1 3 583 823 824 821
570 3 2 1 3 485 821 824 822
571 3 2 1 3 675 822 824 823
572 3 2 1 3 571 827 828 825
573 3 2 1 3 536 825 828 826
574 3 2 1 3 616 826 828 827
575 3 2 1 3 540 831 832 829
576 3 2 1 3 664 829 832 830
577 3 2 1 3 670 830 832 831
578 3 2 1 3 478 835 836 833
579 3 2 1 3 635 833 836 834
580 3 2 1 3 657 834 836 835
581 3 2 1 3 455 839 840 837
582 3 2 1 3 113 837 840 838
583 3 2 1 3 599 838 840 839
584 3 2 1 3 587 843 844 841
585 3 2 1 3 631 841 844 842
586 3 2 1 3 651 842 844 843
587 3 2 1 3 590 847 848 845
588 3 2 1 3 462 845 848 846
589 3 2 1 3 591 846 848 847
590 3 2 1 3 528 851 852 849
591 3 2 1 3 537 849 852 850
592 3 2 1 3 658 850 852 851
593 3 2 1 3 456 855 856 853
594 3 2 1 3 566 853 856 854
595 3 2 1 3 657 854 856 855
596 3 2 1 3 615 859 860 857
597 3 2 1 3 614 857 860 858
598 3 2 1 3 616 858 860 859
599 3 2 1 3 567 863 864 861
600 3 2 1 3 569 861 864 862
601 3 2 1 3 648 862 864 863
602 3 2 1 3 459 867 868 865
603 3 2 1 3 597 865 868 866
604 3 2 1 3 642 866 868 867
605 3 2 1 3 599 871 872 869
606 3 2 1 3 596 869 872 870
607 3 2 1 3 629 870 872 871
608 3 2 1 3 512 875 876 873
609 3 2 1 3 508 873 876 874
610 3 2 1 3 569 874 876 875
611 3 2 1 3 591 879 880 877
612 3 2 1 3 482 877 880 878
613 3 2 1 3 646 878 880 879
614 3 2 1 3 508 883 884 881
615 3 2 1 3 507 881 884 882
616 3 2 1 3 523 882 884 883
617 3 2 1 3 463 887 888 885
618 3 2 1 3 604 885 888 886
619 3 2 1 3 622 886 888 887
620 3 2 1 3 74 890 891 75
621 3 2 1 3 76 75 891 889
622 3 2 1 3 639 889 891 890
623 3 2 1 3 640 894 895 892
624 3 2 1 3 544 892 895 893
625 3 2 1 3 656 893 895 894
626 3 2 1 3 645 898 899 896
627 3 2 1 3 547 896 899 897
628 3 2 1 3 659 897 899 898
629 3 2 1 3 502 902 903 900
630 3 2 1 3 500 900 903 901
631 3 2 1 3 643 901 903 902
632 3 2 1 3 558 906 907 904
633 3 2 1 3 611 904 907 905
634 3 2 1 3 682 905 907 906
635 3 2 1 3 540 910 911 908
636 3 2 1 3 509 908 911 909
637 3 2 1 3 660 909 911 910
638 3 2 1 3 523 914 915 912
639 3 2 1 3 559 912 915 913
640 3 2 1 3 648 913 915 914
641 3 2 1 3 620 918 919 916
642 3 2 1 3 451 916 919 917
643 3 2 1 3 671 917 919 918
644 3 2 1 3 488 922 923 920
645 3 2 1 3 545 920 923 921
646 3 2 1 3 656 921 923 922
647 3 2 1 3 516 926 927 924
648 3 2 1 3 514 924 927 925
649 3 2 1 3 670 925 927 926
650 3 2 1 3 513 930 931 928
651 3 2 1 3 636 928 931 929
652 3 2 1 3 639 929 931 930
653 3 2 1 3 613 934 935 932
654 3 2 1 3 465 932 935 933
655 3 2 1 3 679 933 935 934
656 3 2 1 3 610 938 939 936
657 3 2 1 3 450 936 939 937
658 3 2 1 3 682 937 939 938
659 3 2 1 3 582 942 943 940
660 3 2 1 3 631 940 943 941
661 3 2 1 3 636 941 943 942
662 3 2 1 3 478 946 947 944
663 3 2 1 3 621 944 947 945
664 3 2 1 3 667 945 947 946
665 3 2 1 3 532 950 951 948
666 3 2 1 3 530 948 951 949
667 3 2 1 3 658 949 951 950
668 3 2 1 3 470 954 955 952
669 3 2 1 3 624 952 955 953
670 3 2 1 3 670 953 955 830
671 3 2 1 3 664 830 955 954
672 3 2 1 3 547 897 958 784
673 3 2 1 3 680 784 958 956
674 3 2 1 3 570 956 958 957
675 3 2 1 3 659 957 958 897
676 3 2 1 3 553 689 960 788
677 3 2 1 3 674 788 960 959
678 3 2 1 3 580 959 960 702
679 3 2 1 3 589 702 960 689
680 3 2 1 3 505 964 965 961
681 3 2 1 3 668 961 965 962
682 3 2 1 3 559 962 965 963
683 3 2 1 3 593 963 965 964
684 3 2 1 3 165 967 968 164
685 3 2 1 3 163 164 968 966
686 3 2 1 3 637 966 968 695
687 3 2 1 3 638 695 968 967
688 3 2 1 3 554 972 973 969
689 3 2 1 3 577 969 973 970
690 3 2 1 3 630 970 973 971
691 3 2 1 3 22 971 973 972
692 3 2 1 3 504 726 976 974
693 3 2 1 3 650 974 976 794
694 3 2 1 3 576 794 976 975
695 3 2 1 3 574 975 976 726
696 3 2 1 3 570 978 979 956
697 3 2 1 3 680 956 979 977
698 3 2 1 3 472 977 979 743
699 3 2 1 3 663 743 979 978
700 3 2 1 3 455 983 984 980
701 3 2 1 3 662 980 984 981
702 3 2 1 3 573 981 984 982
703 3 2 1 3 598 982 984 983
704 3 2 1 3 577 970 987 985
705 3 2 1 3 681 985 987 768
706 3 2 1 3 159 768 987 986
707 3 2 1 3 630 986 987 970
708 3 2 1 3 454 989 990 803
709 3 2 1 3 603 803 990 774
710 3 2 1 3 575 774 990 988
711 3 2 1 3 601 988 990 989
712 3 2 1 3 147 993 994 146
713 3 2 1 3 145 146 994 991
714 3 2 1 3 557 991 994 992
715 3 2 1 3 634 992 994 993
716 3 2 1 3 654 742 997 718
717 3 2 1 3 12 718 997 995
718 3 2 1 3 485 995 997 996
719 3 2 1 3 663 996 997 742
720 3 2 1 3 628 1001 1002 998
721 3 2 1 3 684 998 1002 999
722 3 2 1 3 600 999 1002 1000
723 3 2 1 3 542 1000 1002 1001
724 3 2 1 3 458 1005 1006 1003
725 3 2 1 3 640 1003 1006 1004
726 3 2 1 3 132 1004 1006 131
727 3 2 1 3 130 131 1006 1005
728 3 2 1 3 655 1008 1009 819
729 3 2 1 3 683 819 1009 758
730 3 2 1 3 529 758 1009 1007
731 3 2 1 3 632 1007 1009 1008
732 3 2 1 3 612 755 1013 1010
733 3 2 1 3 618 1010 1013 1011
734 3 2 1 3 466 1011 1013 1012
735 3 2 1 3 611 1012 1013 755
736 3 2 1 3 678 731 1016 1014
737 3 2 1 3 487 1014 1016 1015
738 3 2 1 3 642 1015 1016 866
739 3 2 1 3 597 866 1016 731
740 3 2 1 3 585 1019 1020 1017
741 3 2 1 3 467 1017 1020 1018
742 3 2 1 3 29 1018 1020 30
743 3 2 1 3 31 30 1020 1019
744 3 2 1 3 553 786 1023 1021
745 3 2 1 3 646 1021 1023 878
746 3 2 1 3 482 878 1023 1022
747 3 2 1 3 479 1022 1023 786
748 3 2 1 3 619 1026 1027 1024
749 3 2 1 3 682 1024 1027 937
750 3 2 1 3 450 937 1027 1025
751 3 2 1 3 608 1025 1027 1026
752 3 2 1 3 580 1030 1031 959
753 3 2 1 3 674 959 1031 1028
754 3 2 1 3 481 1028 1031 1029
755 3 2 1 3 564 1029 1031 1030
756 3 2 1 3 538 1035 1036 1032
757 3 2 1 3 676 1032 1036 1033
758 3 2 1 3 537 1033 1036 1034
759 3 2 1 3 522 1034 1036 1035
760 3 2 1 3 592 1038 1039 690
761 3 2 1 3 589 690 1039 1037
762 3 2 1 3 41 1037 1039 42
763 3 2 1 3 43 42 1039 1038
764 3 2 1 3 488 1042 1043 922
765 3 2 1 3 656 922 1043 1040
766 3 2 1 3 490 1040 1043 1041
767 3 2 1 3 489 1041 1043 1042
768 3 2 1 3 491 1046 1047 763
769 3 2 1 3 492 763 1047 1044
770 3 2 1 3 493 1044 1047 1045
771 3 2 1 3 573 1045 1047 1046
772 3 2 1 3 568 1050 1051 1048
773 3 2 1 3 483 1048 1051 1049
774 3 2 1 3 482 1049 1051 877
775 3 2 1 3 591 877 1051 1050
776 3 2 1 3 596 870 1054 1052
777 3 2 1 3 459 1052 1054 867
778 3 2 1 3 642 867 1054 1053
779 3 2 1 3 629 1053 1054 870
780 3 2 1 3 583 1056 1057 823
781 3 2 1 3 675 823 1057 1055
782 3 2 1 3 25 1055 1057 26
783 3 2 1 3 27 26 1057 1056
784 3 2 1 3 467 1018 1059 1058
785 3 2 1 3 583 1058 1059 1056
786 3 2 1 3 27 1056 1059 28
787 3 2 1 3 29 28 1059 1018
788 3 2 1 3 622 1062 1063 1060
789 3 2 1 3 561 1060 1063 738
790 3 2 1 3 560 738 1063 1061
791 3 2 1 3 672 1061 1063 1062
792 3 2 1 3 484 1067 1068 1064
793 3 2 1 3 621 1064 1068 1065
794 3 2 1 3 480 1065 1068 1066
795 3 2 1 3 483 1066 1068 1067
796 3 2 1 3 545 698 1071 920
797 3 2 1 3 488 920 1071 1069
798 3 2 1 3 471 1069 1071 1070
799 3 2 1 3 134 1070 1071 698
800 3 2 1 3 53 52 1075 1072
801 3 2 1 3 595 1072 1075 1073
802 3 2 1 3 447 1073 1075 1074
803 3 2 1 3 51 1074 1075 52
804 3 2 1 3 644 1077 1078 1076
805 3 2 1 3 664 1076 1078 829
806 3 2 1 3 540 829 1078 910
807 3 2 1 3 660 910 1078 1077
808 3 2 1 3 615 1080 1081 859
809 3 2 1 3 616 859 1081 1079
810 3 2 1 3 561 1079 1081 1060
811 3 2 1 3 622 1060 1081 1080
812 3 2 1 3 627 1083 1084 1082
813 3 2 1 3 141 1082 1084 140
814 3 2 1 3 7 140 1084 157
815 3 2 1 3 156 157 1084 1083
816 3 2 1 3 608 1086 1087 1025
817 3 2 1 3 450 1025 1087 1085
818 3 2 1 3 93 1085 1087 94
819 3 2 1 3 95 94 1087 1086
820 3 2 1 3 541 1091 1092 1088
821 3 2 1 3 628 1088 1092 1089
822 3 2 1 3 651 1089 1092 1090
823 3 2 1 3 666 1090 1092 1091
824 3 2 1 3 606 1096 1097 1093
825 3 2 1 3 681 1093 1097 1094
826 3 2 1 3 548 1094 1097 1095
827 3 2 1 3 535 1095 1097 1096
828 3 2 1 3 450 1085 1099 936
829 3 2 1 3 610 936 1099 1098
830 3 2 1 3 91 1098 1099 92
831 3 2 1 3 93 92 1099 1085
832 3 2 1 3 570 1101 1102 978
833 3 2 1 3 663 978 1102 1100
834 3 2 1 3 467 1100 1102 1017
835 3 2 1 3 585 1017 1102 1101
836 3 2 1 3 462 813 1104 845
837 3 2 1 3 590 845 1104 1103
838 3 2 1 3 47 1103 1104 48
839 3 2 1 3 49 48 1104 813
840 3 2 1 3 586 1107 1108 1105
841 3 2 1 3 584 1105 1108 1106
842 3 2 1 3 35 1106 1108 36
843 3 2 1 3 37 36 1108 1107
844 3 2 1 3 610 1109 1110 938
845 3 2 1 3 682 938 1110 905
846 3 2 1 3 611 905 1110 1012
847 3 2 1 3 466 1012 1110 1109
848 3 2 1 3 493 1114 1115 1111
849 3 2 1 3 494 1111 1115 1112
850 3 2 1 3 495 1112 1115 1113
851 3 2 1 3 669 1113 1115 1114
852 3 2 1 3 141 142 1118 1082
853 3 2 1 3 627 1082 1118 1116
854 3 2 1 3 552 1116 1118 1117
855 3 2 1 3 143 1117 1118 142
856 3 2 1 3 490 762 1120 1040
857 3 2 1 3 656 1040 1120 893
858 3 2 1 3 544 893 1120 1119
859 3 2 1 3 492 1119 1120 762
860 3 2 1 3 55 54 1123 1121
861 3 2 1 3 463 1121 1123 1122
862 3 2 1 3 595 1122 1123 1072
863 3 2 1 3 53 1072 1123 54
864 3 2 1 3 566 1127 1128 1124
865 3 2 1 3 641 1124 1128 1125
866 3 2 1 3 474 1125 1128 1126
867 3 2 1 3 476 1126 1128 1127
868 3 2 1 3 609 1130 1131 686
869 3 2 1 3 464 686 1131 1129
870 3 2 1 3 97 1129 1131 98
871 3 2 1 3 99 98 1131 1130
872 3 2 1 3 495 725 1134 1112
873 3 2 1 3 494 1112 1134 1132
874 3 2 1 3 496 1132 1134 1133
875 3 2 1 3 504 1133 1134 725
876 3 2 1 3 518 1138 1139 1135
877 3 2 1 3 625 1135 1139 1136
878 3 2 1 3 565 1136 1139 1137
879 3 2 1 3 633 1137 1139 1138
880 3 2 1 3 494 1132 1143 1140
881 3 2 1 3 653 1140 1143 1141
882 3 2 1 3 497 1141 1143 1142
883 3 2 1 3 496 1142 1143 1132
884 3 2 1 3 503 1146 1147 1144
885 3 2 1 3 660 1144 1147 909
886 3 2 1 3 509 909 1147 1145
887 3 2 1 3 506 1145 1147 1146
888 3 2 1 3 640 892 1150 1003
889 3 2 1 3 458 1003 1150 1148
890 3 2 1 3 623 1148 1150 1149
891 3 2 1 3 544 1149 1150 892
892 3 2 1 3 540 908 1152 831
893 3 2 1 3 670 831 1152 925
894 3 2 1 3 514 925 1152 1151
895 3 2 1 3 509 1151 1152 908
896 3 2 1 3 569 875 1155 861
897 3 2 1 3 567 861 1155 1153
898 3 2 1 3 579 1153 1155 1154
899 3 2 1 3 512 1154 1155 875
900 3 2 1 3 492 1044 1157 1156
901 3 2 1 3 653 1156 1157 1140
902 3 2 1 3 494 1140 1157 1111
903 3 2 1 3 493 1111 1157 1044
904 3 2 1 3 502 1160 1161 1158
905 3 2 1 3 660 1158 1161 1144
906 3 2 1 3 503 1144 1161 1159
907 3 2 1 3 501 1159 1161 1160
908 3 2 1 3 642 1053 1164 1015
909 3 2 1 3 487 1015 1164 1162
910 3 2 1 3 489 1162 1164 1163
911 3 2 1 3 629 1163 1164 1053
912 3 2 1 3 584 1106 1167 1165
913 3 2 1 3 457 1165 1167 1166
914 3 2 1 3 33 1166 1167 34
915 3 2 1 3 35 34 1167 1106
916 3 2 1 3 663 1100 1168 996
917 3 2 1 3 485 996 1168 821
918 3 2 1 3 583 821 1168 1058
919 3 2 1 3 467 1058 1168 1100
920 3 2 1 3 489 1163 1170 1041
921 3 2 1 3 490 1041 1170 761
922 3 2 1 3 491 761 1170 1169
923 3 2 1 3 629 1169 1170 1163
924 3 2 1 3 65 64 1173 1171
925 3 2 1 3 465 1171 1173 932
926 3 2 1 3 613 932 1173 1172
927 3 2 1 3 63 1172 1173 64
928 3 2 1 3 524 805 1175 1174
929 3 2 1 3 559 1174 1175 912
930 3 2 1 3 523 912 1175 882
931 3 2 1 3 507 882 1175 805
932 3 2 1 3 524 1174 1178 1176
933 3 2 1 3 671 1176 1178 1177
934 3 2 1 3 593 1177 1178 963
935 3 2 1 3 559 963 1178 1174
936 3 2 1 3 575 745 1179 776
937 3 2 1 3 669 776 1179 1113
938 3 2 1 3 495 1113 1179 727
939 3 2 1 3 574 727 1179 745
940 3 2 1 3 115 114 1180 766
941 3 2 1 3 596 766 1180 869
942 3 2 1 3 599 869 1180 838
943 3 2 1 3 113 838 1180 114
944 3 2 1 3 125 124 1182 1181
945 3 2 1 3 673 1181 1182 705
946 3 2 1 3 588 705 1182 810
947 3 2 1 3 123 810 1182 124
948 3 2 1 3 451 1184 1185 916
949 3 2 1 3 620 916 1185 1183
950 3 2 1 3 83 1183 1185 84
951 3 2 1 3 85 84 1185 1184
952 3 2 1 3 154 1188 1189 153
953 3 2 1 3 152 153 1189 1186
954 3 2 1 3 461 1186 1189 1187
955 3 2 1 3 562 1187 1189 1188
956 3 2 1 3 511 1191 1192 1190
957 3 2 1 3 639 1190 1192 889
958 3 2 1 3 76 889 1192 77
959 3 2 1 3 4 77 1192 1191
960 3 2 1 3 74 73 1194 890
961 3 2 1 3 639 890 1194 929
962 3 2 1 3 636 929 1194 1193
963 3 2 1 3 3 1193 1194 73
964 3 2 1 3 542 1195 1196 1000
965 3 2 1 3 600 1000 1196 790
966 3 2 1 3 69 790 1196 70
967 3 2 1 3 71 70 1196 1195
968 3 2 1 3 67 66 1198 791
969 3 2 1 3 600 791 1198 1197
970 3 2 1 3 465 1197 1198 1171
971 3 2 1 3 65 1171 1198 66
972 3 2 1 3 610 1098 1200 1109
973 3 2 1 3 466 1109 1200 1199
974 3 2 1 3 89 1199 1200 90
975 3 2 1 3 91 90 1200 1098
976 3 2 1 3 107 106 1203 1201
977 3 2 1 3 602 1201 1203 801
978 3 2 1 3 454 801 1203 1202
979 3 2 1 3 105 1202 1203 106
980 3 2 1 3 57 56 1205 1204
981 3 2 1 3 604 1204 1205 885
982 3 2 1 3 463 885 1205 1121
983 3 2 1 3 55 1121 1205 56
984 3 2 1 3 597 1207 1208 865
985 3 2 1 3 459 865 1208 1206
986 3 2 1 3 119 1206 1208 120
987 3 2 1 3 121 120 1208 1207
988 3 2 1 3 533 1211 1212 1209
989 3 2 1 3 534 1209 1212 1210
990 3 2 1 3 563 1210 1212 721
991 3 2 1 3 572 721 1212 1211
992 3 2 1 3 103 102 1216 1213
993 3 2 1 3 601 1213 1216 1214
994 3 2 1 3 605 1214 1216 1215
995 3 2 1 3 101 1215 1216 102
996 3 2 1 3 517 1220 1221 1217
997 3 2 1 3 633 1217 1221 1218
998 3 2 1 3 520 1218 1221 1219
999 3 2 1 3 519 1219 1221 1220
1000 3 2 1 3 481 1223 1224 733
1001 3 2 1 3 475 733 1224 1222
1002 3 2 1 3 473 1222 1224 782
1003 3 2 1 3 547 782 1224 1223
1004 3 2 1 3 458 1226 1227 1005
1005 3 2 1 3 130 1005 1227 716
1006 3 2 1 3 550 716 1227 1225
1007 3 2 1 3 652 1225 1227 1226
1008 3 2 1 3 638 967 1229 1228
1009 3 2 1 3 150 1228 1229 149
1010 3 2 1 3 8 149 1229 166
1011 3 2 1 3 165 166 1229 967
1012 3 2 1 3 590 1103 1232 1230
1013 3 2 1 3 449 1230 1232 1231
1014 3 2 1 3 45 1231 1232 46
1015 3 2 1 3 47 46 1232 1103
1016 3 2 1 3 483 1234 1235 1048
1017 3 2 1 3 568 1048 1235 1233
1018 3 2 1 3 560 1233 1235 737
1019 3 2 1 3 539 737 1235 1234
1020 3 2 1 3 564 1238 1239 1236
1021 3 2 1 3 645 1236 1239 1237
1022 3 2 1 3 584 1237 1239 1105
1023 3 2 1 3 586 1105 1239 1238
1024 3 2 1 3 609 687 1240 710
1025 3 2 1 3 665 710 1240 746
1026 3 2 1 3 574 746 1240 975
1027 3 2 1 3 576 975 1240 687
1028 3 2 1 3 658 950 1244 1241
1029 3 2 1 3 607 1241 1244 1242
1030 3 2 1 3 535 1242 1244 1243
1031 3 2 1 3 532 1243 1244 950
1032 3 2 1 3 555 1247 1248 1245
1033 3 2 1 3 556 1245 1248 1246
1034 3 2 1 3 538 1246 1248 1035
1035 3 2 1 3 522 1035 1248 1247
1036 3 2 1 3 595 1073 1252 1249
1037 3 2 1 3 672 1249 1252 1250
1038 3 2 1 3 661 1250 1252 1251
1039 3 2 1 3 447 1251 1252 1073
1040 3 2 1 3 468 1254 1255 1253
1041 3 2 1 3 637 1253 1255 966
1042 3 2 1 3 163 966 1255 162
1043 3 2 1 3 161 162 1255 1254
1044 3 2 1 3 14 712 1257 719
1045 3 2 1 3 654 719 1257 741
1046 3 2 1 3 472 741 1257 1256
1047 3 2 1 3 460 1256 1257 712
1048 3 2 1 3 549 1260 1261 1258
1049 3 2 1 3 635 1258 1261 1259
1050 3 2 1 3 563 1259 1261 1210
1051 3 2 1 3 534 1210 1261 1260
1052 3 2 1 3 448 1264 1265 1262
1053 3 2 1 3 614 1262 1265 857
1054 3 2 1 3 615 857 1265 1263
1055 3 2 1 3 617 1263 1265 1264
1056 3 2 1 3 652 1226 1268 1266
1057 3 2 1 3 499 1266 1268 1267
1058 3 2 1 3 623 1267 1268 1148
1059 3 2 1 3 458 1148 1268 1226
1060 3 2 1 3 526 1272 1273 1269
1061 3 2 1 3 519 1269 1273 1270
1062 3 2 1 3 527 1270 1273 1271
1063 3 2 1 3 581 1271 1273 1272
1064 3 2 1 3 589 1037 1275 701
1065 3 2 1 3 453 701 1275 1274
1066 3 2 1 3 39 1274 1275 40
1067 3 2 1 3 41 40 1275 1037
1068 3 2 1 3 607 1242 1278 1276
1069 3 2 1 3 468 1276 1278 1277
1070 3 2 1 3 606 1277 1278 1096
1071 3 2 1 3 535 1096 1278 1242
1072 3 2 1 3 477 1281 1282 1279
1073 3 2 1 3 621 1279 1282 944
1074 3 2 1 3 478 944 1282 1280
1075 3 2 1 3 476 1280 1282 1281
1076 3 2 1 3 604 886 1284 1283
1077 3 2 1 3 617 1283 1284 1263
1078 3 2 1 3 615 1263 1284 1080
1079 3 2 1 3 622 1080 1284 886
1080 3 2 1 3 645 1237 1286 898
1081 3 2 1 3 659 898 1286 1285
1082 3 2 1 3 457 1285 1286 1165
1083 3 2 1 3 584 1165 1286 1237
1084 3 2 1 3 588 811 1288 704
1085 3 2 1 3 486 704 1288 1287
1086 3 2 1 3 678 1287 1288 730
1087 3 2 1 3 469 730 1288 811
1088 3 2 1 3 519 1270 1290 1219
1089 3 2 1 3 520 1219 1290 797
1090 3 2 1 3 521 797 1290 1289
1091 3 2 1 3 527 1289 1290 1270
1092 3 2 1 3 552 1117 1293 1291
1093 3 2 1 3 624 1291 1293 952
1094 3 2 1 3 470 952 1293 1292
1095 3 2 1 3 143 1292 1293 1117
1096 3 2 1 3 624 1295 1296 1291
1097 3 2 1 3 552 1291 1296 1294
1098 3 2 1 3 625 1294 1296 1135
1099 3 2 1 3 518 1135 1296 1295
1100 3 2 1 3 510 1299 1300 780
1101 3 2 1 3 515 780 1300 1297
1102 3 2 1 3 526 1297 1300 1298
1103 3 2 1 3 567 1298 1300 1299
1104 3 2 1 3 474 1303 1304 1301
1105 3 2 1 3 460 1301 1304 1302
1106 3 2 1 3 473 1302 1304 1222
1107 3 2 1 3 475 1222 1304 1303
1108 3 2 1 3 643 1306 1307 901
1109 3 2 1 3 500 901 1307 1305
1110 3 2 1 3 525 1305 1307 751
1111 3 2 1 3 634 751 1307 1306
1112 3 2 1 3 562 1188 1309 1308
1113 3 2 1 3 627 1308 1309 1083
1114 3 2 1 3 156 1083 1309 155
1115 3 2 1 3 154 155 1309 1188
1116 3 2 1 3 530 757 1312 948
1117 3 2 1 3 532 948 1312 1310
1118 3 2 1 3 531 1310 1312 1311
1119 3 2 1 3 529 1311 1312 757
1120 3 2 1 3 520 798 1314 1218
1121 3 2 1 3 633 1218 1314 1137
1122 3 2 1 3 565 1137 1314 1313
1123 3 2 1 3 522 1313 1314 798
1124 3 2 1 3 537 850 1316 1033
1125 3 2 1 3 676 1033 1316 1315
1126 3 2 1 3 607 1315 1316 1241
1127 3 2 1 3 658 1241 1316 850
1128 3 2 1 3 63 62 1319 1172
1129 3 2 1 3 613 1172 1319 1317
1130 3 2 1 3 448 1317 1319 1318
1131 3 2 1 3 61 1318 1319 62
1132 3 2 1 3 498 1322 1323 1320
1133 3 2 1 3 647 1320 1323 1321
1134 3 2 1 3 496 1321 1323 1142
1135 3 2 1 3 497 1142 1323 1322
1136 3 2 1 3 620 1183 1326 1324
1137 3 2 1 3 649 1324 1326 1325
1138 3 2 1 3 81 1325 1326 82
1139 3 2 1 3 83 82 1326 1183
1140 3 2 1 3 460 713 1328 1301
1141 3 2 1 3 474 1301 1328 1125
1142 3 2 1 3 641 1125 1328 1327
1143 3 2 1 3 16 1327 1328 713
1144 3 2 1 3 632 1330 1331 1329
1145 3 2 1 3 666 1329 1331 1090
1146 3 2 1 3 651 1090 1331 842
1147 3 2 1 3 631 842 1331 1330
1148 3 2 1 3 527 818 1334 1289
1149 3 2 1 3 521 1289 1334 1332
1150 3 2 1 3 528 1332 1334 1333
1151 3 2 1 3 683 1333 1334 818
1152 3 2 1 3 549 1258 1337 1335
1153 3 2 1 3 577 1335 1337 969
1154 3 2 1 3 554 969 1337 1336
1155 3 2 1 3 635 1336 1337 1258
1156 3 2 1 3 612 1339 1340 754
1157 3 2 1 3 546 754 1340 1338
1158 3 2 1 3 593 1338 1340 1177
1159 3 2 1 3 671 1177 1340 1339
1160 3 2 1 3 482 1022 1342 1049
1161 3 2 1 3 483 1049 1342 1066
1162 3 2 1 3 480 1066 1342 1341
1163 3 2 1 3 479 1341 1342 1022
1164 3 2 1 3 515 1344 1345 779
1165 3 2 1 3 514 779 1345 924
1166 3 2 1 3 516 924 1345 1343
1167 3 2 1 3 517 1343 1345 1344
1168 3 2 1 3 472 1256 1346 977
1169 3 2 1 3 680 977 1346 783
1170 3 2 1 3 473 783 1346 1302
1171 3 2 1 3 460 1302 1346 1256
1172 3 2 1 3 109 108 1348 772
1173 3 2 1 3 598 772 1348 1347
1174 3 2 1 3 602 1347 1348 1201
1175 3 2 1 3 107 1201 1348 108
1176 3 2 1 3 684 999 1350 1349
1177 3 2 1 3 679 1349 1350 933
1178 3 2 1 3 465 933 1350 1197
1179 3 2 1 3 600 1197 1350 999
1180 3 2 1 3 599 839 1352 871
1181 3 2 1 3 629 871 1352 1351
1182 3 2 1 3 662 1351 1352 980
1183 3 2 1 3 455 980 1352 839
1184 3 2 1 3 18 19 1355 1353
1185 3 2 1 3 566 1353 1355 853
1186 3 2 1 3 456 853 1355 1354
1187 3 2 1 3 20 1354 1355 19
1188 3 2 1 3 627 1116 1357 1308
1189 3 2 1 3 562 1308 1357 1356
1190 3 2 1 3 625 1356 1357 1294
1191 3 2 1 3 552 1294 1357 1116
1192 3 2 1 3 59 58 1359 1358
1193 3 2 1 3 617 1358 1359 1283
1194 3 2 1 3 604 1283 1359 1204
1195 3 2 1 3 57 1204 1359 58
1196 3 2 1 3 587 1361 1362 1360
1197 3 2 1 3 542 1360 1362 1195
1198 3 2 1 3 71 1195 1362 72
1199 3 2 1 3 3 72 1362 1361
1200 3 2 1 3 455 837 1363 983
1201 3 2 1 3 598 983 1363 771
1202 3 2 1 3 111 771 1363 112
1203 3 2 1 3 113 112 1363 837
1204 3 2 1 3 538 1032 1365 1246
1205 3 2 1 3 556 1246 1365 693
1206 3 2 1 3 637 693 1365 1364
1207 3 2 1 3 676 1364 1365 1032
1208 3 2 1 3 150 151 1368 1228
1209 3 2 1 3 638 1228 1368 1366
1210 3 2 1 3 578 1366 1368 1367
1211 3 2 1 3 152 1367 1368 151
1212 3 2 1 3 470 1292 1370 1369
1213 3 2 1 3 557 1369 1370 991
1214 3 2 1 3 145 991 1370 144
1215 3 2 1 3 143 144 1370 1292
1216 3 2 1 3 537 1034 1371 849
1217 3 2 1 3 528 849 1371 1332
1218 3 2 1 3 521 1332 1371 799
1219 3 2 1 3 522 799 1371 1034
1220 3 2 1 3 500 1373 1374 900
1221 3 2 1 3 502 900 1374 1160
1222 3 2 1 3 501 1160 1374 1372
1223 3 2 1 3 498 1372 1374 1373
1224 3 2 1 3 532 1376 1377 1243
1225 3 2 1 3 535 1243 1377 1375
1226 3 2 1 3 534 1375 1377 1209
1227 3 2 1 3 533 1209 1377 1376
1228 3 2 1 3 626 1380 1381 1378
1229 3 2 1 3 572 1378 1381 1379
1230 3 2 1 3 539 1379 1381 739
1231 3 2 1 3 561 739 1381 1380
1232 3 2 1 3 507 1383 1384 881
1233 3 2 1 3 508 881 1384 1382
1234 3 2 1 3 4 1382 1384 78
1235 3 2 1 3 79 78 1384 1383
1236 3 2 1 3 554 1385 1386 972
1237 3 2 1 3 22 972 1386 21
1238 3 2 1 3 20 21 1386 1354
1239 3 2 1 3 456 1354 1386 1385
1240 3 2 1 3 509 1145 1388 1151
1241 3 2 1 3 514 1151 1388 778
1242 3 2 1 3 510 778 1388 1387
1243 3 2 1 3 506 1387 1388 1145
1244 3 2 1 3 573 982 1390 1389
1245 3 2 1 3 603 1389 1390 802
1246 3 2 1 3 602 802 1390 1347
1247 3 2 1 3 598 1347 1390 982
1248 3 2 1 3 515 1297 1391 1344
1249 3 2 1 3 517 1344 1391 1220
1250 3 2 1 3 519 1220 1391 1269
1251 3 2 1 3 526 1269 1391 1297
1252 3 2 1 3 147 148 1393 993
1253 3 2 1 3 634 993 1393 750
1254 3 2 1 3 551 750 1393 1392
1255 3 2 1 3 6 1392 1393 148
1256 3 2 1 3 508 1382 1395 873
1257 3 2 1 3 512 873 1395 1394
1258 3 2 1 3 511 1394 1395 1191
1259 3 2 1 3 4 1191 1395 1382
1260 3 2 1 3 457 1166 1397 1396
1261 3 2 1 3 585 1396 1397 1019
1262 3 2 1 3 31 1019 1397 32
1263 3 2 1 3 33 32 1397 1166
1264 3 2 1 3 105 104 1398 1202
1265 3 2 1 3 454 1202 1398 989
1266 3 2 1 3 601 989 1398 1213
1267 3 2 1 3 103 1213 1398 104
1268 3 2 1 3 644 1399 1400 1077
1269 3 2 1 3 660 1077 1400 1158
1270 3 2 1 3 502 1158 1400 902
1271 3 2 1 3 643 902 1400 1399
1272 3 2 1 3 523 883 1401 914
1273 3 2 1 3 648 914 1401 862
1274 3 2 1 3 569 862 1401 874
1275 3 2 1 3 508 874 1401 883
1276 3 2 1 3 518 1402 1403 1138
1277 3 2 1 3 633 1138 1403 1217
1278 3 2 1 3 517 1217 1403 1343
1279 3 2 1 3 516 1343 1403 1402
1280 3 2 1 3 567 1299 1405 863
1281 3 2 1 3 648 863 1405 1404
1282 3 2 1 3 506 1404 1405 1387
1283 3 2 1 3 510 1387 1405 1299
1284 3 2 1 3 516 1402 1406 926
1285 3 2 1 3 670 926 1406 953
1286 3 2 1 3 624 953 1406 1295
1287 3 2 1 3 518 1295 1406 1402
1288 3 2 1 3 539 1234 1408 1379
1289 3 2 1 3 572 1379 1408 1407
1290 3 2 1 3 484 1407 1408 1067
1291 3 2 1 3 483 1067 1408 1234
1292 3 2 1 3 632 1008 1410 1330
1293 3 2 1 3 631 1330 1410 940
1294 3 2 1 3 582 940 1410 1409
1295 3 2 1 3 655 1409 1410 1008
1296 3 2 1 3 499 1412 1413 1266
1297 3 2 1 3 652 1266 1413 1411
1298 3 2 1 3 525 1411 1413 1305
1299 3 2 1 3 500 1305 1413 1412
1300 3 2 1 3 524 1176 1414 807
1301 3 2 1 3 649 807 1414 1324
1302 3 2 1 3 620 1324 1414 918
1303 3 2 1 3 671 918 1414 1176
1304 3 2 1 3 571 825 1417 1415
1305 3 2 1 3 628 1415 1417 1088
1306 3 2 1 3 541 1088 1417 1416
1307 3 2 1 3 536 1416 1417 825
1308 3 2 1 3 466 1199 1419 1011
1309 3 2 1 3 618 1011 1419 1418
1310 3 2 1 3 87 1418 1419 88
1311 3 2 1 3 89 88 1419 1199
1312 3 2 1 3 459 1206 1420 1052
1313 3 2 1 3 596 1052 1420 765
1314 3 2 1 3 117 765 1420 118
1315 3 2 1 3 119 118 1420 1206
1316 3 2 1 3 501 1423 1424 1159
1317 3 2 1 3 503 1159 1424 1421
1318 3 2 1 3 505 1421 1424 1422
1319 3 2 1 3 543 1422 1424 1423
1320 3 2 1 3 648 1404 1426 913
1321 3 2 1 3 559 913 1426 962
1322 3 2 1 3 668 962 1426 1425
1323 3 2 1 3 506 1425 1426 1404
1324 3 2 1 3 461 1428 1429 1186
1325 3 2 1 3 152 1186 1429 1367
1326 3 2 1 3 578 1367 1429 1427
1327 3 2 1 3 555 1427 1429 1428
1328 3 2 1 3 548 1430 1431 1094
1329 3 2 1 3 681 1094 1431 985
1330 3 2 1 3 577 985 1431 1335
1331 3 2 1 3 549 1335 1431 1430
1332 3 2 1 3 652 1411 1433 1225
1333 3 2 1 3 550 1225 1433 1432
1334 3 2 1 3 551 1432 1433 749
1335 3 2 1 3 525 749 1433 1411
1336 3 2 1 3 613 1317 1435 934
1337 3 2 1 3 679 934 1435 1434
1338 3 2 1 3 614 1434 1435 1262
1339 3 2 1 3 448 1262 1435 1317
1340 3 2 1 3 476 1281 1437 1126
1341 3 2 1 3 474 1126 1437 1303
1342 3 2 1 3 475 1303 1437 1436
1343 3 2 1 3 477 1436 1437 1281
1344 3 2 1 3 528 1333 1438 851
1345 3 2 1 3 658 851 1438 949
1346 3 2 1 3 530 949 1438 759
1347 3 2 1 3 683 759 1438 1333
1348 3 2 1 3 576 685 1440 793
1349 3 2 1 3 619 793 1440 1026
1350 3 2 1 3 608 1026 1440 1439
1351 3 2 1 3 464 1439 1440 685
1352 3 2 1 3 498 1373 1442 1322
1353 3 2 1 3 497 1322 1442 1441
1354 3 2 1 3 499 1441 1442 1412
1355 3 2 1 3 500 1412 1442 1373
1356 3 2 1 3 463 1122 1443 887
1357 3 2 1 3 622 887 1443 1062
1358 3 2 1 3 672 1062 1443 1249
1359 3 2 1 3 595 1249 1443 1122
1360 3 2 1 3 513 928 1446 1444
1361 3 2 1 3 581 1444 1446 1445
1362 3 2 1 3 582 1445 1446 942
1363 3 2 1 3 636 942 1446 928
1364 3 2 1 3 478 833 1447 946
1365 3 2 1 3 667 946 1447 722
1366 3 2 1 3 563 722 1447 1259
1367 3 2 1 3 635 1259 1447 833
1368 3 2 1 3 531 1449 1450 1310
1369 3 2 1 3 532 1310 1450 1376
1370 3 2 1 3 533 1376 1450 1448
1371 3 2 1 3 536 1448 1450 1449
1372 3 2 1 3 590 1230 1452 847
1373 3 2 1 3 591 847 1452 879
1374 3 2 1 3 646 879 1452 1451
1375 3 2 1 3 449 1451 1452 1230
1376 3 2 1 3 451 917 1454 1453
1377 3 2 1 3 618 1453 1454 1010
1378 3 2 1 3 612 1010 1454 1339
1379 3 2 1 3 671 1339 1454 917
1380 3 2 1 3 471 1456 1457 1455
1381 3 2 1 3 487 1455 1457 1014
1382 3 2 1 3 678 1014 1457 1287
1383 3 2 1 3 486 1287 1457 1456
1384 3 2 1 3 631 941 1458 841
1385 3 2 1 3 587 841 1458 1361
1386 3 2 1 3 3 1361 1458 1193
1387 3 2 1 3 636 1193 1458 941
1388 3 2 1 3 614 858 1460 1434
1389 3 2 1 3 679 1434 1460 1459
1390 3 2 1 3 571 1459 1460 827
1391 3 2 1 3 616 827 1460 858
1392 3 2 1 3 480 1341 1462 1065
1393 3 2 1 3 621 1065 1462 1279
1394 3 2 1 3 477 1279 1462 1461
1395 3 2 1 3 479 1461 1462 1341
1396 3 2 1 3 651 843 1463 1089
1397 3 2 1 3 628 1089 1463 1001
1398 3 2 1 3 542 1001 1463 1360
1399 3 2 1 3 587 1360 1463 843
1400 3 2 1 3 464 1129 1464 1439
1401 3 2 1 3 608 1439 1464 1086
1402 3 2 1 3 95 1086 1464 96
1403 3 2 1 3 97 96 1464 1129
1404 3 2 1 3 469 809 1465 729
1405 3 2 1 3 597 729 1465 1207
1406 3 2 1 3 121 1207 1465 122
1407 3 2 1 3 123 122 1465 809
1408 3 2 1 3 543 1469 1470 1466
1409 3 2 1 3 558 1466 1470 1467
1410 3 2 1 3 650 1467 1470 1468
1411 3 2 1 3 647 1468 1470 1469
1412 3 2 1 3 580 700 1472 1030
1413 3 2 1 3 564 1030 1472 1238
1414 3 2 1 3 586 1238 1472 1471
1415 3 2 1 3 453 1471 1472 700
1416 3 2 1 3 51 50 1474 1074
1417 3 2 1 3 447 1074 1474 1473
1418 3 2 1 3 594 1473 1474 814
1419 3 2 1 3 49 814 1474 50
1420 3 2 1 3 546 1475 1476 753
1421 3 2 1 3 611 753 1476 904
1422 3 2 1 3 558 904 1476 1466
1423 3 2 1 3 543 1466 1476 1475
1424 3 2 1 3 605 1215 1479 1477
1425 3 2 1 3 665 1477 1479 709
1426 3 2 1 3 452 709 1479 1478
1427 3 2 1 3 101 1478 1479 1215
1428 3 2 1 3 646 1451 1481 1021
1429 3 2 1 3 553 1021 1481 691
1430 3 2 1 3 592 691 1481 1480
1431 3 2 1 3 449 1480 1481 1451
1432 3 2 1 3 667 723 1482 945
1433 3 2 1 3 621 945 1482 1064
1434 3 2 1 3 484 1064 1482 1407
1435 3 2 1 3 572 1407 1482 723
1436 3 2 1 3 61 60 1483 1318
1437 3 2 1 3 448 1318 1483 1264
1438 3 2 1 3 617 1264 1483 1358
1439 3 2 1 3 59 1358 1483 60
1440 3 2 1 3 674 1028 1485 787
1441 3 2 1 3 479 787 1485 1484
1442 3 2 1 3 677 1484 1485 734
1443 3 2 1 3 481 734 1485 1028
1444 3 2 1 3 534 1260 1486 1375
1445 3 2 1 3 535 1375 1486 1095
1446 3 2 1 3 548 1095 1486 1430
1447 3 2 1 3 549 1430 1486 1260
1448 3 2 1 3 547 1223 1487 896
1449 3 2 1 3 645 896 1487 1236
1450 3 2 1 3 564 1236 1487 1029
1451 3 2 1 3 481 1029 1487 1223
1452 3 2 1 3 453 1274 1488 1471
1453 3 2 1 3 586 1471 1488 1107
1454 3 2 1 3 37 1107 1488 38
1455 3 2 1 3 39 38 1488 1274
1456 3 2 1 3 623 1489 1490 1267
1457 3 2 1 3 499 1267 1490 1441
1458 3 2 1 3 497 1441 1490 1141
1459 3 2 1 3 653 1141 1490 1489
1460 3 2 1 3 616 1079 1492 826
1461 3 2 1 3 536 826 1492 1491
1462 3 2 1 3 626 1491 1492 1380
1463 3 2 1 3 561 1380 1492 1079
1464 3 2 1 3 558 1467 1493 906
1465 3 2 1 3 682 906 1493 1024
1466 3 2 1 3 619 1024 1493 795
1467 3 2 1 3 650 795 1493 1467
1468 3 2 1 3 476 1127 1494 1280
1469 3 2 1 3 478 1280 1494 835
1470 3 2 1 3 657 835 1494 854
1471 3 2 1 3 566 854 1494 1127
1472 3 2 1 3 511 1190 1496 1394
1473 3 2 1 3 512 1394 1496 1495
1474 3 2 1 3 513 1495 1496 930
1475 3 2 1 3 639 930 1496 1190
1476 3 2 1 3 10 11 1498 1497
1477 3 2 1 3 675 1497 1498 822
1478 3 2 1 3 485 822 1498 995
1479 3 2 1 3 12 995 1498 11
1480 3 2 1 3 649 1325 1499 806
1481 3 2 1 3 507 806 1499 1383
1482 3 2 1 3 79 1383 1499 80
1483 3 2 1 3 81 80 1499 1325
1484 3 2 1 3 513 1444 1501 1495
1485 3 2 1 3 512 1495 1501 1154
1486 3 2 1 3 579 1154 1501 1500
1487 3 2 1 3 581 1500 1501 1444
1488 3 2 1 3 568 1502 1503 1050
1489 3 2 1 3 591 1050 1503 846
1490 3 2 1 3 462 846 1503 815
1491 3 2 1 3 594 815 1503 1502
1492 3 2 1 3 504 974 1504 1133
1493 3 2 1 3 496 1133 1504 1321
1494 3 2 1 3 647 1321 1504 1468
1495 3 2 1 3 650 1468 1504 974
1496 3 2 1 3 640 1004 1505 894
1497 3 2 1 3 656 894 1505 921
1498 3 2 1 3 545 921 1505 697
1499 3 2 1 3 132 697 1505 1004
1500 3 2 1 3 655 817 1506 1409
1501 3 2 1 3 582 1409 1506 1445
1502 3 2 1 3 581 1445 1506 1271
1503 3 2 1 3 527 1271 1506 817
1504 3 2 1 3 493 1045 1507 1114
1505 3 2 1 3 669 1114 1507 775
1506 3 2 1 3 603 775 1507 1389
1507 3 2 1 3 573 1389 1507 1045
1508 3 2 1 3 618 1418 1508 1453
1509 3 2 1 3 451 1453 1508 1184
1510 3 2 1 3 85 1184 1508 86
1511 3 2 1 3 87 86 1508 1418
1512 3 2 1 3 136 1509 1510 135
1513 3 2 1 3 134 135 1510 1070
1514 3 2 1 3 471 1070 1510 1456
1515 3 2 1 3 486 1456 1510 1509
1516 3 2 1 3 138 1511 1512 137
1517 3 2 1 3 136 137 1512 1509
1518 3 2 1 3 486 1509 1512 706
1519 3 2 1 3 673 706 1512 1511
1520 3 2 1 3 447 1473 1514 1251
1521 3 2 1 3 661 1251 1514 1513
1522 3 2 1 3 568 1513 1514 1502
1523 3 2 1 3 594 1502 1514 1473
1524 3 2 1 3 575 988 1515 747
1525 3 2 1 3 665 747 1515 1477
1526 3 2 1 3 605 1477 1515 1214
1527 3 2 1 3 601 1214 1515 988
1528 3 2 1 3 1 9 1516 24
1529 3 2 1 3 25 24 1516 1055
1530 3 2 1 3 675 1055 1516 1497
1531 3 2 1 3 10 1497 1516 9
1532 3 2 1 3 647 1469 1517 1320
1533 3 2 1 3 498 1320 1517 1372
1534 3 2 1 3 501 1372 1517 1423
1535 3 2 1 3 543 1423 1517 1469
1536 3 2 1 3 565 1518 1519 1136
1537 3 2 1 3 625 1136 1519 1356
1538 3 2 1 3 562 1356 1519 1187
1539 3 2 1 3 461 1187 1519 1518
1540 3 2 1 3 456 1385 1520 855
1541 3 2 1 3 657 855 1520 834
1542 3 2 1 3 635 834 1520 1336
1543 3 2 1 3 554 1336 1520 1385
1544 3 2 1 3 555 1428 1521 1247
1545 3 2 1 3 522 1247 1521 1313
1546 3 2 1 3 565 1313 1521 1518
1547 3 2 1 3 461 1518 1521 1428
1548 3 2 1 3 557 992 1523 1522
1549 3 2 1 3 644 1522 1523 1399
1550 3 2 1 3 643 1399 1523 1306
1551 3 2 1 3 634 1306 1523 992
1552 3 2 1 3 477 1461 1524 1436
1553 3 2 1 3 475 1436 1524 735
1554 3 2 1 3 677 735 1524 1484
1555 3 2 1 3 479 1484 1524 1461
1556 3 2 1 3 449 1231 1525 1480
1557 3 2 1 3 592 1480 1525 1038
1558 3 2 1 3 43 1038 1525 44
1559 3 2 1 3 45 44 1525 1231
1560 3 2 1 3 673 1511 1526 1181
1561 3 2 1 3 125 1181 1526 126
1562 3 2 1 3 5 126 1526 139
1563 3 2 1 3 138 139 1526 1511
1564 3 2 1 3 533 1448 1527 1211
1565 3 2 1 3 572 1211 1527 1378
1566 3 2 1 3 626 1378 1527 1491
1567 3 2 1 3 536 1491 1527 1448
1568 3 2 1 3 541 1416 1529 1091
1569 3 2 1 3 666 1091 1529 1528
1570 3 2 1 3 531 1528 1529 1449
1571 3 2 1 3 536 1449 1529 1416
1572 3 2 1 3 653 1489 1530 1156
1573 3 2 1 3 492 1156 1530 1119
1574 3 2 1 3 544 1119 1530 1149
1575 3 2 1 3 623 1149 1530 1489
1576 3 2 1 3 578 1427 1531 1366
1577 3 2 1 3 638 1366 1531 694
1578 3 2 1 3 556 694 1531 1245
1579 3 2 1 3 555 1245 1531 1427
1580 3 2 1 3 551 1392 1532 1432
1581 3 2 1 3 550 1432 1532 715
1582 3 2 1 3 128 715 1532 127
1583 3 2 1 3 6 127 1532 1392
1584 3 2 1 3 505 1422 1533 964
1585 3 2 1 3 593 964 1533 1338
1586 3 2 1 3 546 1338 1533 1475
1587 3 2 1 3 543 1475 1533 1422
1588 3 2 1 3 585 1101 1534 1396
1589 3 2 1 3 457 1396 1534 1285
1590 3 2 1 3 659 1285 1534 957
1591 3 2 1 3 570 957 1534 1101
1592 3 2 1 3 468 1253 1535 1276
1593 3 2 1 3 607 1276 1535 1315
1594 3 2 1 3 676 1315 1535 1364
1595 3 2 1 3 637 1364 1535 1253
1596 3 2 1 3 161 1254 1536 769
1597 3 2 1 3 681 769 1536 1093
1598 3 2 1 3 606 1093 1536 1277
1599 3 2 1 3 468 1277 1536 1254
1600 3 2 1 3 487 1162 1537 1455
1601 3 2 1 3 471 1455 1537 1069
1602 3 2 1 3 488 1069 1537 1042
1603 3 2 1 3 489 1042 1537 1162
1604 3 2 1 3 452 1478 1538 708
1605 3 2 1 3 609 708 1538 1130
1606 3 2 1 3 99 1130 1538 100
1607 3 2 1 3 101 100 1538 1478
1608 3 2 1 3 571 1415 1539 1459
1609 3 2 1 3 679 1459 1539 1349
1610 3 2 1 3 684 1349 1539 998
1611 3 2 1 3 628 998 1539 1415
1612 3 2 1 3 664 954 1540 1076
1613 3 2 1 3 644 1076 1540 1522
1614 3 2 1 3 557 1522 1540 1369
1615 3 2 1 3 470 1369 1540 954
1616 3 2 1 3 579 1500 1541 1153
1617 3 2 1 3 567 1153 1541 1298
1618 3 2 1 3 526 1298 1541 1272
1619 3 2 1 3 581 1272 1541 1500
1620 3 2 1 3 503 1421 1542 1146
1621 3 2 1 3 506 1146 1542 1425
1622 3 2 1 3 668 1425 1542 961
1623 3 2 1 3 505 961 1542 1421
1624 3 2 1 3 666 1528 1543 1329
1625 3 2 1 3 632 1329 1543 1007
1626 3 2 1 3 529 1007 1543 1311
1627 3 2 1 3 531 1311 1543 1528
1628 3 2 1 3 641 1327 1544 1124
1629 3 2 1 3 566 1124 1544 1353
1630 3 2 1 3 18 1353 1544 17
1631 3 2 1 3 16 17 1544 1327
1632 3 2 1 3 661 1513 1545 1250
1633 3 2 1 3 672 1250 1545 1061
1634 3 2 1 3 560 1061 1545 1233
1635 3 2 1 3 568 1233 1545 1513
1636 3 2 1 3 2 158 1546 23
1637 3 2 1 3 22 23 1546 971
1638 3 2 1 3 630 971 1546 986
1639 3 2 1 3 159 986 1546 158
1640 3 2 1 3 491 1169 1547 1046
1641 3 2 1 3 573 1046 1547 981
1642 3 2 1 3 662 981 1547 1351
1643 3 2 1 3 629 1351 1547 1169
$EndElements
