$MeshFormat
2.2 0 8
$EndMeshFormat
$PhysicalNames
5
1 1 "TopPlate"
1 2 "BottomPlate"
1 3 "FarField"
2 1 "Air"
2 2 "Dielectric"
$EndPhysicalNames
$Nodes
3005
1 0.001 0 0
2 0.09999999999999999 0 0
3 0.09999999999999999 0.001 0
4 0.001 0.001 0
5 0.09999999999999999 0.011 0
6 0.001 0.011 0
7 0.09999999999999999 0.012 0
8 0.001 0.012 0
9 0.001 -0.15 0
10 0.1 -0.15 0
11 0.1 0.15 0
12 0.001 0.15 0
13 0.3 -0.15 0
14 0.3 0 0
15 0.3 0.001 0
16 0.3 0.011 0
17 0.3 0.012 0
18 0.3 0.15 0
19 0 -0.15 0
20 0 0 0
21 0 0.001 0
22 0 0.011 0
23 0 0.012 0
24 0 0.15 0
25 0.003218957994172695 0 0
26 0.005542647664113459 0 0
27 0.007681481741470838 0 0
28 0.01003930935119661 0 0
29 0.01217465007454063 0 0
30 0.01450589999617106 0 0
31 0.01670960576095963 0 0
32 0.01894272563252838 0 0
33 0.02125759764798305 0 0
34 0.02340118251566686 0 0
35 0.02575811876175238 0 0
36 0.02789104486882649 0 0
37 0.03022863351973831 0 0
38 0.0324193326148967 0 0
39 0.03466701541478578 0 0
40 0.03697169646226264 0 0
41 0.03912134183955818 0 0
42 0.0415029062904374 0 0
43 0.0436419112145033 0 0
44 0.04601960592669177 0 0
45 0.04819057386924072 0 0
46 0.05046323981400709 0 0
47 0.05274663089084384 0 0
48 0.05491013936925182 0 0
49 0.05728996214161641 0 0
50 0.05942777373159893 0 0
51 0.06182553241622073 0 0
52 0.06399708572034388 0 0
53 0.0663329845852145 0 0
54 0.06858066738510357 0 0
55 0.07077136648026194 0 0
56 0.07310895513117378 0 0
57 0.07524188123824799 0 0
58 0.07759881748433341 0 0
59 0.07974240235201714 0 0
60 0.08205727436747173 0 0
61 0.08429039423904029 0 0
62 0.08649410000382876 0 0
63 0.08882534992545932 0 0
64 0.09096069064880337 0 0
65 0.0933185182585292 0 0
66 0.09545735233588655 0 0
67 0.09778104200582728 0 0
68 0.1 0.00075002872150508 0
69 0.09798177085075949 0.001 0
70 0.09582076739862246 0.001 0
71 0.09387775746991475 0.001 0
72 0.09172661967086632 0.001 0
73 0.08969039623527326 0.001 0
74 0.0876890169796485 0.001 0
75 0.08552035828787855 0.001 0
76 0.08357522551154674 0.001 0
77 0.0814361641087044 0.001 0
78 0.07938178593075318 0.001 0
79 0.07739512991017783 0.001 0
80 0.07522102477858564 0.001 0
81 0.07327164608891718 0.001 0
82 0.07114687276788595 0.001 0
83 0.06907417798417845 0.001 0
84 0.06710011855152548 0.001 0
85 0.06491715629951235 0.001 0
86 0.06293888302750286 0.001 0
87 0.0608108527413709 0.001 0
88 0.0587102997813819 0.001 0
89 0.056719437482977 0.001 0
90 0.05453719676314932 0.001 0
91 0.05257922720778326 0.001 0
92 0.05047610324019169 0.001 0
93 0.04837959050276047 0.001 0
94 0.04641861707618235 0.001 0
95 0.04423572555070425 0.001 0
96 0.04224799509822093 0.001 0
97 0.04014141699060181 0.001 0
98 0.03803297126812206 0.001 0
99 0.03607722351968443 0.001 0
100 0.03389988144847413 0.001 0
101 0.03192582201582116 0.001 0
102 0.02985312723211361 0.001 0
103 0.0277283539110824 0.001 0
104 0.02577897522141401 0.001 0
105 0.02360487008982193 0.001 0
106 0.02161821406924663 0.001 0
107 0.01956383589129537 0.001 0
108 0.01742477448845303 0.001 0
109 0.01547964171212125 0.001 0
110 0.01331098302035116 0.001 0
111 0.01130960376472655 0.001 0
112 0.009273380329133565 0.001 0
113 0.00712224253008506 0.001 0
114 0.005179232601377301 0.001 0
115 0.003018229149240395 0.001 0
116 0.001 0.000250086145897077 0
117 0.1 0.00224948520089182 0
118 0.1 0.003500685210889685 0
119 0.1 0.00474948698654023 0
120 0.1 0.005999999999999997 0
121 0.1 0.007250513013459764 0
122 0.1 0.008499314789110307 0
123 0.1 0.009750514799108167 0
124 0.09797890067025915 0.011 0
125 0.09581541944358749 0.011 0
126 0.09386980233710389 0.011 0
127 0.09171504347092838 0.011 0
128 0.0896779389029814 0.011 0
129 0.08767194154169304 0.011 0
130 0.08550148283762389 0.011 0
131 0.08355418916410944 0.011 0
132 0.08140989866307934 0.011 0
133 0.07935666153877421 0.011 0
134 0.07736408596565324 0.011 0
135 0.07518839440460794 0.011 0
136 0.07323774775984894 0.011 0
137 0.07110567143023136 0.011 0
138 0.0690361742551471 0.011 0
139 0.06705534086994705 0.011 0
140 0.06487616108125241 0.011 0
141 0.0629204838322179 0.011 0
142 0.06080236940386042 0.011 0
143 0.05871648329629231 0.011 0
144 0.05674571329137901 0.011 0
145 0.05456478962115919 0.011 0
146 0.05260240501396375 0.011 0
147 0.05049999999999984 0.011 0
148 0.04839759498603596 0.011 0
149 0.04643521037884051 0.011 0
150 0.0442542867086207 0.011 0
151 0.04228351670370741 0.011 0
152 0.04019763059613923 0.011 0
153 0.03807951616778181 0.011 0
154 0.03612383891874726 0.011 0
155 0.03394465913005261 0.011 0
156 0.03196382574485254 0.011 0
157 0.02989432856976824 0.011 0
158 0.02776225224015062 0.011 0
159 0.02581160559539174 0.011 0
160 0.02363591403434652 0.011 0
161 0.02164333846122558 0.011 0
162 0.01959010133692045 0.011 0
163 0.01744581083589035 0.011 0
164 0.01549851716237589 0.011 0
165 0.01332805845830662 0.011 0
166 0.01132206109701842 0.011 0
167 0.009284956529071478 0.011 0
168 0.007130197662895923 0.011 0
169 0.005184580556412272 0.011 0
170 0.003021099329740706 0.011 0
171 0.001 0.009750514799108179 0
172 0.001 0.008499314789110314 0
173 0.001 0.007250513013459769 0
174 0.001 0.006000000000000002 0
175 0.001 0.004749486986540236 0
176 0.001 0.003500685210889692 0
177 0.001 0.002249485200891832 0
178 0.1 0.01174991385410292 0
179 0.09797443577373859 0.012 0
180 0.09581695993041944 0.012 0
181 0.09386804103160955 0.012 0
182 0.09171753540128991 0.012 0
183 0.08967563835492488 0.012 0
184 0.08766722269786302 0.012 0
185 0.08550405843027972 0.012 0
186 0.0835539877749862 0.012 0
187 0.08141190949786878 0.012 0
188 0.07935321712364635 0.012 0
189 0.07735923171091701 0.012 0
190 0.07519178707381523 0.012 0
191 0.07323934422021071 0.012 0
192 0.07110710394549291 0.012 0
193 0.06903207649993405 0.012 0
194 0.06705047859176576 0.012 0
195 0.06488017340523405 0.012 0
196 0.06292349448872367 0.012 0
197 0.06080313008062444 0.012 0
198 0.05871223314920204 0.012 0
199 0.05674098141318287 0.012 0
200 0.05456924318779701 0.012 0
201 0.05260629620112564 0.012 0
202 0.05049999999999986 0.012 0
203 0.04839370379887412 0.012 0
204 0.04643075681220273 0.012 0
205 0.04425901858681687 0.012 0
206 0.04228776685079773 0.012 0
207 0.04019686991937529 0.012 0
208 0.03807650551127609 0.012 0
209 0.03611982659476566 0.012 0
210 0.03394952140823393 0.012 0
211 0.03196792350006569 0.012 0
212 0.02989289605450678 0.012 0
213 0.02776065577978906 0.012 0
214 0.02580821292618439 0.012 0
215 0.02364076828908271 0.012 0
216 0.02164678287635352 0.012 0
217 0.01958809050213117 0.012 0
218 0.01744601222501381 0.012 0
219 0.01549594156972044 0.012 0
220 0.01333277730213715 0.012 0
221 0.01132436164507515 0.012 0
222 0.009282464598710155 0.012 0
223 0.007131958968390417 0.012 0
224 0.005183040069580563 0.012 0
225 0.003025564226261448 0.012 0
226 0.001 0.01124997127849492 0
227 0.009250000000000001 -0.15 0
228 0.0175 -0.15 0
229 0.02575 -0.15 0
230 0.03399999999999999 -0.15 0
231 0.04224999999999999 -0.15 0
232 0.05050000000000001 -0.15 0
233 0.05875000000000004 -0.15 0
234 0.06700000000000006 -0.15 0
235 0.07525000000000009 -0.15 0
236 0.08350000000000012 -0.15 0
237 0.09175000000000004 -0.15 0
238 0.1 -0.1401505069903267 0
239 0.1 -0.1303010139806535 0
240 0.1 -0.1204515209709803 0
241 0.1 -0.110602027961307 0
242 0.1 -0.1007525349516338 0
243 0.1 -0.09090304194196056 0
244 0.1 -0.08105354893228729 0
245 0.1 -0.07120405592261403 0
246 0.1 -0.06135456291294075 0
247 0.1 -0.05150506990326749 0
248 0.1 -0.04207068431820153 0
249 0.1 -0.03396838508963392 0
250 0.1 -0.0270474151412534 0
251 0.1 -0.02113553461438716 0
252 0.1 -0.01608561474132389 0
253 0.1 -0.01177198268678598 0
254 0.1 -0.008087285449656062 0
255 0.1 -0.004939823235706159 0
256 0.1 -0.002251265722848506 0
257 0.001 -0.002251265722848526 0
258 0.001 -0.004939823235706299 0
259 0.001 -0.008087285449656194 0
260 0.001 -0.01177198268678627 0
261 0.001 -0.01608561474132432 0
262 0.001 -0.02113553461438762 0
263 0.001 -0.02704741514125387 0
264 0.001 -0.03396838508963445 0
265 0.001 -0.04207068431820201 0
266 0.001 -0.05150506990326814 0
267 0.001 -0.06135456291294131 0
268 0.001 -0.07120405592261449 0
269 0.001 -0.08105354893228769 0
270 0.001 -0.09090304194196089 0
271 0.001 -0.1007525349516341 0
272 0.001 -0.1106020279613073 0
273 0.001 -0.1204515209709804 0
274 0.001 -0.1303010139806536 0
275 0.001 -0.1401505069903269 0
276 0.1 0.01410077753070068 0
277 0.1 0.01658915550610504 0
278 0.1 0.01947443896306669 0
279 0.1 0.02281993498819416 0
280 0.1 0.02669904917964512 0
281 0.1 0.03119689671950466 0
282 0.1 0.03641216494041609 0
283 0.1 0.04245928718146838 0
284 0.1 0.04947094697930288 0
285 0.1 0.05760099010265941 0
286 0.1 0.06675456293203635 0
287 0.1 0.07600405593958787 0
288 0.1 0.08525354894713941 0
289 0.1 0.09450304195469093 0
290 0.1 0.1037525349622425 0
291 0.1 0.113002027969794 0
292 0.1 0.1222515209773455 0
293 0.1 0.131501013984897 0
294 0.1 0.1407505069924485 0
295 0.09175 0.15 0
296 0.0835 0.15 0
297 0.07525000000000001 0.15 0
298 0.06700000000000002 0.15 0
299 0.05875000000000002 0.15 0
300 0.0505 0.15 0
301 0.04224999999999997 0.15 0
302 0.03399999999999995 0.15 0
303 0.02574999999999991 0.15 0
304 0.01749999999999989 0.15 0
305 0.009249999999999967 0.15 0
306 0.001 0.1407505069924485 0
307 0.001 0.131501013984897 0
308 0.001 0.1222515209773455 0
309 0.001 0.113002027969794 0
310 0.001 0.1037525349622424 0
311 0.001 0.09450304195469089 0
312 0.001 0.08525354894713937 0
313 0.001 0.07600405593958784 0
314 0.001 0.0667545629320363 0
315 0.001 0.05760099010265926 0
316 0.001 0.04947094697930297 0
317 0.001 0.04245928718146837 0
318 0.001 0.03641216494041612 0
319 0.001 0.03119689671950469 0
320 0.001 0.02669904917964516 0
321 0.001 0.02281993498819415 0
322 0.001 0.01947443896306669 0
323 0.001 0.01658915550610501 0
324 0.001 0.01410077753070071 0
325 0.11 -0.15 0
326 0.12 -0.15 0
327 0.13 -0.15 0
328 0.14 -0.15 0
329 0.1500000000000001 -0.15 0
330 0.1600000000000001 -0.15 0
331 0.1700000000000001 -0.15 0
332 0.1800000000000001 -0.15 0
333 0.1900000000000001 -0.15 0
334 0.2000000000000001 -0.15 0
335 0.2100000000000002 -0.15 0
336 0.2200000000000001 -0.15 0
337 0.2300000000000001 -0.15 0
338 0.2400000000000002 -0.15 0
339 0.2500000000000001 -0.15 0
340 0.2600000000000001 -0.15 0
341 0.2700000000000001 -0.15 0
342 0.28 -0.15 0
343 0.29 -0.15 0
344 0.3 -0.140625 0
345 0.3 -0.13125 0
346 0.3 -0.121875 0
347 0.3 -0.1125000000000001 0
348 0.3 -0.1031250000000001 0
349 0.3 -0.0937500000000001 0
350 0.3 -0.08437500000000012 0
351 0.3 -0.07500000000000011 0
352 0.3 -0.06562500000000011 0
353 0.3 -0.05625000000000011 0
354 0.3 -0.04687500000000007 0
355 0.3 -0.03750000000000006 0
356 0.3 -0.02812500000000005 0
357 0.3 -0.01875000000000002 0
358 0.3 -0.009375000000000022 0
359 0.2910653978210617 0 0
360 0.2821307956421233 0 0
361 0.273196193463185 0 0
362 0.2642615912842466 0 0
363 0.2553269891053083 0 0
364 0.2463923869263699 0 0
365 0.2374577847474315 0 0
366 0.2285231825684932 0 0
367 0.2195885803895548 0 0
368 0.2106539782106165 0 0
369 0.2017193760316781 0 0
370 0.1927847738527398 0 0
371 0.1838501716738014 0 0
372 0.174915569494863 0 0
373 0.1659809673159247 0 0
374 0.1570463651369864 0 0
375 0.1481396996786739 0 0
376 0.1400606226249499 0 0
377 0.1330574103815505 0 0
378 0.1269866657532576 0 0
379 0.1217240570360485 0 0
380 0.1171617576044179 0 0
381 0.1132062074056389 0 0
382 0.109776123369876 0 0
383 0.1068006535951036 0 0
384 0.1042173503287937 0 0
385 0.1019682674119682 0 0
386 0.3 0.0002499999999999993 0
387 0.2910503617044026 0.001 0
388 0.2821007234088053 0.001 0
389 0.2731510851132079 0.001 0
390 0.2642014468176105 0.001 0
391 0.2552518085220132 0.001 0
392 0.2463021702264158 0.001 0
393 0.2373525319308184 0.001 0
394 0.228402893635221 0.001 0
395 0.2194532553396237 0.001 0
396 0.2105036170440263 0.001 0
397 0.201553978748429 0.001 0
398 0.1926043404528316 0.001 0
399 0.1836547021572342 0.001 0
400 0.1747050638616369 0.001 0
401 0.1657554255660395 0.001 0
402 0.1568057872704422 0.001 0
403 0.1478925020576036 0.001 0
404 0.1398352823153406 0.001 0
405 0.1328530105372772 0.001 0
406 0.1268022719241874 0.001 0
407 0.1215587887174307 0.001 0
408 0.1170148612330782 0.001 0
409 0.1130771586162338 0.001 0
410 0.1096648010244711 0.001 0
411 0.1067077006003357 0.001 0
412 0.1041451198110792 0.001 0
413 0.1019244238540302 0.001 0
414 0.3 0.005999999999999998 0
415 0.2910503617044026 0.011 0
416 0.2821007234088053 0.011 0
417 0.2731510851132079 0.011 0
418 0.2642014468176105 0.011 0
419 0.2552518085220132 0.011 0
420 0.2463021702264158 0.011 0
421 0.2373525319308184 0.011 0
422 0.228402893635221 0.011 0
423 0.2194532553396237 0.011 0
424 0.2105036170440263 0.011 0
425 0.201553978748429 0.011 0
426 0.1926043404528316 0.011 0
427 0.1836547021572342 0.011 0
428 0.1747050638616369 0.011 0
429 0.1657554255660395 0.011 0
430 0.1568057872704422 0.011 0
431 0.1478925020576036 0.011 0
432 0.1398352823153406 0.011 0
433 0.1328530105372772 0.011 0
434 0.1268022719241874 0.011 0
435 0.1215587887174307 0.011 0
436 0.1170148612330782 0.011 0
437 0.1130771586162338 0.011 0
438 0.1096648010244711 0.011 0
439 0.1067077006003357 0.011 0
440 0.1041451198110792 0.011 0
441 0.1019244238540302 0.011 0
442 0.3 0.01125 0
443 0.2910653978210617 0.012 0
444 0.2821307956421233 0.012 0
445 0.273196193463185 0.012 0
446 0.2642615912842466 0.012 0
447 0.2553269891053083 0.012 0
448 0.2463923869263699 0.012 0
449 0.2374577847474315 0.012 0
450 0.2285231825684932 0.012 0
451 0.2195885803895548 0.012 0
452 0.2106539782106165 0.012 0
453 0.2017193760316781 0.012 0
454 0.1927847738527398 0.012 0
455 0.1838501716738014 0.012 0
456 0.174915569494863 0.012 0
457 0.1659809673159247 0.012 0
458 0.1570463651369864 0.012 0
459 0.1481396996786739 0.012 0
460 0.1400606226249499 0.012 0
461 0.1330574103815505 0.012 0
462 0.1269866657532576 0.012 0
463 0.1217240570360485 0.012 0
464 0.1171617576044179 0.012 0
465 0.1132062074056389 0.012 0
466 0.109776123369876 0.012 0
467 0.1068006535951036 0.012 0
468 0.1042173503287937 0.012 0
469 0.1019682674119682 0.012 0
470 0.3 0.02062499999999999 0
471 0.3 0.02924999999999998 0
472 0.3 0.03787499999999995 0
473 0.3 0.04649999999999993 0
474 0.3 0.05512499999999991 0
475 0.3 0.06374999999999993 0
476 0.3 0.07237499999999993 0
477 0.3 0.08099999999999993 0
478 0.3 0.08962499999999994 0
479 0.3 0.09824999999999993 0
480 0.3 0.1068749999999999 0
481 0.3 0.1155 0
482 0.3 0.124125 0
483 0.3 0.13275 0
484 0.3 0.141375 0
485 0.29 0.15 0
486 0.28 0.15 0
487 0.27 0.15 0
488 0.26 0.15 0
489 0.2499999999999999 0.15 0
490 0.2399999999999999 0.15 0
491 0.2299999999999999 0.15 0
492 0.2199999999999999 0.15 0
493 0.2099999999999999 0.15 0
494 0.1999999999999998 0.15 0
495 0.1899999999999998 0.15 0
496 0.1799999999999998 0.15 0
497 0.1699999999999998 0.15 0
498 0.1599999999999998 0.15 0
499 0.1499999999999999 0.15 0
500 0.1399999999999999 0.15 0
501 0.1299999999999999 0.15 0
502 0.12 0.15 0
503 0.11 0.15 0
504 0.0002499999999999993 -0.15 0
505 0.0002556741707308466 0 0
506 0 -0.002301636886754899 0
507 0 -0.004995683792514077 0
508 0 -0.008149042268875015 0
509 0 -0.01184002249351408 0
510 0 -0.01616028360600071 0
511 0 -0.02121711393413657 0
512 0 -0.02713608948838496 0
513 0 -0.03406420262753837 0
514 0 -0.04217349982333519 0
515 0 -0.05161009654400489 0
516 0 -0.06144908688960439 0
517 0 -0.0712880772352039 0
518 0 -0.08112706758080343 0
519 0 -0.09096605792640296 0
520 0 -0.1008050482720025 0
521 0 -0.110644038617602 0
522 0 -0.1204830289632015 0
523 0 -0.130322019308801 0
524 0 -0.1401610096544005 0
525 0.0002498965630474158 0.001 0
526 0 0.0002572606266120142 0
527 0.0002500069174488673 0.011 0
528 0 0.009750748004783039 0
529 0 0.008499778783355984 0
530 0 0.007251205379172197 0
531 0 0.006000312910214799 0
532 0 0.004749265310165754 0
533 0 0.003500221216644023 0
534 0 0.002249251995216972 0
535 0.0002556741972263932 0.012 0
536 0 0.01124283191860313 0
537 0.0007500000000000007 0.15 0
538 0 0.1407610096548676 0
539 0 0.1315220193097352 0
540 0 0.1222830289646028 0
541 0 0.1130440386194704 0
542 0 0.103805048274338 0
543 0 0.09456605792920561 0
544 0 0.08532706758407319 0
545 0 0.07608807723894076 0
546 0 0.06684908689380836 0
547 0 0.05770038863860173 0
548 0 0.04956525176649298 0
549 0 0.0425480214087687 0
550 0 0.03649507640861968 0
551 0 0.03127390934055985 0
552 0 0.02677021861214206 0
553 0 0.02288541151614915 0
554 0 0.01953444282836581 0
555 0 0.01664395400420204 0
556 0 0.0141506673922803 0
557 0.01083748216046837 0.00445424401390532 0
558 0.09022464610628692 0.004353014466654862 0
559 0.06860555885838246 0.004919232075227131 0
560 0.03221444883737763 0.004864625346161396 0
561 0.0471840683584113 0.004410248356712899 0
562 0.05489614180788074 0.004975436655430012 0
563 0.0247153894781432 0.007393064320969343 0
564 0.0762779364727272 0.007392679224847197 0
565 0.04031596488162599 0.004458042697271399 0
566 0.09751123649801258 0.004926144164801092 0
567 0.003326778664311948 0.004812837605823207 0
568 0.0932757634026708 0.007372703426282495 0
569 0.008414073944638722 0.007864585127053611 0
570 0.06356599074386939 0.007693696267041489 0
571 0.01620563371402817 0.007667301721713283 0
572 0.08483389306970013 0.007634011283968266 0
573 0.04330123522270341 0.007768340657921142 0
574 0.05202770258574377 0.007086234938424195 0
575 0.01906540999583625 0.004194210703280665 0
576 0.08194131069484173 0.004186108135229783 0
577 0.03663498368463197 0.007412698641404468 0
578 0.05944559325832065 0.004407135348790495 0
579 0.07157366780526053 0.006954731340590914 0
580 0.02936281325490789 0.006934213072427897 0
581 0.09670366661632407 0.008084786471277182 0
582 0.00462434070851394 0.007617769921471879 0
583 0.00735851281332979 0.004869740973243972 0
584 0.09356003992197595 0.004605763685800714 0
585 0.01218371042211368 0.007756428950982189 0
586 0.08896819256024369 0.007639010198871332 0
587 0.0675006059611519 0.007791912127525448 0
588 0.03326701707731883 0.007707708043240452 0
589 0.04792355159409983 0.008167732228217548 0
590 0.07336457659470341 0.004056315975957195 0
591 0.05095962711280787 0.004222365571043135 0
592 0.01483360233643968 0.004331863097109409 0
593 0.08619632908756311 0.004300347399720904 0
594 0.03620603309851266 0.003840392416389652 0
595 0.02761033197969458 0.004050558577393917 0
596 0.06436390957371879 0.003896178819694421 0
597 0.04348976589795708 0.004599916354565145 0
598 0.05651842300788656 0.007784234518153473 0
599 0.02385261639378769 0.003654320677089974 0
600 0.07714256153122215 0.003655131609741001 0
601 0.02040271367852858 0.00756334419410647 0
602 0.08060452228108694 0.007555005433085217 0
603 0.05951562227263658 0.007725738108937398 0
604 0.039718242872248 0.007460553449534077 0
605 0.0951491524566645 0.005459669501623477 0
606 0.005317768356374153 0.005579138382901943 0
607 0.07008812969887609 0.005649244877555111 0
608 0.06787462554830714 0.00634854675718335 0
609 0.06932292731809025 0.007629346172884913 0
610 0.06914917371428245 0.006547719424767888 0
611 0.03079717016685253 0.005610435327741825 0
612 0.0315463121803204 0.007583831289619539 0
613 0.03288760153712511 0.006271394774516817 0
614 0.03169242499315089 0.006494365553195394 0
615 0.05345552143864895 0.006319782158347066 0
616 0.05273349845221804 0.004354176825202952 0
617 0.05131780908618412 0.005663933023518377 0
618 0.05255394112372033 0.005439567986622202 0
619 0.04093232039948608 0.002990651940211253 0
620 0.04189196275325971 0.004613355142099364 0
621 0.04312334469609216 0.003008826201860052 0
622 0.04199710212412688 0.003473981704131833 0
623 0.03709308802586683 0.008944699895530379 0
624 0.03921213066158266 0.008956058672644472 0
625 0.03817797030284174 0.007336882656524641 0
626 0.03815369099438198 0.008488412040225693 0
627 0.06365399400095297 0.002485220978566268 0
628 0.06582579867193773 0.002440680849254734 0
629 0.06479919340110148 0.001972477093641205 0
630 0.03505095752136358 0.00245290404097423 0
631 0.03711750344221091 0.002452903997000655 0
632 0.03606937109096291 0.001961287626435567 0
633 0.04928338391602737 0.009577709848744597 0
634 0.0471872569400629 0.009548714549389114 0
635 0.04828806131234142 0.01004641398102734 0
636 0.02273129192784024 0.002364439608647682 0
637 0.02481167359188602 0.002364439597812389 0
638 0.0237270765612825 0.001901464314044535 0
639 0.0761857152025007 0.002365203096545548 0
640 0.07826609687109046 0.002365203105207436 0
641 0.07727122354360363 0.00190191089223415 0
642 0.09879755377393502 0.00395330877794914 0
643 0.09878266164416717 0.005606706241827459 0
644 0.09918169193861459 0.004784158394862894 0
645 0.002078106347479777 0.005571092915664379 0
646 0.002129976693419557 0.003916761910553022 0
647 0.001751906056606467 0.004753274213239218 0
648 0.003695653542461735 0.006284967127397493 0
649 0.005214024290504687 0.006313775252116246 0
650 0.004650013541784626 0.005153979175695586 0
651 0.00448324557749101 0.005938882463469356 0
652 0.09311789262642796 0.005876569987790617 0
653 0.09459167797272788 0.006236743177811307 0
654 0.09461200887019669 0.004974073249008857 0
655 0.09407781150533442 0.005725736638939484 0
656 0.03999833031463479 0.005954153749916842 0
657 0.04141285286870382 0.007638582703530388 0
658 0.04350790619140696 0.006167943570352629 0
659 0.04170896814995206 0.006087369403782321 0
660 0.01553693859295167 0.005999098876423301 0
661 0.0128054113553354 0.004382534471508675 0
662 0.0115442727393785 0.006119990292473603 0
663 0.01417307034489482 0.00770875302259268 0
664 0.0135119543875088 0.006052577589465174 0
665 0.08824382580040002 0.004325072805918243 0
666 0.08550301431340608 0.0059613034128315 0
667 0.08690706683182227 0.007645665776085455 0
668 0.0895758359829241 0.005990927106231182 0
669 0.08756070017031625 0.005981749413357373 0
670 0.04910754710180261 0.004300767597091758 0
671 0.04752926924241791 0.00615060832832762 0
672 0.05023092179112087 0.007593293528025418 0
673 0.04954067335498033 0.005943271034390228 0
674 0.03640352901908098 0.005796648612382999 0
675 0.03396731118705955 0.004376843420525506 0
676 0.03498315344886919 0.007587702289014493 0
677 0.03456487220235303 0.005989068684798649 0
678 0.04525851619969986 0.004504965380203738 0
679 0.04537500159377163 0.007874471060603622 0
680 0.04544594690055875 0.006197952280211743 0
681 0.06674782833676712 0.004440884677514041 0
682 0.06391600742902354 0.005951998115972668 0
683 0.06558307558229665 0.007749348349013157 0
684 0.06602585108199241 0.006105934105926483 0
685 0.08124506155565339 0.005850073001226941 0
686 0.08273107052653458 0.007603280095468983 0
687 0.08409545764063819 0.004259322880940624 0
688 0.08339563552695869 0.005919674475167869 0
689 0.01828725805559746 0.007621119957882987 0
690 0.0197636723204857 0.005859485741249414 0
691 0.01692069987825014 0.004276314290301433 0
692 0.01762481272576244 0.005939880766187565 0
693 0.03852007344487618 0.004221203050371291 0
694 0.03825183664363262 0.005814856631106685 0
695 0.07844794110224999 0.007482543014522332 0
696 0.07968950023164134 0.004042540896553226 0
697 0.07676746721772053 0.005609743530779763 0
698 0.07902386279952182 0.005730601851993112 0
699 0.0225527533388373 0.007485668029613191 0
700 0.02422594363471415 0.005609223660659336 0
701 0.02131236742156288 0.004045398493556739 0
702 0.02197710951366865 0.005734226021444927 0
703 0.05958966410241414 0.0060854050206002 0
704 0.06149952655472356 0.007687362712341035 0
705 0.06167955658428265 0.004245011280135137 0
706 0.06169587507567544 0.005970721497674186 0
707 0.01026488672913183 0.007813085435357796 0
708 0.008995376632213177 0.004600201484138235 0
709 0.007964140506214232 0.006359592823605 0
710 0.009687987571957032 0.00622505211161693 0
711 0.09100041321834132 0.007586687307963439 0
712 0.09204045835457808 0.004424506400747374 0
713 0.09147118109843472 0.005977649662692879 0
714 0.09682246844425205 0.003197108910345085 0
715 0.09837341250224034 0.002601535754983762 0
716 0.004088262346036486 0.003188320601688107 0
717 0.002583242135101915 0.002582839241886597 0
718 0.09711796595353181 0.006639992734191693 0
719 0.09834772415832468 0.008287844703658035 0
720 0.09855660398925115 0.006921917724585524 0
721 0.002715815509145326 0.008135848197226991 0
722 0.002414526532768371 0.006783426300421411 0
723 0.09628636356329917 0.009533209003180219 0
724 0.09506489916259397 0.007862259641184656 0
725 0.09244662465285471 0.009297010597336852 0
726 0.09440761712884324 0.009403127691541835 0
727 0.006626148948589893 0.007853850694569833 0
728 0.004892547841234274 0.00943035995565499 0
729 0.008837724639851982 0.009419038921960263 0
730 0.006872215616599932 0.009407747390007555 0
731 0.002923579128725193 0.009562645381043995 0
732 0.07475270567014235 0.003966358811189161 0
733 0.07275836954357952 0.00512415215990657 0
734 0.07407543428840543 0.007250750640122299 0
735 0.07459550917396471 0.005498776948130743 0
736 0.02623254694003946 0.003963345766558105 0
737 0.02690138584397456 0.007247191169414716 0
738 0.02820099475635596 0.005111999361975733 0
739 0.02638268737510758 0.005493559244333835 0
740 0.05772931556848426 0.007769839110720805 0
741 0.05729583017429338 0.004606678994067723 0
742 0.05596718385615721 0.006746853300137017 0
743 0.05763575535903639 0.006274042750864656 0
744 0.05308514908194032 0.00866880398649173 0
745 0.05579563560654927 0.008823996538899455 0
746 0.0545559749995258 0.007669241487580612 0
747 0.03122457066106947 0.003293068311017218 0
748 0.02843961377032692 0.003070732258535133 0
749 0.02969452276466926 0.00424786032385384 0
750 0.07253497697062918 0.003074800656307499 0
751 0.06967995156008427 0.003324265357320401 0
752 0.07123863146897033 0.004268953821326699 0
753 0.02524141327812077 0.009188260674465688 0
754 0.02955594441444622 0.009113202363778553 0
755 0.02738980429338999 0.009119166480877437 0
756 0.07140698038528406 0.009125378570417845 0
757 0.07575353389950792 0.009188299986704935 0
758 0.07359407034808305 0.009123108012915646 0
759 0.0548053538455147 0.002837229655416278 0
760 0.05912529388071888 0.002706352142637629 0
761 0.05696093392621179 0.002807512521341294 0
762 0.09627914443171147 0.005170123348332475 0
763 0.09441323699427057 0.003195861437924731 0
764 0.09552523302827969 0.004083112074130505 0
765 0.006084868446403276 0.005262609868279105 0
766 0.006510904522129671 0.003303201392738713 0
767 0.005314716281680926 0.004165656951067681 0
768 0.0336012274471169 0.009296574361345757 0
769 0.0354602167726609 0.009235252619337584 0
770 0.06725332272803185 0.009353456195333025 0
771 0.06322080449615167 0.009358486330845125 0
772 0.06524408387719814 0.009369579336407046 0
773 0.05072118858196982 0.002655024485338898 0
774 0.04678898828552516 0.002707755815172595 0
775 0.04875384680911302 0.002661088102509454 0
776 0.01006951876135975 0.00274831485742901 0
777 0.008164754426800584 0.00287986513818058 0
778 0.09095038793051881 0.00269341892610873 0
779 0.09282987113283035 0.00279401152374834 0
780 0.01278859005546606 0.00938001369636186 0
781 0.01685783827662077 0.009333522038690889 0
782 0.01481440966633916 0.009355942692950368 0
783 0.08831106604395342 0.009310732303085673 0
784 0.08416713085486721 0.009313739187903316 0
785 0.08623630591186073 0.009318344248844252 0
786 0.08270839675722118 0.002574660167063506 0
787 0.08052062615767684 0.002483851755130363 0
788 0.01829554431098387 0.002579410726561598 0
789 0.02047994364312706 0.002485555107449587 0
790 0.04284594490395618 0.009377797343549746 0
791 0.04494274649508493 0.009462316387434781 0
792 0.03918395676856564 0.002634045223382876 0
793 0.05128489883351794 0.009249723368238896 0
794 0.06133671575200589 0.002597534332354098 0
795 0.08691066119245169 0.002647090766716093 0
796 0.08895420704896767 0.002665202324972691 0
797 0.01410473488363952 0.002665182355809566 0
798 0.01206752940159356 0.002697695376851691 0
799 0.0330419496105161 0.002740823143742985 0
800 0.06782308332178744 0.002764598500343625 0
801 0.07998414132561742 0.009273977434871872 0
802 0.07787804401693248 0.009237499032649825 0
803 0.02102033603481782 0.009278976315563382 0
804 0.02312205610004983 0.009239512243619812 0
805 0.07419998761773071 0.002539225792293149 0
806 0.02679079863440949 0.00253757701561023 0
807 0.05919705232452183 0.009353922208251972 0
808 0.05735605007461234 0.009288501285647434 0
809 0.0692778062795381 0.009246886493308583 0
810 0.03164621301803086 0.009219272920414291 0
811 0.05271665599821065 0.002741174631360683 0
812 0.01080136531093823 0.0094040193889982 0
813 0.09038331574818587 0.009283886276869257 0
814 0.04485032238013893 0.002787724949922275 0
815 0.08207901283511231 0.009298206003339145 0
816 0.01893256868492416 0.009308634662314496 0
817 0.04089473578295265 0.009266234636448892 0
818 0.08482449782070021 0.00262126294631908 0
819 0.01618436280513381 0.002631080992590931 0
820 0.06118268246952261 0.009352381269439183 0
821 0.006450122670400932 0.00646101688079486 0
822 0.09572892747648215 0.006471636783153262 0
823 0.09814474267166161 0.00964375327114749 0
824 0.05308366373531226 -0.004806821027981328 0
825 0.06618398531843721 -0.003215548557705478 0
826 0.03972246300956633 -0.004609808629942994 0
827 0.02653745614620038 -0.00465414762488417 0
828 0.08006329328056133 -0.004634044171765453 0
829 0.08378692827692041 -0.04216473630651212 0
830 0.01699251283741415 -0.04172605204573687 0
831 0.08261760903312901 -0.1060126451117538 0
832 0.01625657565804099 -0.003283175162101928 0
833 0.044589899325424 -0.132734570762348 0
834 0.01618928185740694 -0.07826910540098911 0
835 0.08728495895807116 -0.003772648175878177 0
836 0.008741811947949589 -0.01608515420285438 0
837 0.0909645065471086 -0.01540530379855477 0
838 0.007297337971874415 -0.004291176028653657 0
839 0.06871167993019675 -0.137798278699544 0
840 0.01957949144586339 -0.1199690221897311 0
841 0.0929021712319559 -0.008267119880940851 0
842 0.01173582194721089 -0.03129087091521008 0
843 0.02682159060301544 -0.03441210576598405 0
844 0.02664933233718541 -0.05311199210955206 0
845 0.0348251532166554 -0.04077017149418434 0
846 0.04158665677283889 -0.05805470651420951 0
847 0.03634840904159831 -0.02908302428220116 0
848 0.05025367723330287 -0.03171123245787827 0
849 0.04960231013742718 -0.02157754930685928 0
850 0.05871273886433452 -0.0242453099969168 0
851 0.05953961050489701 -0.03958263383312474 0
852 0.05822477564715169 -0.01580590966592744 0
853 0.06577413023904907 -0.02101319176918996 0
854 0.04029667902543636 -0.01646776636747196 0
855 0.02969890031605681 -0.02304539674049433 0
856 0.04647644841792013 -0.01329324617372116 0
857 0.0307509513682271 -0.01678149775498013 0
858 0.02361373629006745 -0.01607643465382524 0
859 0.08777061014806073 -0.02988301076243829 0
860 0.06523899052048079 -0.01541437125443742 0
861 0.07250859759874026 -0.01473518778132379 0
862 0.07332590014924803 -0.02372518564519377 0
863 0.08306289225525433 -0.02022238139906914 0
864 0.08658757705942023 -0.01184597476063166 0
865 0.08377022505956885 -0.05937491644087663 0
866 0.0818464826311246 -0.07520057435081776 0
867 0.06484861759828948 -0.0933863091131668 0
868 0.06478891596557572 -0.06658780710066801 0
869 0.06580331766921528 -0.1105517523900582 0
870 0.04386853031215327 -0.1017325361647465 0
871 0.05134771991167926 -0.0756645374033524 0
872 0.05788928381384359 -0.009703698940863037 0
873 0.08047076219549334 -0.01211552814461381 0
874 0.0765020181520062 -0.007032801018980045 0
875 0.05087812642223184 -0.1180554392973826 0
876 0.02865885220013048 -0.1102117567698284 0
877 0.03303844187020333 -0.08574648996470664 0
878 0.08224332882205429 -0.1238153213163637 0
879 0.05659148407650631 -0.1369316219187581 0
880 0.02774973289336815 -0.135546717115852 0
881 0.0239211312716239 -0.06633244968151006 0
882 0.07081046299420302 -0.05034544263607227 0
883 0.05694852713971378 -0.05337524093696529 0
884 0.03642506256343706 -0.009810807983421585 0
885 0.03101003315978335 -0.0101973377484789 0
886 0.07487952600640832 -0.03746167119529019 0
887 0.0914518748833951 -0.0037646388278125 0
888 0.07149581388275274 -0.003902416535463027 0
889 0.06133178939075719 -0.004015384457680946 0
890 0.08300935931090281 -0.007000850976437809 0
891 0.01220152927654074 -0.003531378244931299 0
892 0.01466747937642109 -0.007897673566791191 0
893 0.01968217619935942 -0.009040568061529544 0
894 0.02153449319287869 -0.004264528774607715 0
895 0.04431367182333094 -0.003320523846146228 0
896 0.07504381097351912 -0.003861695624550535 0
897 0.05702989743975478 -0.004851244345316086 0
898 0.05230474120417287 -0.009471434268573581 0
899 0.007283448391021623 -0.01074432471045651 0
900 0.04895368054445703 -0.003975087351583972 0
901 0.01781160071107148 -0.09948422568645002 0
902 0.01402519407463445 -0.06041844217918961 0
903 0.03381785545030754 -0.1239004078160251 0
904 0.04087944768379304 -0.009260572105255743 0
905 0.02131750985591115 -0.02491079159869119 0
906 0.01359183990089771 -0.01998486505141892 0
907 0.02519951364792028 -0.009869509015831737 0
908 0.07133664714396948 -0.008562678330858414 0
909 0.06562258724380503 -0.1252702099633532 0
910 0.01733558791369919 -0.01438057363472431 0
911 0.03589637983130493 -0.004973985051868732 0
912 0.04852093549751765 -0.04538965231481365 0
913 0.03672973351472222 -0.07040600545940909 0
914 0.06662914452197972 -0.03181304800493406 0
915 0.05136911275094618 -0.01493945066311402 0
916 0.06443324681417058 -0.008396190128195841 0
917 0.08327440748519979 -0.003668756165605191 0
918 0.09330675051290706 -0.02220167178328598 0
919 0.009207262623407979 -0.02434938417931287 0
920 0.08267771297175368 -0.1363982691953816 0
921 0.01661068638111021 -0.1339354351558897 0
922 0.005234300419399505 -0.006870664114554489 0
923 0.03144758830196662 -0.004846146391497066 0
924 0.08736479274681223 -0.007939803083061026 0
925 0.04649909224940957 -0.008210676537124401 0
926 0.09530697868830143 -0.004161527336620494 0
927 0.05363817014576737 -0.06213758715482778 0
928 0.01233177835768735 -0.01230675261499392 0
929 0.004824797157930633 -0.002882491515538183 0
930 0.07845459394592733 -0.03062940365909269 0
931 0.0104837692347776 -0.006407626401314717 0
932 0.09529530336988434 -0.0142189210361857 0
933 0.09211717303422402 -0.01153887666171213 0
934 0.09594115361951902 -0.009850504869482649 0
935 0.09452011338935215 -0.01185189208777905 0
936 0.03023822322017303 -0.03799899286150717 0
937 0.03096893179351717 -0.03171462429986068 0
938 0.03647442819178178 -0.03552810549453342 0
939 0.03260698338977047 -0.03495446089897043 0
940 0.08926103974303967 -0.08402547818602146 0
941 0.0921395656849499 -0.07259316815371035 0
942 0.09384299942868307 -0.07917960859492473 0
943 0.03739870812609335 -0.01254803122045373 0
944 0.03865599823199858 -0.009496804643589568 0
945 0.04097044550035719 -0.01198288761035257 0
946 0.03907397127865941 -0.01151378391797581 0
947 0.04920361670727496 -0.02574588547760025 0
948 0.0536607494135953 -0.02273129177533244 0
949 0.05517325651940128 -0.02833202225429921 0
950 0.05272742149812182 -0.02568784375019463 0
951 0.05988046779474104 -0.07183762996887702 0
952 0.05212886660725886 -0.06776478199734869 0
953 0.05909403380156546 -0.06387256009512449 0
954 0.05689962558955132 -0.06794174259307484 0
955 0.07523530015958059 -0.09844963339499485 0
956 0.07308930101494993 -0.1088932047465354 0
957 0.06471959949655512 -0.1035633451778896 0
958 0.07106088507372604 -0.1034750035039483 0
959 0.07939236220327932 -0.04649297533158417 0
960 0.07284556190086144 -0.04268203096049278 0
961 0.07908946699764718 -0.03955701930602586 0
962 0.07689515645318304 -0.04305338056781074 0
963 0.0923553910216313 -0.1090211925884752 0
964 0.08958381416088718 -0.09777929702883402 0
965 0.09406990938541883 -0.1025075215936275 0
966 0.009746434892316351 -0.07497166948508058 0
967 0.01062169943594575 -0.08407166168533392 0
968 0.006754065908579555 -0.08006671291777015 0
969 0.009229323746324215 -0.05646137834379589 0
970 0.00904837431039722 -0.06499949252733372 0
971 0.006032364308588334 -0.06097505994632398 0
972 0.05876629330338076 -0.1129673701956339 0
973 0.06651151522422782 -0.1172414991523443 0
974 0.05813661420394945 -0.1221504172011049 0
975 0.0610310791878157 -0.1175963694820907 0
976 0.04798347017410639 -0.1262790362591138 0
977 0.03941174835017933 -0.1293256338168004 0
978 0.04177838404087112 -0.1201218137568366 0
979 0.04307698235779826 -0.1251234900964204 0
980 0.02321734942939711 -0.1145985140751706 0
981 0.03204240608422271 -0.1160935612011166 0
982 0.02601312542595936 -0.1224165896189827 0
983 0.02716564517204908 -0.1178095415345762 0
984 0.01115919257768264 -0.0951194249673005 0
985 0.01115864572138863 -0.1047674420068294 0
986 0.007359274070493145 -0.1002485817093544 0
987 0.08981398099892329 -0.1254212984770324 0
988 0.08994201741208527 -0.1346694578189881 0
989 0.0821342947637721 -0.1302880128533733 0
990 0.08766556402957973 -0.1301336496050032 0
991 0.04508238698210348 -0.001635114237189164 0
992 0.04280971945705981 -0.001629575923766349 0
993 0.04387832458272269 -0.001094091074061138 0
994 0.06743708789685114 -0.001582943004437412 0
995 0.06514529576180918 -0.001582942994513004 0
996 0.06628780777525636 -0.001060494530381068 0
997 0.01766532053833216 -0.001660781105129738 0
998 0.01536864813678108 -0.001695812555698895 0
999 0.01657618047953083 -0.00111135683658814 0
1000 0.0434250015117067 -0.0819420396986198 0
1001 0.03465246399402608 -0.07682897066407009 0
1002 0.04316887554705113 -0.07251424983618461 0
1003 0.04041254623556235 -0.07717122020284929 0
1004 0.0260377328114538 -0.06059122366576126 0
1005 0.01855499795168834 -0.06382700956244612 0
1006 0.01913100893615547 -0.05649778193022118 0
1007 0.02137557344091908 -0.06016676519549854 0
1008 0.05372673150225783 -0.002735865920522412 0
1009 0.05629211045645862 -0.002754144957311841 0
1010 0.05504524822763776 -0.005010779414266336 0
1011 0.05501444200638022 -0.003398361115155901 0
1012 0.06249866126145034 -0.1378594716606618 0
1013 0.06004000267953099 -0.1312889541439708 0
1014 0.06826010585437678 -0.1320840136525875 0
1015 0.06364400785894092 -0.1335930967922633 0
1016 0.08133631365546078 -0.006059621765374293 0
1017 0.08158516192860964 -0.003904975379157238 0
1018 0.08341045464145244 -0.005320192443071983 0
1019 0.08212161637415352 -0.005094344029551223 0
1020 0.09185618969411333 -0.005690135775766658 0
1021 0.09334248800692822 -0.00383341770363467 0
1022 0.09465861198018974 -0.006148217069413514 0
1023 0.09327237171595557 -0.00527817246039991 0
1024 0.05544593347203331 -0.03580855076817085 0
1025 0.05511336607279516 -0.0426263419008335 0
1026 0.04856334824672117 -0.03817652590313744 0
1027 0.05294162773671886 -0.038898555331701 0
1028 0.03871544644192234 -0.0026212653353406 0
1029 0.03782732342117474 -0.004936741677376705 0
1030 0.03616452425542667 -0.002816328732488146 0
1031 0.03755144235829332 -0.003355473190812933 0
1032 0.06350234348642911 -0.003636262856836617 0
1033 0.06575136169338258 -0.005651019776950636 0
1034 0.06249078039529064 -0.006039491333861627 0
1035 0.06393297096384576 -0.005143896587687671 0
1036 0.04688150895830171 -0.003645376230531766 0
1037 0.04809981409966495 -0.005891441561414232 0
1038 0.0450592314939497 -0.00571381574272245 0
1039 0.04664667225119159 -0.005115234894558993 0
1040 0.007530735612083735 -0.0137932230214294 0
1041 0.01012087222259747 -0.01149340416338719 0
1042 0.01084565331109389 -0.01427490125468252 0
1043 0.009470535252615049 -0.01314964632756373 0
1044 0.05472180460057535 -0.01556561622650286 0
1045 0.05192390890114866 -0.01210825403222736 0
1046 0.05504774525687302 -0.009721346418154961 0
1047 0.05810979069903217 -0.01259194456296275 0
1048 0.05494646739135345 -0.01249136556337893 0
1049 0.01012486825885305 -0.027034264227326 0
1050 0.01115126680200797 -0.02253314441179315 0
1051 0.01676167334159746 -0.02213013051524736 0
1052 0.01640681728793784 -0.02869160993193605 0
1053 0.01373407475759032 -0.0251046645986709 0
1054 0.02325700232866868 -0.08183281436981288 0
1055 0.02046193187384795 -0.07220433141475845 0
1056 0.03012908424229759 -0.06844442531411772 0
1057 0.02727461226635462 -0.07496169457503712 0
1058 0.01900923601674308 -0.003930272445386546 0
1059 0.02062590893922111 -0.006583029980717928 0
1060 0.01710099771646054 -0.008495162335560608 0
1061 0.01557503626116491 -0.005699842532747509 0
1062 0.01806158398616108 -0.006154928089966233 0
1063 0.04843181384374175 -0.01406314970089392 0
1064 0.04644206997922847 -0.01133577555387495 0
1065 0.04961204360983305 -0.009009037426668878 0
1066 0.04911422307635369 -0.01157713070516592 0
1067 0.03908471204904534 -0.06420242807570925 0
1068 0.03488671610742934 -0.05566979197627982 0
1069 0.03244289716316037 -0.06212347665418608 0
1070 0.05556277833451716 -0.05702825661842582 0
1071 0.04781070873166234 -0.0603152200922439 0
1072 0.04450796269007232 -0.05206851627593606 0
1073 0.05382406445334662 -0.05051055964583918 0
1074 0.05033518067336426 -0.05489481711903103 0
1075 0.07448828600798708 -0.1239872588196795 0
1076 0.082541108588191 -0.1161980962195401 0
1077 0.07414697647028018 -0.1164833157886981 0
1078 0.07874121928973653 -0.02191729401194761 0
1079 0.07308078470688864 -0.0185583417750861 0
1080 0.07629057591120274 -0.01381957950852367 0
1081 0.08157849536756748 -0.01633173300019702 0
1082 0.07739531846142152 -0.01767209289962473 0
1083 0.02032704343406144 -0.0153580833527331 0
1084 0.01862098579905416 -0.0116516212481978 0
1085 0.02238940033860267 -0.009521329764943978 0
1086 0.02446871954904088 -0.01283366790720894 0
1087 0.02145173722084701 -0.01233196848490993 0
1088 0.07359758957371329 -0.08428281130827608 0
1089 0.08206960137514005 -0.0911973624200226 0
1090 0.07170132463486133 -0.07049486969501548 0
1091 0.05757884532376579 -0.08393493825648676 0
1092 0.06571090710018898 -0.07765566842783572 0
1093 0.07700657794313566 -0.03341009965568345 0
1094 0.07071296553863994 -0.03494222576690625 0
1095 0.06979419242827066 -0.02805565555590864 0
1096 0.07658148458894384 -0.02805080922940796 0
1097 0.07345304344206777 -0.03102832766085423 0
1098 0.01423122552775507 -0.06902291155526039 0
1099 0.0211163217220144 -0.04699505722867983 0
1100 0.02232849247549261 -0.03788323831104195 0
1101 0.03156746231999336 -0.04625052140841186 0
1102 0.02632615204998726 -0.04235339672501846 0
1103 0.02404048651139919 -0.004501614893223496 0
1104 0.02248026950526389 -0.002096078183239619 0
1105 0.02722935924345204 -0.002296955454481914 0
1106 0.02486336216798363 -0.002220456698847295 0
1107 0.06837616635326411 -0.02207351336734743 0
1108 0.06555423300194729 -0.01863016125823673 0
1109 0.06881326495406274 -0.01516552317299725 0
1110 0.06904746241805515 -0.01864897473658138 0
1111 0.01053550549254505 -0.04586740572977833 0
1112 0.01488792279766993 -0.05152895928050368 0
1113 0.009176863728499421 -0.008332918340351103 0
1114 0.005860282594746226 -0.008278309869909933 0
1115 0.006130504524264987 -0.005789735541296262 0
1116 0.008823947015186587 -0.005350491261945645 0
1117 0.007517103287537283 -0.007004938226623056 0
1118 0.09547516591971875 -0.002094053607211224 0
1119 0.09122142544268171 -0.001891639835586809 0
1120 0.09332809110913125 -0.001959532538057598 0
1121 0.01224780380604145 -0.1162449196222401 0
1122 0.02367358042986405 -0.104714685373605 0
1123 0.01727434433656767 -0.1100588947064688 0
1124 0.01153557768971018 -0.004685503706113189 0
1125 0.008511775823106596 -0.002548799229433005 0
1126 0.01140262033722624 -0.002382323599832301 0
1127 0.01004342643469693 -0.003674748929042265 0
1128 0.01244233587447285 -0.007232213533538173 0
1129 0.01357105960231899 -0.01012076651084565 0
1130 0.01127355987862703 -0.009319865223539586 0
1131 0.040727894567722 -0.0430683282305131 0
1132 0.04325831702371537 -0.03056990206324861 0
1133 0.0423403313539952 -0.03680768796833278 0
1134 0.02673711314533944 -0.02388889313069566 0
1135 0.02262752769331254 -0.01978592496530959 0
1136 0.02711019546330624 -0.01651317951506864 0
1137 0.03025634859907408 -0.02037863219426921 0
1138 0.0265612678761356 -0.02014788491952463 0
1139 0.06042667049247647 -0.002016664347104222 0
1140 0.05916967428838467 -0.004472062423683781 0
1141 0.05824973804955094 -0.002274821479333763 0
1142 0.03568415901144098 -0.1060640643187841 0
1143 0.04752029774754684 -0.1094528689001937 0
1144 0.03928493864487582 -0.1131026101306294 0
1145 0.02464448863672503 -0.09350250977789487 0
1146 0.01729541414997269 -0.08862087138304346 0
1147 0.08984706220056901 -0.04586666372066851 0
1148 0.08927524106303687 -0.05672992573854398 0
1149 0.07903501545667729 -0.05630833404333056 0
1150 0.08447285761239118 -0.05117714730861846 0
1151 0.01676375886739013 -0.1418024939034277 0
1152 0.0232616628589224 -0.1350547829338999 0
1153 0.03005021767138386 -0.1402464751193817 0
1154 0.02395331853553391 -0.141999618939954 0
1155 0.07549764571967101 -0.1372109331629532 0
1156 0.08322523590621675 -0.1429725573863538 0
1157 0.06801640066006165 -0.1437800686415711 0
1158 0.07550155276717591 -0.1435219937944313 0
1159 0.05355994740516835 -0.143255230851493 0
1160 0.06071519281263701 -0.1437145918661327 0
1161 0.05048968573998772 -0.135143257536166 0
1162 0.04018657438001658 -0.1396835910343459 0
1163 0.04654965633594319 -0.1421775902312735 0
1164 0.04338353595916225 -0.008911472975840259 0
1165 0.04040592044960333 -0.006830679956387267 0
1166 0.04182342913918731 -0.004110213994864248 0
1167 0.04273593444140701 -0.006372924355346754 0
1168 0.08518463335946594 -0.003705785287883803 0
1169 0.08743450393159152 -0.005794154242236407 0
1170 0.08505945547716133 -0.007560700101357801 0
1171 0.08527539926845792 -0.005591060266887896 0
1172 0.03876991021704865 -0.02294397525779466 0
1173 0.04539365677366453 -0.0199766462544962 0
1174 0.04413403166256177 -0.02476218536661141 0
1175 0.06822656002751532 -0.00874197908434711 0
1176 0.06903193310607483 -0.00375752548471453 0
1177 0.07121552148197588 -0.006079125709048144 0
1178 0.0684810033304795 -0.006044520043341745 0
1179 0.01569393761002735 -0.01720251618502459 0
1180 0.01889095715156859 -0.01869299672908718 0
1181 0.06272571282592035 -0.001806391419637565 0
1182 0.02587393592225866 -0.007179072676391188 0
1183 0.02323296251454883 -0.006938785011143853 0
1184 0.07216913470157138 -0.001919294177388467 0
1185 0.06984671232618564 -0.001800957360635125 0
1186 0.08939613756872594 -0.003807941597285147 0
1187 0.08693290650380407 -0.001869163781460251 0
1188 0.08908417909332267 -0.001884334930483691 0
1189 0.05103299708834849 -0.004408465412582857 0
1190 0.05267629899128229 -0.007032612539571936 0
1191 0.05029937283404966 -0.006598225148557929 0
1192 0.04968617069867095 -0.002006277817751229 0
1193 0.04745173088336831 -0.001820929962242659 0
1194 0.04062106214215346 -0.0020480198516096 0
1195 0.02007735346319903 -0.00190908820176236 0
1196 0.09120097483385867 -0.1177219752976826 0
1197 0.01366573526757509 -0.003522182828052264 0
1198 0.0131879556265862 -0.001829878862817824 0
1199 0.06088901277526557 -0.009358073263371056 0
1200 0.05752335740970611 -0.007135653299536263 0
1201 0.06007019856640412 -0.00674764226539408 0
1202 0.08497775217666348 -0.02437002418196049 0
1203 0.0817712379419232 -0.03049342402059602 0
1204 0.08056974400017822 -0.02617824921163616 0
1205 0.0146789790227045 -0.01331893193553878 0
1206 0.01599853832427774 -0.01089758512032392 0
1207 0.06395154390456036 -0.04397101686090579 0
1208 0.06147380597772998 -0.05249750146899626 0
1209 0.05873135938547121 -0.04733793694864503 0
1210 0.01753338720102767 -0.126560966178695 0
1211 0.009056948443938277 -0.1322635829646915 0
1212 0.009791155271453258 -0.1238169484690378 0
1213 0.08304073865533335 -0.06498484886084452 0
1214 0.09121134893708849 -0.06406295333198564 0
1215 0.06800461774485604 -0.0599310525524879 0
1216 0.075397671575599 -0.0629173465631539 0
1217 0.03911165889800559 -0.09423426093949695 0
1218 0.05300016048955937 -0.09756705560927902 0
1219 0.04829480074239838 -0.0893026366649793 0
1220 0.06336602592586081 -0.02231387597356807 0
1221 0.05836658237606062 -0.01939960387094907 0
1222 0.06174153659200847 -0.01567298510661878 0
1223 0.06216243614489575 -0.01904950924222417 0
1224 0.03202832936245836 -0.02508682855860493 0
1225 0.03472867977489223 -0.01703112334281705 0
1226 0.03407114042048105 -0.02133494628030257 0
1227 0.03002615164845723 -0.1311709490233993 0
1228 0.03496043319268878 -0.135289227756298 0
1229 0.01333833806093743 -0.005284662819876745 0
1230 0.09608557236541929 -0.02196884829082271 0
1231 0.09232803332165165 -0.01951735557972058 0
1232 0.0959753031427992 -0.01783779856213435 0
1233 0.05614474527725537 -0.1058579358188573 0
1234 0.08633852915979659 -0.03677030141963677 0
1235 0.09412993292001179 -0.03258197583731108 0
1236 0.09270542712363605 -0.03934432569122786 0
1237 0.05427037646773855 -0.1285406610378434 0
1238 0.09753419225165449 -0.004638497777100403 0
1239 0.09704691787885134 -0.007214714533215177 0
1240 0.08207038144688591 -0.00900492815453989 0
1241 0.07792500840773578 -0.009284168846503099 0
1242 0.07844198900730236 -0.005803938992758967 0
1243 0.07996937269688127 -0.007595121144207045 0
1244 0.05056464510041919 -0.01805207309038501 0
1245 0.05437473590621979 -0.01901208956956735 0
1246 0.08699080079088807 -0.0101521183518712 0
1247 0.08979735843144238 -0.008245522865423557 0
1248 0.08800294575523612 -0.01320893293757644 0
1249 0.08933773888439039 -0.01081742461710143 0
1250 0.03082244572198761 -0.09948720044275658 0
1251 0.08272502687640475 -0.001895005685328743 0
1252 0.0789239127053542 -0.002786992226648952 0
1253 0.08074867953809968 -0.002115408216667114 0
1254 0.07363494783441375 -0.003893819538058743 0
1255 0.07557611123485351 -0.005123845347837233 0
1256 0.07412811802803974 -0.007991989710839975 0
1257 0.07361586802922061 -0.005792723621068807 0
1258 0.02400122821803193 -0.03018550133147188 0
1259 0.0284755255807383 -0.02775042553259678 0
1260 0.005869400444758761 -0.003433863627862146 0
1261 0.0050763215119475 -0.001689856243774698 0
1262 0.006830881645201244 -0.0018721410391844 0
1263 0.06271266414244064 -0.02841261665183131 0
1264 0.06324898634141063 -0.03575869840097873 0
1265 0.05901961800983953 -0.03199908459540721 0
1266 0.03377430434890179 -0.004920162730708458 0
1267 0.03190000146782479 -0.002409617784066606 0
1268 0.03414118911716683 -0.002501326416483582 0
1269 0.004012129446043428 -0.01154575377941781 0
1270 0.005869388677643882 -0.01806591722792535 0
1271 0.004556159600382109 -0.01490347238979189 0
1272 0.00638256613109861 -0.02348239816312946 0
1273 0.01090194456636425 -0.01805413018210863 0
1274 0.008407839681574408 -0.02048446610342833 0
1275 0.006579364630020207 -0.03309851646851954 0
1276 0.01394958799024415 -0.03639266246409829 0
1277 0.007895121669110113 -0.03944690317314176 0
1278 0.03602524498265906 -0.007310846751927613 0
1279 0.03822385367296587 -0.00713734560589821 0
1280 0.03792564844218585 -0.04929161398267665 0
1281 0.06608472415360295 -0.02520908848732557 0
1282 0.0242703596293973 -0.1286480207366049 0
1283 0.02809327793616839 -0.01012454277302255 0
1284 0.02902348931882624 -0.004785163785181235 0
1285 0.03115922477458281 -0.007429692980990055 0
1286 0.02853738313824402 -0.00736707227773796 0
1287 0.03386565910723386 -0.01012712228683973 0
1288 0.03369064280016716 -0.00743260880782827 0
1289 0.01918507031559234 -0.03320368445573108 0
1290 0.05181644035278988 -0.002252654557511904 0
1291 0.07501900847399134 -0.1308588106424646 0
1292 0.03094743969014552 -0.01335096658767333 0
1293 0.03437043491845636 -0.01326439694983727 0
1294 0.08479049676420281 -0.00186015307698445 0
1295 0.08112249044709612 -0.03504305554344133 0
1296 0.06488182007040799 -0.01208154226768571 0
1297 0.06141791681287014 -0.01239342815881408 0
1298 0.08439053883768208 -0.01215889020079615 0
1299 0.08695447908730672 -0.01820653537674272 0
1300 0.08526624627225919 -0.01495348544095838 0
1301 0.05507192880984445 -0.00721960015265577 0
1302 0.08968136149799338 -0.005895469233388212 0
1303 0.06122701480358031 -0.05825404210103501 0
1304 0.01301749275265011 -0.01570711722320452 0
1305 0.04565330444402941 -0.06632685052847509 0
1306 0.04465392855168188 -0.0144683566218747 0
1307 0.0437407719673434 -0.01172298141696249 0
1308 0.09769943273892551 -0.00225405070024938 0
1309 0.07597675896304254 -0.002608013582628355 0
1310 0.07427198789830919 -0.002043308559077667 0
1311 0.04712775416244211 -0.01661211409623448 0
1312 0.07184347234223606 -0.01143558400687725 0
1313 0.06841481682213234 -0.01182950902381827 0
1314 0.02764726564041976 -0.01319508719122778 0
1315 0.0845495933554021 -0.009718913168425894 0
1316 0.02958609538199899 -0.002366421305964844 0
1317 0.09149391520975114 -0.02502401035148936 0
1318 0.08888147347804287 -0.02184651572623322 0
1319 0.003778933179133664 -0.006350523988142259 0
1320 0.003644912216000856 -0.008586251780835857 0
1321 0.09134430685209122 -0.1418571695342846 0
1322 0.009014953716345038 -0.1410574916910143 0
1323 0.003570038034075074 -0.0035660975717976 0
1324 0.004740227818383257 -0.004773004214863458 0
1325 0.07510076107818331 -0.01062451025085397 0
1326 0.06779652518315631 -0.03950396967243052 0
1327 0.003168910102915 -0.001904143059882818 0
1328 0.07725252832314024 -0.004004057008556688 0
1329 0.09537010975729512 -0.02671392446884142 0
1330 0.00591472409061105 -0.02766880702505684 0
1331 0.04902788410777882 0.01593920767289984 0
1332 0.06325598348364746 0.01565882341201803 0
1333 0.0359319150695608 0.01574645595160092 0
1334 0.02372137406457692 0.01640569600656927 0
1335 0.07636523406193019 0.01699518915552134 0
1336 0.01584112520661338 0.04845867853489316 0
1337 0.08867021222331395 0.05137621579981982 0
1338 0.01843315488946123 0.08318156447964953 0
1339 0.01586616190604793 0.01588793955804198 0
1340 0.08411878901774389 0.01619677585078048 0
1341 0.05707562162735645 0.01581421219573861 0
1342 0.05995736926249488 0.136403412537576 0
1343 0.08336647797391976 0.08216925535682085 0
1344 0.006884946714102821 0.02708057626370808 0
1345 0.09327126728854723 0.02530265288660775 0
1346 0.01939477210803775 0.124233776769946 0
1347 0.0927374295149096 0.01583186994801566 0
1348 0.08428698676645201 0.1172179417451668 0
1349 0.01064296635697041 0.03944320550875551 0
1350 0.02409347933792706 0.05724727157804919 0
1351 0.03240578120724915 0.04834736993432821 0
1352 0.0330323776136827 0.06405540780166971 0
1353 0.04239959362566511 0.05595367729533978 0
1354 0.04831066086844384 0.04153586004204073 0
1355 0.04185590036775839 0.06828353095321982 0
1356 0.05828387949937724 0.04721872891874239 0
1357 0.05617025730784399 0.03500629693635789 0
1358 0.04702672251213571 0.03125682487796729 0
1359 0.0633192360939233 0.03911486858311103 0
1360 0.06688343857958465 0.04739334759436659 0
1361 0.01802841668808546 0.03425117525701931 0
1362 0.06473094298964177 0.03152454707993559 0
1363 0.07137099058633208 0.0339939526501216 0
1364 0.05329591771041144 0.0288985368249299 0
1365 0.07165540750526361 0.0263161807567072 0
1366 0.07855218035721787 0.03049916449046984 0
1367 0.03677350041447845 0.03962585637428883 0
1368 0.03824848674170746 0.02842193865262889 0
1369 0.04460060941695197 0.0232946334555488 0
1370 0.06103351189327048 0.02431683820795156 0
1371 0.08876457206076351 0.04134917128123226 0
1372 0.08215996546920082 0.06692116114884029 0
1373 0.06757187569547707 0.07063263170623424 0
1374 0.06700268876452278 0.08604599471310136 0
1375 0.07709996252463547 0.02466649180264924 0
1376 0.08208124863544888 0.02651807548693499 0
1377 0.03670625319108148 0.07923554462844488 0
1378 0.04840208387947798 0.08714690067907532 0
1379 0.03051979646075743 0.09299985743975991 0
1380 0.05019959739574804 0.1056897157841826 0
1381 0.06697702594622185 0.1033754345453038 0
1382 0.0342185393501525 0.1082203600494342 0
1383 0.05040634160876985 0.1215708368663905 0
1384 0.03502530888744821 0.1247536577870621 0
1385 0.01733174112250759 0.1074866306013733 0
1386 0.0836561585876899 0.09950763762668588 0
1387 0.07275450900827556 0.02064105236269716 0
1388 0.07751627807653128 0.04308649353754659 0
1389 0.05085676413824031 0.0213212194018961 0
1390 0.03859197685469704 0.02083023750173868 0
1391 0.03152313896321639 0.02459319805585716 0
1392 0.02923763263622985 0.03028052830333772 0
1393 0.02247845318926836 0.0281425877355251 0
1394 0.01704047285951671 0.02587991994455802 0
1395 0.04309214578404692 0.01911223417412365 0
1396 0.01892351828248021 0.02105719141550674 0
1397 0.07378018242519926 0.135426391317524 0
1398 0.07984516231084871 0.01940954389792302 0
1399 0.07951475362987828 0.05491028697059075 0
1400 0.01991969642355846 0.01658598995857591 0
1401 0.01212179385211078 0.01489185506815935 0
1402 0.0140425469626636 0.02000782836030652 0
1403 0.08841984755582613 0.01717507495382603 0
1404 0.09165576367761905 0.02131986208999997 0
1405 0.02742975661770231 0.01526026686829486 0
1406 0.06047284334578387 0.01535655250676238 0
1407 0.01462700623589615 0.0696485147536309 0
1408 0.07237807783926263 0.01535093142539497 0
1409 0.007830126176172382 0.02198019911692625 0
1410 0.03152945471631857 0.01459389522662485 0
1411 0.06739660263595644 0.01588517764768152 0
1412 0.06716333862514165 0.02042012674241932 0
1413 0.05350552897121463 0.0170695802668904 0
1414 0.02622280399701591 0.03986506567570754 0
1415 0.09485945750753494 0.01893444258727182 0
1416 0.05581902605510452 0.05786173265255833 0
1417 0.02537023926588425 0.02155670259286026 0
1418 0.03980147521546553 0.01676410269344007 0
1419 0.06621573937216974 0.02568134674119473 0
1420 0.02502700808809778 0.1351784829430083 0
1421 0.08467191464808441 0.02104198987921105 0
1422 0.05571179719176602 0.02192568839019556 0
1423 0.06703519282924171 0.1234675636639138 0
1424 0.04704524391870553 0.1364492722586458 0
1425 0.08122097267377072 0.01606798728451067 0
1426 0.05903884216564209 0.01789783246593657 0
1427 0.02976040095609245 0.01788751129079161 0
1428 0.0625930734472317 0.01958527214887004 0
1429 0.02668544499181308 0.07379673017885158 0
1430 0.08657102915454112 0.02951959832551581 0
1431 0.03391396429956896 0.01984874976750781 0
1432 0.05366384228534258 0.07076999445900897 0
1433 0.06765029927884302 0.05776516491228097 0
1434 0.09245354610056786 0.03169667788921338 0
1435 0.007935804447551535 0.03199511826748677 0
1436 0.01362190295417538 0.02971409938417103 0
1437 0.08492198243393961 0.1337417679669914 0
1438 0.0114990428116769 0.02488860395630058 0
1439 0.05925854191509895 0.02977893864789076 0
1440 0.04531474262091779 0.01493266209944644 0
1441 0.003977157065891114 0.01528636792138741 0
1442 0.09606171193063842 0.01583326836922459 0
1443 0.082750320907689 0.03529834297224735 0
1444 0.0471983674491302 0.01980784221329349 0
1445 0.08898026804635065 0.02447017164228909 0
1446 0.01554175969381092 0.1396581031838187 0
1447 0.009813848963589979 0.01859593851357118 0
1448 0.006086002745489233 0.01702678216558302 0
1449 0.04854985956972138 0.02575928532996874 0
1450 0.05015279290455813 0.03072520356163642 0
1451 0.0507297461568581 0.02692000404681 0
1452 0.04750759556743129 0.02820348093442719 0
1453 0.04951314317055431 0.02861759233442482 0
1454 0.03519575680024897 0.04416259997196978 0
1455 0.03209456380639868 0.03924523684115881 0
1456 0.02893980471461346 0.04491303877240837 0
1457 0.03198952333041 0.04270133061058497 0
1458 0.07493788570174187 0.0187993903656336 0
1459 0.07464279861330581 0.01609935896825163 0
1460 0.07223850626748651 0.01787418749911336 0
1461 0.07390475425632864 0.01760911951423867 0
1462 0.06393059055939579 0.03467395988625168 0
1463 0.06776721115928526 0.03724902462134302 0
1464 0.06758836656408289 0.03243888736021231 0
1465 0.06645019578162434 0.03481817905238101 0
1466 0.03315942990757843 0.1010833280022496 0
1467 0.02316990213967598 0.09956815681971252 0
1468 0.02666268677038112 0.1086426620526148 0
1469 0.02754968821825808 0.1030490371631724 0
1470 0.01563472517298742 0.07753404825926664 0
1471 0.02322324245998173 0.07859821384564805 0
1472 0.02170586310887388 0.071463803639279 0
1473 0.02009566197343508 0.07574311974986828 0
1474 0.08596120861259565 0.0164523702324329 0
1475 0.08426087324885122 0.0182509646329021 0
1476 0.08683662243396503 0.01931832920077488 0
1477 0.0857101489063619 0.01805128875820471 0
1478 0.008291046282964246 0.1110946793643795 0
1479 0.01059092064451768 0.1005002107054086 0
1480 0.006551874690893689 0.105086088245611 0
1481 0.05432905251274531 0.0324030304366999 0
1482 0.05809201920375429 0.03242538052516213 0
1483 0.05665031162876202 0.02911897728479102 0
1484 0.05631766830622992 0.03128559657814844 0
1485 0.07422784693750042 0.02591826338404541 0
1486 0.07502792988142097 0.02242843569782228 0
1487 0.07192851501760882 0.02361375839545241 0
1488 0.07376862401331655 0.02394349819762533 0
1489 0.07750124525317773 0.02791096888102323 0
1490 0.08059958737214019 0.02865312487029837 0
1491 0.0799381522020077 0.02542031226280946 0
1492 0.07932024983847386 0.02729196056525444 0
1493 0.09275419442550756 0.023119376065354 0
1494 0.09015857727678853 0.02266273502963055 0
1495 0.09098910928119633 0.0252750448348095 0
1496 0.09130837968434363 0.0236890510664893 0
1497 0.007227666650086374 0.07346574029054211 0
1498 0.009011784645238774 0.06345922311998781 0
1499 0.005670543634071157 0.06783424548559991 0
1500 0.04075138453686132 0.02039794042795123 0
1501 0.04140783603037006 0.01761614570085011 0
1502 0.03900675165816686 0.01868556478663759 0
1503 0.04042477533066466 0.01889585513667708 0
1504 0.0433590149655841 0.1222480601750697 0
1505 0.04054717670277494 0.1311990852816934 0
1506 0.04944581786597944 0.1285022177285076 0
1507 0.04436667908992053 0.1274108029572233 0
1508 0.04190672748130692 0.08215696092633104 0
1509 0.03367349998756757 0.08494577037527863 0
1510 0.03961536472097695 0.09129977014508103 0
1511 0.03846154824228916 0.08624511337268649 0
1512 0.05192320244832446 0.0193363095985075 0
1513 0.05289200308685782 0.02191203326988051 0
1514 0.05467369234323183 0.01929397291206997 0
1515 0.05323070941616345 0.02014915659345336 0
1516 0.02653168669891233 0.1234108988310681 0
1517 0.0216351576011246 0.1300185678382225 0
1518 0.030050235309804 0.1312553155261386 0
1519 0.02619772059615635 0.1281697661463476 0
1520 0.04932165419762607 0.1440360168714295 0
1521 0.04014298197147496 0.1419744702117866 0
1522 0.04389206651025899 0.1453972638270464 0
1523 0.07144620480228957 0.01348764068717605 0
1524 0.07376567497669544 0.01363863630040217 0
1525 0.07284465635149154 0.01306771623393779 0
1526 0.01062924995760438 0.01400127103719463 0
1527 0.01290455124765098 0.01339593045417965 0
1528 0.01160453205625844 0.01307225986202373 0
1529 0.03672536314056169 0.06001471029159819 0
1530 0.03719699049055086 0.06653719017852829 0
1531 0.04292303730495964 0.06284391619635279 0
1532 0.03901321969183907 0.06299538349863491 0
1533 0.06023331062353331 0.04315676984454409 0
1534 0.06254813484363995 0.04795603342277062 0
1535 0.06566026664967303 0.04326300443874166 0
1536 0.06281895788407148 0.04473846512881643 0
1537 0.03078423119010423 0.01328219099320338 0
1538 0.03281254503213524 0.01328219108905664 0
1539 0.03183407560715431 0.01285763039453069 0
1540 0.03429276383191859 0.02594886894475232 0
1541 0.03027753122831082 0.02718653382750747 0
1542 0.033115067615845 0.03023582784667039 0
1543 0.03273313927432848 0.0277765897897429 0
1544 0.08328115934989222 0.04314023067213807 0
1545 0.0853590539871705 0.03765996445559343 0
1546 0.08039978827406631 0.03835987941082764 0
1547 0.08301473014655632 0.0397996163664535 0
1548 0.0229391787757591 0.01450172683369927 0
1549 0.02052812314736382 0.0145952340624883 0
1550 0.02183911362162605 0.01670094758909077 0
1551 0.02176811463521226 0.01516946262562555 0
1552 0.04377615267084263 0.01401547420304423 0
1553 0.04600064730930518 0.0134153845124709 0
1554 0.04467858072069711 0.01308518246781371 0
1555 0.09356740735205643 0.01745939134136106 0
1556 0.09576247865367735 0.01751482354677386 0
1557 0.09437710498570115 0.01564139714555962 0
1558 0.09456804726576903 0.01686831493495485 0
1559 0.04352879129806668 0.02154816051642219 0
1560 0.04611378357950111 0.02156625857295952 0
1561 0.04542653175418137 0.01932309481039741 0
1562 0.0450003767062656 0.02078318814999867 0
1563 0.02924554919038341 0.01487188642264073 0
1564 0.02836975554730718 0.01668302974880051 0
1565 0.03086936124958414 0.01638534117563427 0
1566 0.02952399757473174 0.0159555698922442 0
1567 0.01562475926320846 0.02797153068138609 0
1568 0.0146099660922701 0.0252093350056604 0
1569 0.01234676950913408 0.02758523806601026 0
1570 0.01414855386615234 0.02689494950981169 0
1571 0.04640861849563972 0.02467461172985434 0
1572 0.04977955338537286 0.02350011512526645 0
1573 0.04898338834830537 0.02054623041465889 0
1574 0.04780700087270838 0.02255624217086673 0
1575 0.02913359124271888 0.1410150312586345 0
1576 0.03508510952876788 0.1364598291945804 0
1577 0.08487142617694868 0.03239945662163063 0
1578 0.09118836260139908 0.03590467146781855 0
1579 0.08927490707485297 0.03084101740942026 0
1580 0.08766775649382792 0.03430251201709297 0
1581 0.07165734382135029 0.04573230107586925 0
1582 0.07401092244135697 0.0384560231718028 0
1583 0.06978066392025856 0.04109183649650697 0
1584 0.01819956634060365 0.117012410000022 0
1585 0.03461776531630657 0.1158169558311935 0
1586 0.02648972050139141 0.1162121138133941 0
1587 0.009142391206158708 0.02306467106047688 0
1588 0.01294132175975998 0.02221530217614742 0
1589 0.01186790867782714 0.01932308762031274 0
1590 0.00863266135274126 0.02054559587009603 0
1591 0.01068945864292437 0.02132186874272168 0
1592 0.008639112140401674 0.02628035582185392 0
1593 0.00721652022532511 0.02898863153491741 0
1594 0.01100369359199472 0.0310846823015492 0
1595 0.009860776097078472 0.0284924378968164 0
1596 0.06705487046405204 0.1125558240480679 0
1597 0.07633433938389686 0.1196841008756033 0
1598 0.08388761350703292 0.1084189573037828 0
1599 0.07536444538836592 0.1016441915269677 0
1600 0.07559796804770967 0.1107096278750852 0
1601 0.02397157758053573 0.02506747958910412 0
1602 0.021705386801859 0.0214259572963717 0
1603 0.01809688065645516 0.02350474012568659 0
1604 0.01958510689690449 0.02692143185718929 0
1605 0.0208902498671221 0.02419635070413301 0
1606 0.0833254978882631 0.02404882730038795 0
1607 0.08191037350116825 0.02036078117489256 0
1608 0.07867580605364032 0.02174943350867296 0
1609 0.08095908239607144 0.02289825601529728 0
1610 0.044348845036828 0.01673196197521024 0
1611 0.04814144595705293 0.01791561909469751 0
1612 0.04709061652075906 0.01549940438443942 0
1613 0.04622108739100467 0.0173929711011569 0
1614 0.02093957145680318 0.0444273883026068 0
1615 0.02131447668649584 0.03684591578251754 0
1616 0.01469722538827063 0.03704234210101157 0
1617 0.01283554014429431 0.04382880597643962 0
1618 0.01753142400636959 0.04051763989905628 0
1619 0.02978900912995081 0.06880023727591432 0
1620 0.03154520925563161 0.07657945783475044 0
1621 0.03959336323374563 0.07375569175914137 0
1622 0.03455792035580875 0.07138195777532942 0
1623 0.06970436665767349 0.01578534912965471 0
1624 0.06737757100025329 0.0180593331693823 0
1625 0.06971972107855368 0.02060651677029633 0
1626 0.06981954659177328 0.01807429772194344 0
1627 0.0869732743653773 0.02307251308937181 0
1628 0.09020079314723595 0.01950703804291008 0
1629 0.08850550890467446 0.02108693244023822 0
1630 0.01639239562918467 0.02058664538059688 0
1631 0.01546567235743825 0.02290610949538174 0
1632 0.05908493995933752 0.0371516259132085 0
1633 0.05320616499995284 0.03779848535126224 0
1634 0.05371727742573737 0.04520791229184917 0
1635 0.05653748748549307 0.04080682782086833 0
1636 0.08803232870693997 0.0143402601647465 0
1637 0.08388520544211217 0.01413910016711115 0
1638 0.08588270675857529 0.01426848300254059 0
1639 0.04980483659086993 0.01396473030667632 0
1640 0.05107657633056691 0.01640584850401748 0
1641 0.05400888939425869 0.01429819002209166 0
1642 0.0518833596994979 0.01419360003828755 0
1643 0.07841335046576618 0.04938518977696221 0
1644 0.08494325899709949 0.05295579268535854 0
1645 0.08886763178919757 0.04749280498869422 0
1646 0.08379641725228021 0.0480557982394056 0
1647 0.05007283516264324 0.0185373177854184 0
1648 0.007851351247536796 0.01786544526034189 0
1649 0.01104810749069458 0.01664421570674447 0
1650 0.007660286354699272 0.01479737215232213 0
1651 0.009306471922761558 0.01575279504248815 0
1652 0.06015025773390874 0.02702068355530386 0
1653 0.05850257937451668 0.02338116063727959 0
1654 0.05464236291000617 0.02534731012878552 0
1655 0.05743264103828422 0.02621553424694623 0
1656 0.09185167557817131 0.09705610743303823 0
1657 0.09214626677725954 0.1150514285559836 0
1658 0.09197529053320289 0.1060746458091706 0
1659 0.05854276904412284 0.1045688880611353 0
1660 0.06690369641533812 0.09451182626918635 0
1661 0.05849968516352522 0.08694378854323742 0
1662 0.04957005983471903 0.09706521602564727 0
1663 0.05830958758990618 0.09571858051906008 0
1664 0.01170644164497647 0.08815120686321611 0
1665 0.02330533962733479 0.0880721474228237 0
1666 0.01704389717520963 0.09426132505866784 0
1667 0.09312631413087911 0.0281444548909028 0
1668 0.08787370379530519 0.02680773294990147 0
1669 0.09032306295479153 0.02776696670925985 0
1670 0.05993367414425343 0.01638254549133816 0
1671 0.06065257840547192 0.01887036740028049 0
1672 0.06307125698920459 0.01755074702952447 0
1673 0.0615730966121257 0.01547464570475046 0
1674 0.06131943514126503 0.01708597039268506 0
1675 0.08298000402615099 0.07413875999533498 0
1676 0.09162041785368244 0.07926689185498738 0
1677 0.08985431168778893 0.06345118139079406 0
1678 0.09122229198083659 0.07083218379818862 0
1679 0.0369977829303752 0.0138595750243056 0
1680 0.03794881502693978 0.01622432031691667 0
1681 0.04089919588897598 0.01474425873148862 0
1682 0.03901499780363825 0.01417179344196043 0
1683 0.08351876917293094 0.09066753771726042 0
1684 0.07518902749520992 0.08441639140797408 0
1685 0.07525145820223725 0.09282130032158965 0
1686 0.02570005015937091 0.0294006785058693 0
1687 0.02863318334090898 0.02335039748924504 0
1688 0.0271502286759953 0.02620014812793046 0
1689 0.09601330374974744 0.01395607310986668 0
1690 0.09218645499881979 0.01398033347083494 0
1691 0.09410245046430346 0.01389903503633977 0
1692 0.09088314522743118 0.01635605729881856 0
1693 0.09017476000167424 0.01419505744932736 0
1694 0.04201986154480947 0.1069546613449729 0
1695 0.04101333421943375 0.09890274974657015 0
1696 0.08477681605801166 0.1256161898236941 0
1697 0.09232596654715991 0.1326201685297594 0
1698 0.09230744493399287 0.1238845929291617 0
1699 0.03383437598416586 0.0152598587027436 0
1700 0.03491834855824177 0.01359238707377942 0
1701 0.02560127968446927 0.01584131549391038 0
1702 0.02661165587209987 0.01366823827052494 0
1703 0.02468259495701022 0.01397074879956121 0
1704 0.07802366938770268 0.01821546453933716 0
1705 0.07661901591849997 0.02033734423747584 0
1706 0.05521806554044248 0.1363804344899288 0
1707 0.0623610846526973 0.1408921897798512 0
1708 0.05631638791839025 0.1429762309001483 0
1709 0.04782133298164246 0.01371974147993324 0
1710 0.02862377946123532 0.01345635070053035 0
1711 0.05776935194379002 0.01966384124821748 0
1712 0.05781860904705553 0.01674231484322038 0
1713 0.05583571353626871 0.01625073290004897 0
1714 0.05645392713666717 0.01805102743580955 0
1715 0.06522639852762159 0.01582427914774237 0
1716 0.06724061766021606 0.01389329796401173 0
1717 0.06315275531777011 0.01383146488371251 0
1718 0.06513736230948673 0.01388540611798862 0
1719 0.07157581425182591 0.02949272624351625 0
1720 0.07566332174518597 0.03225251778729556 0
1721 0.07472288416571023 0.02888990164801682 0
1722 0.02802286430514342 0.03425725250349252 0
1723 0.02056279467167986 0.0312347360772156 0
1724 0.02393061801449008 0.03299897120162861 0
1725 0.08444473061380009 0.1418096147275902 0
1726 0.07828092477510624 0.13474524268916 0
1727 0.07143270318086073 0.1403800615378803 0
1728 0.07733010760343818 0.1419443112841023 0
1729 0.05988333615568341 0.01426056330711645 0
1730 0.0576250862932465 0.01448657397313945 0
1731 0.0588171124443501 0.01539046024812742 0
1732 0.01390738678906392 0.01545808521498224 0
1733 0.01668987495812897 0.01393308732279888 0
1734 0.01472749888530112 0.01369620219525965 0
1735 0.07158103638979843 0.1310019457581665 0
1736 0.06231580379167783 0.1317915303416018 0
1737 0.0669299636218831 0.136143216083165 0
1738 0.01181461531057804 0.1268085374706722 0
1739 0.009751851818294639 0.1192096425655438 0
1740 0.08083690099770705 0.06058049096513254 0
1741 0.07359766145238363 0.05658493367284635 0
1742 0.06768917254880939 0.06386605880187418 0
1743 0.07476912928169561 0.06920367698034748 0
1744 0.07423866075139501 0.06257977437669464 0
1745 0.06172663859628766 0.0581778773521421 0
1746 0.0674021630285144 0.05220700455341649 0
1747 0.05690889901918982 0.05213135652877791 0
1748 0.06215646345698757 0.05262377592866217 0
1749 0.04735954605556519 0.06968022060201608 0
1750 0.05483970615053683 0.06407362861698791 0
1751 0.04971999824724952 0.05695101028200612 0
1752 0.04862716481522193 0.06333465309567336 0
1753 0.06046371128240158 0.07111588898676693 0
1754 0.06118884290449308 0.06431186888156253 0
1755 0.06477979757767859 0.02009166222929989 0
1756 0.06511201062461637 0.0178810951188927 0
1757 0.009905264283375313 0.05264181266715352 0
1758 0.01953485779376162 0.06255064893295606 0
1759 0.01969513497208977 0.05305879955966837 0
1760 0.0143004233143456 0.0580273805033741 0
1761 0.04261411067776763 0.01574440954008727 0
1762 0.05786128102031984 0.1219211619645779 0
1763 0.05047563059946501 0.1139123137666966 0
1764 0.05855895729283629 0.1133552386648387 0
1765 0.09334713267582508 0.02016477958638593 0
1766 0.09197638736802144 0.01834586340525099 0
1767 0.02850868023306738 0.05261906343169104 0
1768 0.02867170952830466 0.06092004166651519 0
1769 0.03679991738883374 0.05160299159863999 0
1770 0.03279374261065308 0.05632173544437168 0
1771 0.03760068058967948 0.03467093198771894 0
1772 0.03268263783706411 0.03456950519668765 0
1773 0.06940262858203868 0.01379630670046507 0
1774 0.06191851820957826 0.03069323608596811 0
1775 0.06554303804047358 0.02856313145991011 0
1776 0.06358213746094528 0.02507108921873322 0
1777 0.06280597574133866 0.02782358499180861 0
1778 0.03627514911881886 0.0205554434172998 0
1779 0.03277975211999319 0.02216382450237321 0
1780 0.03840730955465355 0.02359683395597419 0
1781 0.03549609085385819 0.02319463266692352 0
1782 0.0613493311703916 0.01383861512865275 0
1783 0.06893806240972059 0.02614398017267176 0
1784 0.06844448446532303 0.02923734844796662 0
1785 0.06675509203446735 0.02297049940849218 0
1786 0.06937518957736906 0.02330720220920017 0
1787 0.05203979328588951 0.0244330925507403 0
1788 0.07768708206967606 0.01494868742457782 0
1789 0.07585249372634309 0.01413614640451386 0
1790 0.04241668729039488 0.02532984892397239 0
1791 0.04332508945237652 0.03064677877875069 0
1792 0.04479760651030627 0.02719954499175647 0
1793 0.06079785806500124 0.03377907603131249 0
1794 0.04258096533453937 0.1148565665377798 0
1795 0.04177548185918063 0.0406843954371514 0
1796 0.04723218491442541 0.03537418340612877 0
1797 0.04253379363990461 0.03529046402976179 0
1798 0.09175382146395059 0.08806559783204747 0
1799 0.08241816357989634 0.01611114586984905 0
1800 0.08069182895122498 0.01740303675709153 0
1801 0.08237605424245513 0.01808058117276025 0
1802 0.0960819217149694 0.03181982430320066 0
1803 0.09600145124933827 0.024545312368097 0
1804 0.09635690684882217 0.02778841271007386 0
1805 0.02807840939050905 0.01948338142319168 0
1806 0.02438016516804831 0.01855203373265856 0
1807 0.02659635980479989 0.01768997102426367 0
1808 0.0672685466549196 0.07799176598355946 0
1809 0.05181925810733826 0.07798833171563434 0
1810 0.05940324288053653 0.07858694241848042 0
1811 0.09205677501130902 0.05362103742853855 0
1812 0.09474261302775608 0.04222068038992184 0
1813 0.09408985555881502 0.04820434595122273 0
1814 0.03167614107634184 0.01893253021372379 0
1815 0.03492780392051304 0.01773055425793874 0
1816 0.03281372657474411 0.01705418932599678 0
1817 0.01500492746773111 0.01790338854524985 0
1818 0.01947710781622624 0.01872989357644632 0
1819 0.01791173400045523 0.01626308968165699 0
1820 0.0171902137111616 0.01837488117926428 0
1821 0.08718153254595801 0.05768278336099375 0
1822 0.004458420176975522 0.0138944979096452 0
1823 0.004740400403276064 0.01606825805544927 0
1824 0.006048379104028771 0.01414758984255222 0
1825 0.05601953791906546 0.01423976796094809 0
1826 0.005997471133860628 0.04130145204390257 0
1827 0.007319890012243688 0.04687221297030546 0
1828 0.02456447314777301 0.0486455684557933 0
1829 0.04518666336704887 0.07607229396280631 0
1830 0.08037229130322325 0.03296421019237439 0
1831 0.08419933455543863 0.02798652489932307 0
1832 0.08251110062507787 0.03048670645667001 0
1833 0.04551931493010498 0.04861759937728544 0
1834 0.05137398094471197 0.05070471619626618 0
1835 0.03989800291644474 0.04629519529854138 0
1836 0.04122414415131045 0.02279160026643386 0
1837 0.027993577737964 0.08213436969664439 0
1838 0.06188038574047628 0.02183630532540811 0
1839 0.06425080032749211 0.02249200644471117 0
1840 0.05121580322528108 0.0341185707723639 0
1841 0.03704458821095351 0.01829402017983429 0
1842 0.008841082307328323 0.08100616697939235 0
1843 0.0966833430509189 0.02054059489031181 0
1844 0.09479939416125074 0.02209417678270451 0
1845 0.05619251289037225 0.129594118636608 0
1846 0.07765352720095101 0.1276706765280258 0
1847 0.01869089220908518 0.01416871149241201 0
1848 0.01084091596161366 0.1369231105671014 0
1849 0.01962305576388878 0.1378785087614153 0
1850 0.01568415591168865 0.1328211922107684 0
1851 0.004572210767228663 0.03199120952285191 0
1852 0.004640516655328886 0.02566993026058997 0
1853 0.004299624045732371 0.02833685773426423 0
1854 0.0979435029712539 0.01625273679322781 0
1855 0.09765159509791174 0.01848164905433074 0
1856 0.01550928166338232 0.03186270582603092 0
1857 0.01781958910827923 0.02949804509675829 0
1858 0.01625828018502758 0.1439277803325906 0
1859 0.02279876240062477 0.1434018789266858 0
1860 0.005704778029654668 0.02230182306880605 0
1861 0.006948345501001311 0.02429268605141349 0
1862 0.02190211586750557 0.01886925717216092 0
1863 0.08049657357070142 0.01475316028929183 0
1864 0.0820576372335374 0.01417871952875685 0
1865 0.02481548090910833 0.06600875020540603 0
1866 0.01295449411302334 0.01733660872281287 0
1867 0.00906651687047736 0.03544791846390345 0
1868 0.01256522157645834 0.03388233449809813 0
1869 0.08559205232058814 0.02544818039202745 0
1870 0.003849549924940493 0.01963935287259181 0
1871 0.006386218845959642 0.02009233532111198 0
1872 0.07282048462162231 0.05093137027984025 0
1873 0.09798088332566088 0.01408594961533369 0
1874 0.002672115812790171 0.01591858743770411 0
1875 0.003043943600812483 0.01782873965497686 0
1876 0.09212163110346167 0.1413038258919019 0
1877 0.002784223100100867 0.01397529798129471 0
1878 0.07759134426563102 0.03559310498538937 0
1879 0.07922089841109035 0.01624575353414678 0
1880 0.05966264317825903 0.0209354702270629 0
1881 0.07505601089911981 0.07646526631346598 0
1882 0.005149857286909441 0.03630245406517766 0
1883 0.03023941608447069 0.02097259229454793 0
1884 0.09544004872219131 0.0366246815456639 0
1885 0.009122624824036051 0.1428649547594496 0
1886 0.1828474677463186 -0.01629136841712681 0
1887 0.208446118570878 -0.130827029238356 0
1888 0.2873502484977321 -0.06224208309217994 0
1889 0.1171288138856566 -0.07890776268987103 0
1890 0.1168829536203475 -0.03908692303998085 0
1891 0.2372309904859563 -0.01702040474800269 0
1892 0.1744865565694589 -0.1365667293513123 0
1893 0.245205091136683 -0.1368905413597174 0
1894 0.1221905464579808 -0.01012802309901392 0
1895 0.147800016199835 -0.01409995938549877 0
1896 0.2839735925927032 -0.1036922877493528 0
1897 0.2837957314121518 -0.02797895738006452 0
1898 0.1354875525483963 -0.1322626076550666 0
1899 0.1070438309297589 -0.01751446134755653 0
1900 0.1077473967396068 -0.0045480818778139 0
1901 0.1107380006502479 -0.02829193480002742 0
1902 0.1260468537895229 -0.02964542201820284 0
1903 0.1270636243475559 -0.0488648473046781 0
1904 0.1388636936385569 -0.0360515783618698 0
1905 0.1474808910858341 -0.05190596579789492 0
1906 0.1610341612432878 -0.04733052320756743 0
1907 0.1652058427326831 -0.06215858282563316 0
1908 0.1517691511645944 -0.06556628181315266 0
1909 0.1682416370047316 -0.07426232140075266 0
1910 0.1783612915835135 -0.05831536238783941 0
1911 0.1842122945691211 -0.07406683683381185 0
1912 0.1958333085229815 -0.06378806848226827 0
1913 0.2019205251444817 -0.0832401009589208 0
1914 0.2088228921101009 -0.06752480550189061 0
1915 0.2167437142698346 -0.09147811129273004 0
1916 0.1563841780447175 -0.08508423009208589 0
1917 0.2293925864101218 -0.07567187137646207 0
1918 0.2402328937698717 -0.09172970371236502 0
1919 0.2098548462270372 -0.05021947184721617 0
1920 0.1939197972309437 -0.1015371978870527 0
1921 0.2280552918390039 -0.1029959238125091 0
1922 0.252555994973249 -0.07785515060567907 0
1923 0.2520406023966221 -0.05807856450804201 0
1924 0.2499758581727149 -0.1042380993580323 0
1925 0.1204405415712237 -0.02103656671653049 0
1926 0.1199270942737065 -0.06067374637674095 0
1927 0.129550266358708 -0.02127139412334533 0
1928 0.1149734216941331 -0.004881813869338184 0
1929 0.1356924349527403 -0.08030074250283616 0
1930 0.1508148419903814 -0.1016802898135673 0
1931 0.1674522040090739 -0.1065233446530451 0
1932 0.1487210434495412 -0.1166670609099853 0
1933 0.1681389126559135 -0.01891579929924477 0
1934 0.1730958222391827 -0.03220573839103864 0
1935 0.188408626317063 -0.03241770909507471 0
1936 0.2003359170000253 -0.01527129722034147 0
1937 0.2324205482583046 -0.05093662914687668 0
1938 0.2439644538714616 -0.03748175704744105 0
1939 0.2573430162529778 -0.04549957984520579 0
1940 0.25127180520644 -0.02435209208890401 0
1941 0.2272393717009919 -0.02999555638629406 0
1942 0.2262121516627789 -0.1295811599508584 0
1943 0.1920033615902283 -0.1279247865853619 0
1944 0.199809086094846 -0.1148273243681034 0
1945 0.179662225708853 -0.1142071271119585 0
1946 0.2799911471364416 -0.047847799109366 0
1947 0.2697162933655273 -0.131545362235827 0
1948 0.1157506898650234 -0.1010791055152222 0
1949 0.1364471904835474 -0.06202743856170463 0
1950 0.2831989607427703 -0.08829455901124532 0
1951 0.2642097921795669 -0.09550443028904801 0
1952 0.2723418305620665 -0.1099505202372754 0
1953 0.1754861023197379 -0.09231884659114356 0
1954 0.2090682339198464 -0.1017922227803224 0
1955 0.2659636195295491 -0.05585401516344662 0
1956 0.1164358748164133 -0.1142582165726492 0
1957 0.2808004282308257 -0.1218206617938619 0
1958 0.2201101039670287 -0.01229038940587457 0
1959 0.2676661116735944 -0.01470218190475645 0
1960 0.132500528541849 -0.0130250146573864 0
1961 0.2138331833373592 -0.1149148580015758 0
1962 0.2063770134086841 -0.03209624803685716 0
1963 0.1901977587128863 -0.05032213008504439 0
1964 0.1327456039656267 -0.1154710486233817 0
1965 0.1045576499930476 -0.008513466323420385 0
1966 0.151444201701988 -0.1304575026043155 0
1967 0.2726491030576047 -0.07059490653898924 0
1968 0.1750242676892848 -0.04602085873617789 0
1969 0.2392520030908681 -0.1142230771733129 0
1970 0.2687074168942362 -0.03198205351385552 0
1971 0.11445222023965 -0.0147016977837735 0
1972 0.2557003768862592 -0.01390363582483278 0
1973 0.1095706577105022 -0.009400601303710274 0
1974 0.1575006038235801 -0.02934898416462695 0
1975 0.1179360778032917 -0.1317408948135967 0
1976 0.2834677645079935 -0.01582429258408301 0
1977 0.2831750592797991 -0.1341741513787022 0
1978 0.1645302568482629 -0.121429773130762 0
1979 0.1302186438914135 -0.09647366399856433 0
1980 0.2554933820578472 -0.1200390427298558 0
1981 0.1042464461312715 -0.004643186225410392 0
1982 0.1378235074569466 -0.02060259116034199 0
1983 0.2395835318736544 -0.04366840831036062 0
1984 0.2282506464714841 -0.04024777000918531 0
1985 0.2367857108920519 -0.03387712446324564 0
1986 0.2347620016853043 -0.03936624681053549 0
1987 0.1219506527461064 -0.01558776718821978 0
1988 0.1166698757058741 -0.01768689388054651 0
1989 0.1175650126387125 -0.01261485552026417 0
1990 0.118832028062611 -0.01527512780893298 0
1991 0.1524254983217023 -0.009100730475590443 0
1992 0.1442096591947224 -0.008133259781671662 0
1993 0.1482740923423293 -0.00536300619353007 0
1994 0.1036401625514257 -0.01456182885644565 0
1995 0.1033326174495963 -0.0201873229678833 0
1996 0.1023292386878438 -0.0168959084575073 0
1997 0.2332687751449101 -0.02313969384692652 0
1998 0.2222210870288258 -0.0210121853137764 0
1999 0.2298369613098636 -0.01440476476951746 0
2000 0.2283485152218147 -0.01960917412716739 0
2001 0.2056027155160475 -0.1386241014006258 0
2002 0.1947470385415649 -0.1383689763967041 0
2003 0.2013617319967212 -0.1294488320683972 0
2004 0.2004193661939297 -0.1357641989448769 0
2005 0.1227647975844159 -0.05425291337246424 0
2006 0.1317634344709072 -0.05424746214553652 0
2007 0.1275582213662543 -0.06248612136034988 0
2008 0.1274875822931709 -0.05706979927024206 0
2009 0.2418449873592388 -0.143570221116131 0
2010 0.2524223749075528 -0.1413160244978837 0
2011 0.2482012229741963 -0.1452005333406094 0
2012 0.1305518152132534 -0.0172294862545727 0
2013 0.1357753664868079 -0.01605481270618677 0
2014 0.1334643323069043 -0.02161601856940007 0
2015 0.1332943276757549 -0.0182855915832543 0
2016 0.1675196464974013 -0.1411785550126149 0
2017 0.1779139867851917 -0.1432544757149284 0
2018 0.1716973051001673 -0.1450590748940014 0
2019 0.2917542177885115 -0.06859463140527343 0
2020 0.2936877452235738 -0.05869062129464671 0
2021 0.295367356062902 -0.06438072450239665 0
2022 0.2351755725285672 -0.0851966747419837 0
2023 0.2410971774631958 -0.07526593913675768 0
2024 0.2460227246338215 -0.08612864658416573 0
2025 0.2407708956411535 -0.08202383482022473 0
2026 0.1076657935137705 -0.07399770569694968 0
2027 0.1098148911592339 -0.08537931755697147 0
2028 0.1057723055337099 -0.080204208897423 0
2029 0.2926649737862442 -0.09177135715590624 0
2030 0.2906087631400502 -0.08080092994013979 0
2031 0.2944018112391833 -0.08566262558059273 0
2032 0.21584568047938 -0.1313310155304326 0
2033 0.210611911107292 -0.1235847556680858 0
2034 0.2207258262632836 -0.1212666004978376 0
2035 0.2159202717822217 -0.1253035923299522 0
2036 0.2537843545677906 -0.05129076739295643 0
2037 0.2623661376821849 -0.05008972605569656 0
2038 0.2593439870756624 -0.05805585991502083 0
2039 0.2584895037279569 -0.05315892613476129 0
2040 0.1501260837230949 -0.05853796641881343 0
2041 0.1448970306697018 -0.06521512417394335 0
2042 0.1420003456894203 -0.05577911160424098 0
2043 0.1455151919423196 -0.05985251690700931 0
2044 0.1165440721497249 -0.002520641268559998 0
2045 0.1124547849310308 -0.00292561758626543 0
2046 0.1140325261614051 -0.001747551690590057 0
2047 0.1713212180379678 -0.02563489281958654 0
2048 0.1661913233828797 -0.03163427997970317 0
2049 0.1626684665459212 -0.02248529816584403 0
2050 0.1665442478006647 -0.02663080441715729 0
2051 0.224032447260793 -0.006101050064908048 0
2052 0.215097840215958 -0.006101049860328486 0
2053 0.2196337687455144 -0.004076559756983608 0
2054 0.1272599830935834 -0.07889346096046247 0
2055 0.1342154778785479 -0.08794721113225705 0
2056 0.1228826569701191 -0.08808493437532559 0
2057 0.1279612283994798 -0.08507807742723256 0
2058 0.1226809226122709 -0.02617289106995142 0
2059 0.1255919664166105 -0.02079816972396973 0
2060 0.1284330358992699 -0.02540173653153407 0
2061 0.1254884511516051 -0.02407888516285549 0
2062 0.1741092301971873 -0.1096627784145309 0
2063 0.1733036341011717 -0.1184680241603612 0
2064 0.165278602337557 -0.1130747076811309 0
2065 0.1707740503395736 -0.113844217491518 0
2066 0.1492859613724819 -0.1234651618620375 0
2067 0.1560224759222906 -0.1182015763593608 0
2068 0.1580281911313388 -0.1273981767433611 0
2069 0.1545786377188642 -0.1229809708924392 0
2070 0.1840576018626731 -0.05550949292755347 0
2071 0.1762412952323767 -0.05226479025408967 0
2072 0.1817349839409375 -0.04692622438231321 0
2073 0.1808911055291337 -0.05154715483456533 0
2074 0.2442988675325529 -0.1087557215391711 0
2075 0.253355991471291 -0.1108236488295031 0
2076 0.245860615381061 -0.1179094593008809 0
2077 0.2479887320867024 -0.1126329170380219 0
2078 0.274649979855755 -0.1259816260702856 0
2079 0.2830688866653103 -0.1276063478252525 0
2080 0.2760828014611706 -0.1339525390030171 0
2081 0.2779328458197781 -0.1291910469784699 0
2082 0.1113186126703384 -0.01655538170218476 0
2083 0.1081787868272955 -0.01307517614635915 0
2084 0.1124144601970724 -0.0120351001920546 0
2085 0.1105259209719053 -0.01387478660045345 0
2086 0.1280128847401245 -0.01127399694601224 0
2087 0.1264013949048303 -0.01624919311018379 0
2088 0.2161343423108081 -0.03141076462327572 0
2089 0.2036043009702281 -0.02345550177433751 0
2090 0.2097096814648039 -0.01432963030591455 0
2091 0.2131245416480617 -0.02250481359143477 0
2092 0.2683855104920299 -0.02226602112350722 0
2093 0.2587785070214637 -0.0279137606744564 0
2094 0.2539595959251914 -0.01818671744800993 0
2095 0.260550360381242 -0.01421352839517945 0
2096 0.26059679829215 -0.02084513585806534 0
2097 0.1970835226814928 -0.03238726421705272 0
2098 0.1860007821139017 -0.02434001734695595 0
2099 0.1913535231448677 -0.0158361784166263 0
2100 0.1945132803645671 -0.02399741929646274 0
2101 0.1898884010135104 -0.0407425341840692 0
2102 0.2084799559741201 -0.04109765842875535 0
2103 0.2003502432980561 -0.04987873005933244 0
2104 0.1988978476717105 -0.04110056045328631 0
2105 0.2828647424749643 -0.008024998488072407 0
2106 0.2754412320070088 -0.01515409156190998 0
2107 0.2662095274570396 -0.007396890802494518 0
2108 0.2744188110482841 -0.007634747360597313 0
2109 0.1482772784111617 -0.03284758898882273 0
2110 0.1590892668323544 -0.03936945746198728 0
2111 0.1540138822261989 -0.04924548359121587 0
2112 0.1438603647752908 -0.04481526701369079 0
2113 0.1512554600226792 -0.04137948564698229 0
2114 0.2837702225420196 -0.02298053796891822 0
2115 0.278363834707137 -0.02957923868991079 0
2116 0.2763093942949302 -0.02253635321012778 0
2117 0.1426997210331367 -0.01795975518359803 0
2118 0.1355435956247057 -0.008078121137004221 0
2119 0.1395692269163421 -0.01231920754085913 0
2120 0.281835439762112 -0.1417531867805772 0
2121 0.2652226879939718 -0.1389593440578081 0
2122 0.2732616098574514 -0.14128051840521 0
2123 0.1493799591059709 -0.1093736298741457 0
2124 0.1595898201519403 -0.1040224311866954 0
2125 0.1576433438988002 -0.111310636467272 0
2126 0.2441836809979284 -0.02061327743243519 0
2127 0.2477441404010099 -0.03095634696250407 0
2128 0.2403193532507525 -0.02717200570131582 0
2129 0.1699866789839023 -0.1295459584580309 0
2130 0.1850201504985391 -0.1202130388957567 0
2131 0.1824137765426587 -0.1326910944461084 0
2132 0.177682469702108 -0.1251483634557451 0
2133 0.1209482104229404 -0.0993526260041705 0
2134 0.1317843770336732 -0.1069321343035087 0
2135 0.124563756940227 -0.1150592947414985 0
2136 0.1159745885449659 -0.1064767640564531 0
2137 0.1234654018160238 -0.1069201994875602 0
2138 0.1388478591283994 -0.02681820488500561 0
2139 0.1309988201647316 -0.03261682352451894 0
2140 0.1330023635031975 -0.02671767614381178 0
2141 0.2334675886751408 -0.1089723981269683 0
2142 0.2341388629020209 -0.09720746353957414 0
2143 0.245350391577209 -0.0979580425878831 0
2144 0.2393439763312197 -0.1032604123566453 0
2145 0.1189249723825781 -0.1408292833741768 0
2146 0.1268127043039742 -0.1321539257577862 0
2147 0.1376009433874205 -0.1410017544961496 0
2148 0.1283326525655323 -0.1410079505408818 0
2149 0.2216992394336151 -0.1087759905600452 0
2150 0.2337639831446517 -0.1209087979125483 0
2151 0.2272207701544322 -0.1151567714325011 0
2152 0.2232252639055664 -0.1406494785990873 0
2153 0.236727857491436 -0.1334798175548494 0
2154 0.2329292345897628 -0.1418166724295341 0
2155 0.1414971801206103 -0.09935874020161439 0
2156 0.1448210068926986 -0.08235834857148497 0
2157 0.1531811958331996 -0.09367726970342576 0
2158 0.1433658902143477 -0.09089546193651812 0
2159 0.1741366524022317 -0.03921544429720932 0
2160 0.1803723735072471 -0.03235768587222076 0
2161 0.1816110025400834 -0.03994170095776216 0
2162 0.1940458061595066 -0.05876322780936365 0
2163 0.1918695592475487 -0.06759415531233863 0
2164 0.1809410027300015 -0.06503008581218357 0
2165 0.1875811223603993 -0.06167773871222433 0
2166 0.1681498635561201 -0.04635314047230639 0
2167 0.1667953111693702 -0.03895649296117287 0
2168 0.2508723253489313 -0.04143008022702539 0
2169 0.2434656833970966 -0.05586921475063407 0
2170 0.2467610604039509 -0.04805934684598075 0
2171 0.1664860568699633 -0.0891237402317131 0
2172 0.1711167562187319 -0.09973494914153694 0
2173 0.1625539077017467 -0.09656976190467385 0
2174 0.2200036465412372 -0.05083335699456401 0
2175 0.2184989338029627 -0.04088425079898601 0
2176 0.1790628167608463 -0.008216519756352028 0
2177 0.1966668611219239 -0.007521867146788985 0
2178 0.1877281679232292 -0.007883013605487516 0
2179 0.1842046155020966 -0.0961624407455318 0
2180 0.1857750516866149 -0.1086087580494872 0
2181 0.1789328108408456 -0.1035644491455511 0
2182 0.2308251726965073 -0.06324408926593759 0
2183 0.2179081336335447 -0.07071470282509565 0
2184 0.2100394079583507 -0.05915102751099834 0
2185 0.2198783086248216 -0.0610136839667429 0
2186 0.2058549207681576 -0.006951456229436451 0
2187 0.1799084629981637 -0.08419669673068482 0
2188 0.1935833052748684 -0.07934453423739746 0
2189 0.1977776688373072 -0.0914547479196532 0
2190 0.1889201066920581 -0.08777382648408188 0
2191 0.2136894933627721 -0.1401471568446943 0
2192 0.171874348468992 -0.06027160869730766 0
2193 0.1631436562724125 -0.054900481289031 0
2194 0.1698776508176022 -0.05342954698199513 0
2195 0.2912524624326736 -0.1329644572326914 0
2196 0.2884431083787584 -0.1178752503008315 0
2197 0.2908242390082081 -0.1250286558202076 0
2198 0.2690462592319774 -0.06281601922648825 0
2199 0.2638400160966962 -0.07417717436768714 0
2200 0.2518627695563522 -0.06649436356588581 0
2201 0.2609531033416439 -0.0654870917549924 0
2202 0.1361026415166114 -0.07182442535853718 0
2203 0.118376635071287 -0.06863690715638852 0
2204 0.1272951797390337 -0.0704814689420622 0
2205 0.1171194614675059 -0.1228063733107704 0
2206 0.1089940898667739 -0.1310772779864998 0
2207 0.1083019937418987 -0.112693066614899 0
2208 0.1085922426965912 -0.12175101617957 0
2209 0.1550438963137405 -0.138509693070307 0
2210 0.1626253574337404 -0.134338902750929 0
2211 0.1584756645005947 -0.06412804513301548 0
2212 0.1564176057946967 -0.056701475462689 0
2213 0.1104956238194804 -0.09738430290588602 0
2214 0.1159267254653704 -0.09229602367839991 0
2215 0.2037503302024099 -0.1014320961750633 0
2216 0.2097103824584357 -0.08707327836901273 0
2217 0.2121126990809118 -0.09766800424070887 0
2218 0.2057340019277714 -0.09441915026301931 0
2219 0.1749904696488196 -0.01718418589824619 0
2220 0.1781641420440221 -0.0248700956319273 0
2221 0.2226365270252426 -0.09693287281853816 0
2222 0.2220182794039673 -0.08445708253600931 0
2223 0.2285638529319259 -0.09076170174284896 0
2224 0.2835828083814551 -0.09822738396860367 0
2225 0.2892141642001307 -0.1067587359125632 0
2226 0.2915121394891623 -0.09982056082939307 0
2227 0.2771742430378139 -0.07876460761063622 0
2228 0.2804375143211391 -0.06645349044648996 0
2229 0.2852660195656522 -0.07380482942306249 0
2230 0.1324130253013123 -0.04340733297670688 0
2231 0.1374788873434287 -0.04958953415460235 0
2232 0.1640132881142593 -0.07837568912347172 0
2233 0.1741984263877215 -0.07436450252774493 0
2234 0.1711047869283127 -0.08156297716791779 0
2235 0.2566619150621037 -0.09984510094688273 0
2236 0.2593951334503553 -0.08745986710487436 0
2237 0.2518313115971025 -0.09265270779429648 0
2238 0.2498512150205529 -0.1294260757228329 0
2239 0.2632912316575102 -0.1269112209854283 0
2240 0.2576585750441778 -0.1343368979951939 0
2241 0.2049612980021066 -0.1149474771508199 0
2242 0.1968479570344887 -0.1194409617514195 0
2243 0.2034839590071686 -0.12194827583918 0
2244 0.2622248270280801 -0.039599667636755 0
2245 0.255094247783984 -0.03491117475768592 0
2246 0.2057954612231706 -0.0754799275483657 0
2247 0.2140431038871755 -0.07940523504205013 0
2248 0.186389034627928 -0.1410813128008133 0
2249 0.1532854626568004 -0.07364093633355105 0
2250 0.1670320660944998 -0.06904866307442363 0
2251 0.1605700703421836 -0.07157320185248373 0
2252 0.200949470387344 -0.0652608152608132 0
2253 0.2013438501837594 -0.05812897811749419 0
2254 0.1155466319660138 -0.02494687431241439 0
2255 0.1220822057961635 -0.03417992592788048 0
2256 0.1132739662049363 -0.03376753847014741 0
2257 0.1184274838902277 -0.02967679880424662 0
2258 0.125076971927689 -0.00476725684335004 0
2259 0.1304309100927206 -0.005919020660029084 0
2260 0.1339151189999604 -0.1237737863897596 0
2261 0.1409844456325327 -0.1159181644055426 0
2262 0.14386114248832 -0.131776808455105 0
2263 0.1420058828680338 -0.1237443907081495 0
2264 0.2791623943861437 -0.1061840960068421 0
2265 0.26828635167764 -0.1030652870923577 0
2266 0.2726162186673009 -0.09169512238106156 0
2267 0.2759109763023487 -0.09963482113349346 0
2268 0.2411031561443552 -0.01007105385387459 0
2269 0.23309506208318 -0.007522423553105992 0
2270 0.1448915861318916 -0.07331156914877358 0
2271 0.1126697247573907 -0.007113537137600642 0
2272 0.1085049810883351 -0.006178742680063548 0
2273 0.1085745322110467 -0.003056683316171177 0
2274 0.110532734384599 -0.004769411092996514 0
2275 0.1088422270292317 -0.02301449061626698 0
2276 0.1131096028291668 -0.02048639601930261 0
2277 0.2751421776887876 -0.04062692842740898 0
2278 0.2726587219496002 -0.05212312974067446 0
2279 0.2680914782819281 -0.04549361457463423 0
2280 0.210957297016554 -0.1064965544754957 0
2281 0.1975273490294354 -0.11017741189938 0
2282 0.2042728510126172 -0.1082502306263489 0
2283 0.2767327761289873 -0.1161252353601553 0
2284 0.2837253516535546 -0.1118177113569075 0
2285 0.1979918185612299 -0.07197507709074913 0
2286 0.2648437619747234 -0.1144570889300182 0
2287 0.2697789809451825 -0.1208702148755701 0
2288 0.1737270617804215 -0.06718906922969409 0
2289 0.2415575287223884 -0.1253588758507735 0
2290 0.288174875881392 -0.04328542492079796 0
2291 0.2838253283404854 -0.05510758231790826 0
2292 0.2915720249728491 -0.05098633688129994 0
2293 0.2417384303662706 -0.06538503744879205 0
2294 0.151894519397536 -0.02085560280265414 0
2295 0.1635794849568986 -0.01123412254722767 0
2296 0.1576214331146523 -0.01577381624318412 0
2297 0.1407720357302666 -0.1077904545209531 0
2298 0.2606933600628066 -0.1071886828188804 0
2299 0.1117705971235155 -0.05698977017944589 0
2300 0.1105246187637343 -0.04451177996258442 0
2301 0.1218041361874703 -0.0440687369101519 0
2302 0.1164075762443249 -0.04997835630172137 0
2303 0.1084489609581718 -0.1042862580473675 0
2304 0.1062619070357373 -0.004556311111840169 0
2305 0.1042637364938932 -0.002344223989829308 0
2306 0.1064765590560775 -0.002414982361608503 0
2307 0.1055333260357881 -0.0314238776578238 0
2308 0.10442743535404 -0.02534785122423758 0
2309 0.118127142758522 -0.006960875645060205 0
2310 0.1203567332181747 -0.003621694310606355 0
2311 0.2169140980138382 -0.1025739054274254 0
2312 0.1256010498683486 -0.1234587986923587 0
2313 0.2916282226390872 -0.01706700427150015 0
2314 0.2889802878622712 -0.03146404215949009 0
2315 0.2913693810321166 -0.02494387420043391 0
2316 0.1062925821861857 -0.009009336833126977 0
2317 0.1043735241926098 -0.006866794584131031 0
2318 0.1064045603526858 -0.006681538081772562 0
2319 0.2764958860949228 -0.05914701179766439 0
2320 0.1071629544207044 -0.0380354939788233 0
2321 0.2828592677418961 -0.03626934331505761 0
2322 0.1269531444385779 -0.03849704277938788 0
2323 0.1708407507100219 -0.008998560003264031 0
2324 0.1093560862292671 -0.06536432914469878 0
2325 0.1031813622118475 -0.009765558309535904 0
2326 0.1052991889403083 -0.01166530823821083 0
2327 0.1913275270668983 -0.1145984231960901 0
2328 0.102152628381917 -0.004850537125405979 0
2329 0.1023367153520395 -0.007412372501219913 0
2330 0.1466487490381546 -0.140473621968586 0
2331 0.1021011755322716 -0.002371679770393834 0
2332 0.290788892751312 -0.1413511558216125 0
2333 0.1152301237759105 -0.00970083949328078 0
2334 0.1094785419653996 -0.1405150606606607 0
2335 0.2913976319772758 -0.008625247079990378 0
2336 0.2523346726760503 -0.009394811915504259 0
2337 0.2585788079543486 -0.007525685792600267 0
2338 0.2478324343602667 -0.01428096653753026 0
2339 0.268215556856741 -0.08304065315165153 0
2340 0.1454545422445528 -0.02476446781394115 0
2341 0.2821157595254643 0.0004940185546875 0
2342 0.2910578797627321 0.0004581146240234374 0
2343 0.2642315190509286 0.00049993896484375 0
2344 0.2731736392881964 0.0004991226196289063 0
2345 0.1043435661967661 0.0005059821324969477 0
2346 0.102069403748239 0.0005418901880207181 0
2347 0.2463472785763928 0.0005 0
2348 0.2552893988136607 0.0004999923706054687 0
2349 0.1099424049031087 0.0005000610421683362 0
2350 0.1069480990202363 0.0005008774811698329 0
2351 0.2284630381018571 0.0005 0
2352 0.237405158339125 0.0005 0
2353 0.1173842813962305 0.0005 0
2354 0.1134013943986154 0.000500007630271042 0
2355 0.2105787976273214 0.0005 0
2356 0.2195209178645892 0.0005 0
2357 0.1926945719600144 0.0005 0
2358 0.2016366792409571 0.0005 0
2359 0.1272864848828401 0.0005 0
2360 0.1219871516282616 0.0005 0
2361 0.174811921496686 0.0005 0
2362 0.1837526689831834 0.0005 0
2363 0.1403724369049476 0.0005 0
2364 0.133390165130248 0.0005 0
2365 0.1569987138602244 0.0005 0
2366 0.1658801829414443 0.0005 0
2367 0.1483799506099737 0.0005 0
2368 0.1031985254554349 0.004512571920146908 0
2369 0.1083880576756349 0.007083511933073714 0
2370 0.1129790288200241 0.005327978419692012 0
2371 0.1836649875756562 0.006010474112200417 0
2372 0.237358465478732 0.006010439428168423 0
2373 0.2878578462189429 0.004925359384900126 0
2374 0.2730176342358095 0.005943868749799164 0
2375 0.2552552372306027 0.006009756458700781 0
2376 0.2194592221441884 0.006010444654117808 0
2377 0.2015602469557151 0.006010452292187139 0
2378 0.1658181089765807 0.006010483213401167 0
2379 0.148515899203325 0.006010382197083802 0
2380 0.1039737828193865 0.007850341106955157 0
2381 0.1221086363261068 0.00595610560806327 0
2382 0.1336107391632993 0.006005315298254056 0
2383 0.1070350786718288 0.004377451787040336 0
2384 0.1305644012681424 0.00404417738048461 0
2385 0.1366165538011161 0.004055119831394564 0
2386 0.1333685001935751 0.002900054836771548 0
2387 0.1366136742534965 0.007965887572262426 0
2388 0.130565056433659 0.007954963667644104 0
2389 0.1333676037582847 0.009105983838505669 0
2390 0.1114452214604396 0.00344035299811523 0
2391 0.1150047566814554 0.00378712438594969 0
2392 0.1131904340522739 0.002636850023008721 0
2393 0.1244027498735071 0.007931172315599012 0
2394 0.1197685461519398 0.007873218111521911 0
2395 0.1219323918673293 0.009075001935578895 0
2396 0.1197879761024584 0.003978908133516186 0
2397 0.1244053442373746 0.004031569026053511 0
2398 0.1219371489987414 0.002876308696447651 0
2399 0.1014252925190863 0.005490286897431062 0
2400 0.1014408964162705 0.003786274839119082 0
2401 0.1009951781585685 0.00467270617948815 0
2402 0.2856713894145113 0.003729539980763553 0
2403 0.2920081876717265 0.004154487106838987 0
2404 0.2897178270410332 0.002798000515675997 0
2405 0.268980449928614 0.004023442832006835 0
2406 0.2771932723339159 0.003872448801900512 0
2407 0.2731134402803798 0.002833782019193553 0
2408 0.2511240705663857 0.004043201807533234 0
2409 0.2593864767548683 0.004050396973211668 0
2410 0.2552549670116223 0.002852166186094524 0
2411 0.2332254417086652 0.004043294367075392 0
2412 0.2414938774500921 0.004052507916494084 0
2413 0.2373566904690265 0.002852498647392603 0
2414 0.2153262005030972 0.004043298235106817 0
2415 0.2235946700316425 0.004052521696686389 0
2416 0.2194574301328678 0.002852508676446599 0
2417 0.1974273630752265 0.004043337127392268 0
2418 0.2056955325472952 0.004052547628563799 0
2419 0.2015583083068252 0.002852663552950808 0
2420 0.1795339881201586 0.004043797918202764 0
2421 0.1877980729496606 0.004052872140398691 0
2422 0.1836610614194431 0.002854728289620826 0
2423 0.1617125310563 0.004047985750750124 0
2424 0.1699228855075796 0.004056676894880529 0
2425 0.1657892666769051 0.002881112642851788 0
2426 0.1446585986379098 0.00405678198173608 0
2427 0.1523366585060556 0.004062379277002734 0
2428 0.1483276929912421 0.002905140861901531 0
2429 0.2770374934365457 0.007826122357134764 0
2430 0.2689625660706177 0.007938147935656677 0
2431 0.2730724148001366 0.009070265108853268 0
2432 0.2593797355722091 0.007969844049212875 0
2433 0.251120677103515 0.007972049369764776 0
2434 0.2552518985656354 0.009160736929529571 0
2435 0.2414884553146154 0.007973393717655807 0
2436 0.233222450257933 0.007972579793063598 0
2437 0.2373538937134001 0.00916338168607239 0
2438 0.223589279808714 0.007973435712553023 0
2439 0.2153232146624471 0.007972583837400255 0
2440 0.2194546376222557 0.00916340341134037 0
2441 0.205690139366255 0.007973423197617109 0
2442 0.1974243697761675 0.007972561952255427 0
2443 0.2015555114314289 0.00916326063139267 0
2444 0.1877926456183212 0.007973159678271922 0
2445 0.1795308859955855 0.00797215670551204 0
2446 0.1836582005188331 0.009161273073966563 0
2447 0.1699169852717544 0.007969584858717769 0
2448 0.161709555041305 0.007968101155571382 0
2449 0.165786164667341 0.009134965070425365 0
2450 0.1523299165047106 0.007962924453659074 0
2451 0.1446572266186376 0.007956808512451657 0
2452 0.1483256305324974 0.009106745531112685 0
2453 0.1274305732937 0.005990656750826905 0
2454 0.1147580042398443 0.007554091370467199 0
2455 0.1173122741252933 0.005810364970309513 0
2456 0.1041640931809926 0.00941632085702288 0
2457 0.1019430737688689 0.008169943200840765 0
2458 0.1020141859090498 0.009584379539138644 0
2459 0.1405698235182672 0.006007273395178526 0
2460 0.1036823978059292 0.006299251884726222 0
2461 0.1017719363215945 0.00676933893544856 0
2462 0.1038206245324197 0.002638747804880289 0
2463 0.1018095582582394 0.002448158811893579 0
2464 0.1091352304243162 0.008972236483293691 0
2465 0.1061390184122943 0.007526566599340821 0
2466 0.10653556852322 0.009230248946368754 0
2467 0.1570106757068055 0.006008703635659651 0
2468 0.1747253441531565 0.006008760809365843 0
2469 0.210508336568139 0.0060087027747391 0
2470 0.2284075277474555 0.006008698585415804 0
2471 0.2641791434997208 0.005997033625725778 0
2472 0.286061571337736 0.007047394321628321 0
2473 0.2814085304906786 0.005655992422111717 0
2474 0.1926101514335569 0.006008717080292161 0
2475 0.2463063828188695 0.006008561925646247 0
2476 0.1107060348815759 0.006375763537852639 0
2477 0.107968682576864 0.003296793966453874 0
2478 0.1076175652828349 0.005457280691665001 0
2479 0.1094608985134441 0.004572935929355822 0
2480 0.1055660110301006 0.004401780398682543 0
2481 0.105709383554425 0.005930577893888454 0
2482 0.1119498841585866 0.008525019784178672 0
2483 0.1060109815553343 0.002792014239850526 0
2484 0.2923610009895585 0.007035813683549737 0
2485 0.2821157595254643 0.0114940185546875 0
2486 0.2910578797627321 0.01145811462402344 0
2487 0.2642315190509286 0.01149993896484375 0
2488 0.2731736392881964 0.01149912261962891 0
2489 0.1043435661967661 0.01150597938420461 0
2490 0.102069403748239 0.01154187094296341 0
2491 0.2463472785763928 0.0115 0
2492 0.2552893988136607 0.01149999237060547 0
2493 0.1099424049031087 0.01150006101412454 0
2494 0.1069480990202363 0.01150087707804022 0
2495 0.2284630381018571 0.0115 0
2496 0.237405158339125 0.0115 0
2497 0.1173842813962305 0.0115 0
2498 0.1134013943986154 0.01150000762676557 0
2499 0.2105787976273214 0.0115 0
2500 0.2195209178645892 0.0115 0
2501 0.1926945719600144 0.0115 0
2502 0.2016366792409571 0.0115 0
2503 0.1272864848828401 0.0115 0
2504 0.1219871516282616 0.0115 0
2505 0.174811921496686 0.0115 0
2506 0.1837526689831834 0.0115 0
2507 0.1403724369049476 0.0115 0
2508 0.133390165130248 0.0115 0
2509 0.1569987138602244 0.0115 0
2510 0.1658801829414443 0.0115 0
2511 0.1483799506099737 0.0115 0
2512 0.182148081694715 0.03289928448083302 0
2513 0.2240758601789415 0.1330086235902349 0
2514 0.2850467238779327 0.07367157871730547 0
2515 0.1208397771325952 0.08371049725296621 0
2516 0.1342395206743094 0.02086895638117346 0
2517 0.1750707446458134 0.1348219271516634 0
2518 0.2327158375537208 0.0276157462515118 0
2519 0.2814733738809338 0.102764774841875 0
2520 0.11423114375101 0.04987913702399957 0
2521 0.1134282603617015 0.01877961248584838 0
2522 0.1316513245807462 0.1344739608414823 0
2523 0.2669854207632066 0.02687754038192079 0
2524 0.1084432479761056 0.02920111378837453 0
2525 0.2703618911085505 0.1265009230051437 0
2526 0.1062074466411439 0.02165242132105974 0
2527 0.1088146592873706 0.03711622596116534 0
2528 0.1171357137493006 0.03068361418042616 0
2529 0.1113969345981283 0.06249447150713934 0
2530 0.1277554190439491 0.06757703154611513 0
2531 0.1333743942815485 0.08834319433298771 0
2532 0.1423783934232781 0.07938275106493585 0
2533 0.137658114679472 0.05667066863449212 0
2534 0.154676525640676 0.0625436282498348 0
2535 0.1678110785460731 0.077977472904962 0
2536 0.1790844591860239 0.06832556231334763 0
2537 0.1844537487863279 0.084683981437864 0
2538 0.203106127588805 0.07614282882539634 0
2539 0.2019242417064494 0.09716610476939616 0
2540 0.2233729287829956 0.08188072711562777 0
2541 0.2113041757810712 0.0628624999248836 0
2542 0.2278719269246856 0.06320459471942949 0
2543 0.241154279156441 0.08661850240772193 0
2544 0.2466788853806874 0.07170945326357536 0
2545 0.2565516448486211 0.09045536543290406 0
2546 0.1534346775473134 0.0430983615631048 0
2547 0.1928121877394016 0.1096988854932383 0
2548 0.2061957482605004 0.1137392952826889 0
2549 0.2390528892148389 0.1027421278821539 0
2550 0.2575916049119185 0.1051358643244986 0
2551 0.2397402544757385 0.05390664559307174 0
2552 0.2554376747791405 0.05587287312891617 0
2553 0.1395450161992204 0.04322980777753805 0
2554 0.25209335230827 0.04125858500865895 0
2555 0.1898415373422196 0.1239333461714931 0
2556 0.1185343482683968 0.09931939571128999 0
2557 0.1359475677327807 0.1007391230109342 0
2558 0.1512563246783152 0.03003232021774509 0
2559 0.268217188769424 0.095149370088246 0
2560 0.2698624922264331 0.04322273790711056 0
2561 0.1248296544547232 0.02022341594592816 0
2562 0.1262527584278622 0.05331580287395501 0
2563 0.2623842014364144 0.07791504989986919 0
2564 0.2479798773509146 0.1346834559266807 0
2565 0.155145979046921 0.1343991396697323 0
2566 0.1570182190903475 0.1169131199160875 0
2567 0.1920699698599114 0.06109016378922685 0
2568 0.2025707868893896 0.049729193595422 0
2569 0.2207230905672427 0.0454859353962276 0
2570 0.2156500112125869 0.02882103923543883 0
2571 0.1270900805607224 0.04170645196164007 0
2572 0.2050993464222172 0.1294488965106552 0
2573 0.28521069499534 0.08921665447352288 0
2574 0.1725019163256511 0.05408253278930281 0
2575 0.2850986135686639 0.1190993954287951 0
2576 0.221490497783657 0.09918136746820842 0
2577 0.2837556724264614 0.05508776045205233 0
2578 0.15608867899951 0.09561668381933679 0
2579 0.1676193498692065 0.03861054812179825 0
2580 0.1181259790447985 0.1164546088626003 0
2581 0.1984142153045098 0.03025365582017434 0
2582 0.2843705135911186 0.03836406048157109 0
2583 0.1771422646322282 0.102848357458459 0
2584 0.2696307352958621 0.1119259338067295 0
2585 0.221326891228654 0.1155686478673227 0
2586 0.2497419268897914 0.02700048277574179 0
2587 0.1267921968332429 0.03085646780352885 0
2588 0.2718220109724007 0.06576027076215785 0
2589 0.2377162422278166 0.1211343685247268 0
2590 0.108741473808018 0.01687385956854884 0
2591 0.1865791546390342 0.04861029638842557 0
2592 0.1743191441481436 0.1193578412048837 0
2593 0.116341892879871 0.03958702868963609 0
2594 0.1470937495895004 0.02136693336169727 0
2595 0.1625911864370945 0.02487467485662076 0
2596 0.2365425264526046 0.0425824875503804 0
2597 0.1179519367908059 0.1332926539040389 0
2598 0.2835699658173408 0.02707200599531046 0
2599 0.1393206083057546 0.02927210324408747 0
2600 0.1113063202692752 0.02317400454790344 0
2601 0.2843189931207941 0.1331655896819206 0
2602 0.2756586896667664 0.08415622093922465 0
2603 0.2536618340777906 0.1221012789917705 0
2604 0.1165551630610673 0.02327257737968416 0
2605 0.1045128622616367 0.01654228761295068 0
2606 0.1386411688125545 0.1206136016935036 0
2607 0.1877972766549663 0.1352501041770403 0
2608 0.1344298883290327 0.06240224712639891 0
2609 0.1318266526340074 0.05463237164009486 0
2610 0.1262711855503872 0.05936554833454682 0
2611 0.1307701469731494 0.05897771122163603 0
2612 0.144099109455324 0.01763935046074766 0
2613 0.1512708392606365 0.01801949676707937 0
2614 0.1479195926655796 0.01560733756992805 0
2615 0.1081398864561739 0.06879188231890346 0
2616 0.1054930957895725 0.05984645426316684 0
2617 0.104290200349061 0.06522108479555577 0
2618 0.255807986765985 0.09687328463601129 0
2619 0.2640844752859159 0.09998974516004915 0
2620 0.2627271538759108 0.09240515110508001 0
2621 0.2608236602935068 0.09660300525354101 0
2622 0.2534692822402665 0.1401309178299588 0
2623 0.2440285708981182 0.1405812500976009 0
2624 0.2492304834426399 0.1440549503584758 0
2625 0.253206195408999 0.04778365902446736 0
2626 0.2637224192965696 0.05021823485175979 0
2627 0.2598742618903761 0.04149873156512689 0
2628 0.2590287553653447 0.04661149900877275 0
2629 0.1585711390948965 0.1432152881192775 0
2630 0.1471786146374822 0.1408185753040466 0
2631 0.151853928400534 0.1447293834885102 0
2632 0.232182476963622 0.1403524477020864 0
2633 0.2212130195485665 0.1422822250308093 0
2634 0.2278829125242869 0.1442543863722019 0
2635 0.120769565133635 0.01643947154740767 0
2636 0.126545189574071 0.01567861891673458 0
2637 0.1230013408338766 0.01472095022866854 0
2638 0.1933844440947931 0.07990140168120349 0
2639 0.1928967536407415 0.09142555456555956 0
2640 0.2033123703346048 0.0869492671673109 0
2641 0.1964760424261991 0.08603141916483691 0
2642 0.2907525917981167 0.06900885519346803 0
2643 0.291054040366002 0.07714935647488545 0
2644 0.2943225690077935 0.07282504900397098 0
2645 0.1730994164290091 0.07234730415518165 0
2646 0.1747497360500291 0.082280721542992 0
2647 0.1821181998807014 0.0752709688281243 0
2648 0.1767569146264067 0.07676001536342202 0
2649 0.290194342648418 0.05087091242139427 0
2650 0.2903100782580454 0.0593470097385919 0
2651 0.293890670647547 0.05511449452446968 0
2652 0.1958262942542009 0.1034610199811436 0
2653 0.1994479916743642 0.112295230104176 0
2654 0.205290666099388 0.1064033119886335 0
2655 0.200218421206588 0.1071959177470805 0
2656 0.1973852293891964 0.05667787539225926 0
2657 0.1935010189617322 0.04787833590674927 0
2658 0.1887919027302436 0.05509063023876198 0
2659 0.1934185374016474 0.0531562798629174 0
2660 0.1569191605543712 0.1250493090515733 0
2661 0.148557745247847 0.1175160088991221 0
2662 0.1464488314942801 0.1283157911213891 0
2663 0.1505046286731938 0.1237435162280213 0
2664 0.1495937331911014 0.0252409481076904 0
2665 0.1433515720375026 0.02456700329068083 0
2666 0.1458366740159214 0.03068065632331264 0
2667 0.1461255890389441 0.02686498446772968 0
2668 0.1600358070396925 0.01919693185105611 0
2669 0.1682350403906843 0.02066552051173819 0
2670 0.1647904229807812 0.0169292596774514 0
2671 0.2784022817040058 0.1217718134349748 0
2672 0.2773987208167957 0.1315896430705352 0
2673 0.2853693946790891 0.1259854169868155 0
2674 0.2802315365260737 0.1264089222586675 0
2675 0.2218500849111842 0.1232940398412026 0
2676 0.2316476046742549 0.127734488876418 0
2677 0.2288460142288145 0.1173056896285679 0
2678 0.2275460172710794 0.1229180885261565 0
2679 0.106623416220104 0.02537731929713236 0
2680 0.110439597866475 0.02572111840574906 0
2681 0.1090576895542092 0.02248340616620417 0
2682 0.1086632505627931 0.02457761938188657 0
2683 0.24284286925381 0.1291895899146236 0
2684 0.2514224534391201 0.1288635725934227 0
2685 0.246551174659369 0.1206348203536781 0
2686 0.2467905648504368 0.1261259991152017 0
2687 0.1121554988836009 0.0209393275139538 0
2688 0.1137393354912866 0.0235986359740998 0
2689 0.1153612810666789 0.02062704059744053 0
2690 0.113749497730184 0.02171422655165055 0
2691 0.1078315472985458 0.01906258960689996 0
2692 0.1066110921987172 0.0165292907737523 0
2693 0.1049191179152741 0.01884954561490843 0
2694 0.1064529006985703 0.01820973260136978 0
2695 0.1271587981737171 0.03615063426015904 0
2696 0.1217300476360064 0.03089216636578664 0
2697 0.1169339544531623 0.03502660728554179 0
2698 0.1215192345708074 0.04076237785190955 0
2699 0.1218206002774839 0.03570118611888265 0
2700 0.156827815022804 0.02791582201365655 0
2701 0.154465968985412 0.02241221797792096 0
2702 0.2583547581434685 0.02693522373975433 0
2703 0.2510552357206137 0.0343174071342477 0
2704 0.2682919978098558 0.03435588941613926 0
2705 0.259524271710219 0.03438678092140196 0
2706 0.1153795639688769 0.04445476757736308 0
2707 0.1118417957916928 0.03823905992834963 0
2708 0.1061968814389281 0.03910167571177765 0
2709 0.1080187559749304 0.04702758071917051 0
2710 0.1101600857914567 0.04222248360674598 0
2711 0.1341807023476608 0.129450749120851 0
2712 0.134793216054859 0.1397444527430467 0
2713 0.1409038300087585 0.1347027328879661 0
2714 0.1091171403809803 0.132415255506486 0
2715 0.1178714424591638 0.1249589795071617 0
2716 0.1090619518157468 0.1147490150957245 0
2717 0.1090114822489918 0.1235931004497157 0
2718 0.190043804528941 0.031237434148615 0
2719 0.1845605158942963 0.0412160808732163 0
2720 0.2007459780195875 0.03936234047128983 0
2721 0.1923058441438882 0.0400454868546185 0
2722 0.1371857551086438 0.1095357648880847 0
2723 0.1565917313137614 0.1077613878051481 0
2724 0.1448432025443162 0.09910188310545118 0
2725 0.1468305201927297 0.1084815391861843 0
2726 0.2753589200923774 0.02681189386689894 0
2727 0.2828655690991625 0.01966503756287053 0
2728 0.2656139682052848 0.01945300193794373 0
2729 0.2742644874979154 0.01948450316213482 0
2730 0.1741970800126426 0.127209417870016 0
2731 0.1657615230520645 0.1177990571780188 0
2732 0.1661538319028202 0.1344662589072714 0
2733 0.1656236602006579 0.1262072803490077 0
2734 0.234654000190002 0.03524373665291609 0
2735 0.2442945585865489 0.04171116875316268 0
2736 0.2411773613545131 0.02721912108091343 0
2737 0.2428016480119777 0.03461603462936513 0
2738 0.1200272579674359 0.02221370876522832 0
2739 0.1151553364437476 0.016262254278839 0
2740 0.1178875533962432 0.01876289052097528 0
2741 0.2718296382821379 0.08970637030155332 0
2742 0.2693218348678218 0.08104948573673883 0
2743 0.2589777970068571 0.08419540147302451 0
2744 0.2656945841649742 0.08685479448342172 0
2745 0.1823351410337078 0.1214243886214301 0
2746 0.1827279862405427 0.1351732439586201 0
2747 0.1887218237675659 0.1306334016401156 0
2748 0.1819071997502658 0.1285188102750434 0
2749 0.1110909110898376 0.01764345721273529 0
2750 0.1099796688100926 0.02004775833788375 0
2751 0.2609966466736784 0.1245478630682841 0
2752 0.2654954225174244 0.1371690650939939 0
2753 0.2579136256747667 0.1329279082922232 0
2754 0.2383638742400071 0.04924610907420336 0
2755 0.2287539026427025 0.04389630752533826 0
2756 0.2237092665282346 0.05360330527441305 0
2757 0.2356135675397715 0.05721712833070233 0
2758 0.2314548373826052 0.05113908327440503 0
2759 0.1394616526743077 0.03653320731231627 0
2760 0.1463539388637117 0.04358811484999484 0
2761 0.1524066874667218 0.03598587778555593 0
2762 0.1459791919506526 0.03661256517547188 0
2763 0.1796950388407748 0.05096324968782108 0
2764 0.175668688070165 0.06147638686977185 0
2765 0.1857465335309506 0.06484932101995 0
2766 0.1824917944738823 0.05803665210954312 0
2767 0.2800859563683302 0.07880309671355806 0
2768 0.2813047999108259 0.08711040092595609 0
2769 0.2902100358600403 0.08652042440395273 0
2770 0.2859552209554158 0.08225176168300996 0
2771 0.2919647399264511 0.1331822365491408 0
2772 0.2923436021095275 0.1171777992396121 0
2773 0.292408466719346 0.1251309968567985 0
2774 0.2838554583622954 0.1116749755774307 0
2775 0.2914565574243115 0.1006760947529435 0
2776 0.291824962969225 0.1090326769112114 0
2777 0.2917193836193698 0.02793160808712196 0
2778 0.2840808846971479 0.03376544909547496 0
2779 0.2895829084234841 0.0412103501372666 0
2780 0.2915904543928373 0.0352344109719799 0
2781 0.1044125924287572 0.01427632095553141 0
2782 0.1093951673295139 0.01452468459789756 0
2783 0.1068030890393727 0.01433195223986199 0
2784 0.1699156439890711 0.04637270701289079 0
2785 0.1605275274788143 0.04133475783880137 0
2786 0.1541699612479843 0.05130151836047221 0
2787 0.1647455521891416 0.05785967234640614 0
2788 0.1622517031204025 0.04935542706578262 0
2789 0.2136255601585728 0.1146386037268686 0
2790 0.2213323634994509 0.1076283209771019 0
2791 0.2124503125632579 0.0978213764416497 0
2792 0.2130095788535295 0.1065317002982702 0
2793 0.1331068781902437 0.04252226981972283 0
2794 0.1267214476524441 0.04745371225061681 0
2795 0.1390810885402524 0.05002603536439405 0
2796 0.1326783866146183 0.04869142611260537 0
2797 0.1965711116643009 0.06770464950882574 0
2798 0.2084667254162317 0.06769767653759197 0
2799 0.2082546958943239 0.0579133176887045 0
2800 0.2025219502698995 0.06245357158969658 0
2801 0.2667084940846036 0.07174692447648164 0
2802 0.2643332974261401 0.06136321767849255 0
2803 0.2507637686257962 0.0644648396471499 0
2804 0.2548732656203278 0.07482602640068667 0
2805 0.2591132559815322 0.06800558534985794 0
2806 0.1273342778634046 0.1006554991433019 0
2807 0.1345206104439411 0.09323468219669566 0
2808 0.1283421693161289 0.0864566576680246 0
2809 0.1191790412125704 0.0912222325976802 0
2810 0.1272877482665494 0.09299461365402983 0
2811 0.1362756950530908 0.01789180666061872 0
2812 0.1359939393489584 0.02389846987740335 0
2813 0.1400052585688649 0.02095719413291356 0
2814 0.1119358761009623 0.08030966449349564 0
2815 0.1094010881875448 0.09707499611892774 0
2816 0.1100239835661232 0.0884616206801716 0
2817 0.1894998673420755 0.07213490609195972 0
2818 0.1802422489081303 0.09438184872117003 0
2819 0.1854935399860363 0.1063319140035701 0
2820 0.1887374765156938 0.09878154105396232 0
2821 0.1747221031052168 0.03557688886950434 0
2822 0.1772235867915136 0.04350185222334951 0
2823 0.2253883557511298 0.07327644671505625 0
2824 0.217289551750045 0.06312420823326137 0
2825 0.2140760857809223 0.07940995547332409 0
2826 0.2162979003101219 0.07092190533866125 0
2827 0.1616964076520115 0.07155635654888753 0
2828 0.1686695385125741 0.0657751136323117 0
2829 0.2493414370629579 0.08868873673358545 0
2830 0.239869509889262 0.09453153073503863 0
2831 0.2477739195365924 0.1042196152378352 0
2832 0.2483032989856838 0.09613935587071168 0
2833 0.2303514220502793 0.1009640990656088 0
2834 0.2325186717900375 0.0843013103643625 0
2835 0.2221627942793857 0.09054644530127508 0
2836 0.2311996580658723 0.09258512538387109 0
2837 0.2434778468812538 0.07902472387905554 0
2838 0.238107943751517 0.0682555074065654 0
2839 0.2347730865153606 0.07610014439678719 0
2840 0.2516294435735165 0.08167013974940722 0
2841 0.282310554418311 0.1412130302867974 0
2842 0.2737542747302949 0.1399907742401851 0
2843 0.1481026276895981 0.07225850830835828 0
2844 0.1485995418677107 0.08606663055656517 0
2845 0.1627030563607658 0.08548092246127499 0
2846 0.1552414553903869 0.07888626513462108 0
2847 0.1679401567358957 0.09950197665483382 0
2848 0.171336559019915 0.09037366731532838 0
2849 0.1203280897849731 0.05188455996713158 0
2850 0.1209735828570518 0.04612877414898 0
2851 0.2127711728587416 0.08861950345363323 0
2852 0.1183416384402905 0.1077555141198822 0
2853 0.1091847725896464 0.1058480417583511 0
2854 0.2651468545402563 0.1096576250753256 0
2855 0.2739355080326057 0.1087469719966555 0
2856 0.2739692108380746 0.09851013587248009 0
2857 0.2692702677227156 0.1040772365649614 0
2858 0.1023118217523634 0.01667760757370987 0
2859 0.1021724977284757 0.01426663040727279 0
2860 0.2776629950997656 0.06014085589770444 0
2861 0.2787777217449005 0.06985053014440125 0
2862 0.2846418741076987 0.06457466544361681 0
2863 0.2791490846219051 0.04012641360392674 0
2864 0.277310028196456 0.04996847127105953 0
2865 0.2842381440421807 0.04563402597459752 0
2866 0.2705640015216111 0.05527157050755672 0
2867 0.1446170101724656 0.05928639630348756 0
2868 0.1356689032954055 0.07373183500586086 0
2869 0.1407055285291042 0.06683127671030706 0
2870 0.2376022373720778 0.1345443420354476 0
2871 0.206998731234476 0.0295348134819577 0
2872 0.2122952053170923 0.04717981952258777 0
2873 0.218102788878781 0.03720420560718794 0
2874 0.2094864605819892 0.03839916553197269 0
2875 0.1461861030766885 0.05119973976969762 0
2876 0.1651896837205498 0.03131581692725015 0
2877 0.1587552360409726 0.03415871762883897 0
2878 0.1130520159206739 0.05599241868658558 0
2879 0.1183685104303209 0.06525436417997166 0
2880 0.1196712620317067 0.05821982187799181 0
2881 0.1324358285794345 0.03049990479117998 0
2882 0.1330799898004869 0.03637257251196987 0
2883 0.2840762752983647 0.09399860814448704 0
2884 0.291522861406052 0.09274915210013643 0
2885 0.2241968328781554 0.02816906562693028 0
2886 0.2306407990676835 0.01984171208716618 0
2887 0.2131590058707106 0.02041668761697016 0
2888 0.221902876017081 0.0201058833322576 0
2889 0.1237424227551445 0.07622716177365442 0
2890 0.115366525504557 0.0726074398097257 0
2891 0.1274345928128078 0.1181466686260964 0
2892 0.1276479037582676 0.1091492432807042 0
2893 0.1771490528242923 0.1423812737174044 0
2894 0.1678226836866276 0.14244375905301 0
2895 0.1370542904969604 0.08484671287302988 0
2896 0.1311792232257037 0.08016895730738068 0
2897 0.2383966563891867 0.1112542318869109 0
2898 0.2297834753749814 0.1094010118061471 0
2899 0.1956847236887037 0.02119566179509943 0
2900 0.17908444109834 0.0239367285923759 0
2901 0.1871378966059225 0.02196234562833253 0
2902 0.1129689161810597 0.0302221875403837 0
2903 0.1085953914825654 0.03407351539152471 0
2904 0.1125956311603795 0.03429565139595016 0
2905 0.1029965566937282 0.02253961495563561 0
2906 0.1025918448829542 0.01938530589775626 0
2907 0.2552445941253568 0.1143346909117113 0
2908 0.2470073970516665 0.1126719138975532 0
2909 0.2136260074579063 0.1314280685332503 0
2910 0.2032335247545161 0.1381358703739102 0
2911 0.2121284979097401 0.1405263109338032 0
2912 0.2453725230137771 0.05487463793878713 0
2913 0.2424215194413777 0.06123616517371577 0
2914 0.2697797416114611 0.1171149340952772 0
2915 0.276552527723597 0.1149340170454031 0
2916 0.1911250546600552 0.1167136743779818 0
2917 0.1972608364140545 0.1267541755757577 0
2918 0.2059754744594652 0.1213237172999016 0
2919 0.1984655739726456 0.1192593216355375 0
2920 0.1122318916905682 0.0150233441585903 0
2921 0.1170800728065309 0.02671577075924272 0
2922 0.1134702688163566 0.02656594074206005 0
2923 0.215463395754127 0.05541708389934477 0
2924 0.103987169960076 0.03047840458171368 0
2925 0.1034822746613196 0.02625161540460116 0
2926 0.1415091894619299 0.09093205246936867 0
2927 0.2481109117075715 0.01953149426340852 0
2928 0.239356802762606 0.01964897077769614 0
2929 0.1260150484386039 0.1340007447170933 0
2930 0.1187299611506887 0.1415775734847981 0
2931 0.1273893491217724 0.1415643330284327 0
2932 0.2043928711030057 0.02077345600312614 0
2933 0.2455418030861652 0.04842661506044029 0
2934 0.2139280508196444 0.1227689323100063 0
2935 0.1065682426914836 0.05309829126565453 0
2936 0.1752918351861505 0.111229031150851 0
2937 0.1662880231659581 0.1089178365680534 0
2938 0.1306706753747608 0.02075092099866781 0
2939 0.1260651267308285 0.02581551444095681 0
2940 0.1312719849506541 0.02527118961406871 0
2941 0.2737059538533085 0.07535616883266595 0
2942 0.2765704771285013 0.03380996215910101 0
2943 0.1315872605606651 0.01647434732922699 0
2944 0.2914224544043712 0.02006384733302647 0
2945 0.2777484249438305 0.09251192174762222 0
2946 0.1264414542223231 0.1265081921777064 0
2947 0.1094702600976623 0.1411955312811483 0
2948 0.1045432507593145 0.0350034693349211 0
2949 0.1718225286084763 0.02757679384679923 0
2950 0.2568649037575326 0.01947637115379241 0
2951 0.1835233603583002 0.1139291892343839 0
2952 0.1919122028462629 0.1398492436480908 0
2953 0.1954387384504289 0.1341551893138977 0
2954 0.2264328325786036 0.03613139358612835 0
2955 0.291078280524969 0.1414679468607452 0
2956 0.1212520886410278 0.02635448671058645 0
2957 0.2628059087874896 0.1164412621906829 0
2958 0.1855462597227847 0.1420981182287056 0
2959 0.0004940185546875 -0.1303115166447273 0
2960 0.0004581146240234374 -0.1401557583223637 0
2961 0.00049993896484375 -0.1106230332894546 0
2962 0.0004991226196289063 -0.120467274967091 0
2963 0.0004941543136551814 -0.005189952631969877 0
2964 0.0004590652831211043 -0.00245158112422704 0
2965 0.0005 -0.09093459517183818 0
2966 0.0004999923706054687 -0.1007787972665253 0
2967 0.0004999403501393386 -0.01211332701282233 0
2968 0.0004991425332529922 -0.008383844910332644 0
2969 0.0005 -0.02159725632203554 0
2970 0.0004999925437674174 -0.01648734449679713 0
2971 0.0005 -0.07125109730050769 0
2972 0.0005 -0.08109103322676489 0
2973 0.0005 -0.03457832948091667 0
2974 0.0005 -0.02758886729073719 0
2975 0.0005 -0.05178899227198833 0
2976 0.0005 -0.0426938373578882 0
2977 0.0005 -0.06143990323540124 0
2978 0.0004188826985104962 0.0004191740798647727 0
2979 0.0004940160798775993 0.003499933117521824 0
2980 0.0004580972940408421 0.00224986312866607 0
2981 0.0004998779061231681 0.006000121618988554 0
2982 0.0004991146274312714 0.004749912511902991 0
2983 0.0004940187201928684 0.008500136107333325 0
2984 0.0004581157829832239 0.009750147916443377 0
2985 0.0004991150113546651 0.007250269567266352 0
2986 0.0004189008078764099 0.0114167880245239 0
2987 0.0005059814453125001 0.1315115166473161 0
2988 0.0005418853759765627 0.140755758323658 0
2989 0.0005000610351562501 0.113023034715319 0
2990 0.0005008773803710938 0.12226727514856 0
2991 0.0004941543142891081 0.01680872698305821 0
2992 0.0004590652875602081 0.01427931172692735 0
2993 0.0005 0.09453477265994503 0
2994 0.0005000076293945313 0.1037788224769994 0
2995 0.0004999403501458072 0.02311323988073746 0
2996 0.0004991425333459789 0.0197318854250406 0
2997 0.0005 0.03158561412772215 0
2998 0.000499992543768226 0.02704064123203288 0
2999 0.0005 0.07606095154431336 0
3000 0.0005000000000000001 0.08529259385737734 0
3001 0.0005 0.04296821755603578 0
3002 0.0005000000000000001 0.03686410378826462 0
3003 0.0005 0.05808298865195759 0
3004 0.0005000000000000001 0.05002406810905509 0
3005 0.0005000000000000001 0.06690479098484614 0
$EndNodes
$Elements
3131
1 1 2 2 1 1 25
2 1 2 2 1 25 26
3 1 2 2 1 26 27
4 1 2 2 1 27 28
5 1 2 2 1 28 29
6 1 2 2 1 29 30
7 1 2 2 1 30 31
8 1 2 2 1 31 32
9 1 2 2 1 32 33
10 1 2 2 1 33 34
11 1 2 2 1 34 35
12 1 2 2 1 35 36
13 1 2 2 1 36 37
14 1 2 2 1 37 38
15 1 2 2 1 38 39
16 1 2 2 1 39 40
17 1 2 2 1 40 41
18 1 2 2 1 41 42
19 1 2 2 1 42 43
20 1 2 2 1 43 44
21 1 2 2 1 44 45
22 1 2 2 1 45 46
23 1 2 2 1 46 47
24 1 2 2 1 47 48
25 1 2 2 1 48 49
26 1 2 2 1 49 50
27 1 2 2 1 50 51
28 1 2 2 1 51 52
29 1 2 2 1 52 53
30 1 2 2 1 53 54
31 1 2 2 1 54 55
32 1 2 2 1 55 56
33 1 2 2 1 56 57
34 1 2 2 1 57 58
35 1 2 2 1 58 59
36 1 2 2 1 59 60
37 1 2 2 1 60 61
38 1 2 2 1 61 62
39 1 2 2 1 62 63
40 1 2 2 1 63 64
41 1 2 2 1 64 65
42 1 2 2 1 65 66
43 1 2 2 1 66 67
44 1 2 2 1 67 2
45 1 2 2 2 2 68
46 1 2 2 2 68 3
47 1 2 2 3 3 69
48 1 2 2 3 69 70
49 1 2 2 3 70 71
50 1 2 2 3 71 72
51 1 2 2 3 72 73
52 1 2 2 3 73 74
53 1 2 2 3 74 75
54 1 2 2 3 75 76
55 1 2 2 3 76 77
56 1 2 2 3 77 78
57 1 2 2 3 78 79
58 1 2 2 3 79 80
59 1 2 2 3 80 81
60 1 2 2 3 81 82
61 1 2 2 3 82 83
62 1 2 2 3 83 84
63 1 2 2 3 84 85
64 1 2 2 3 85 86
65 1 2 2 3 86 87
66 1 2 2 3 87 88
67 1 2 2 3 88 89
68 1 2 2 3 89 90
69 1 2 2 3 90 91
70 1 2 2 3 91 92
71 1 2 2 3 92 93
72 1 2 2 3 93 94
73 1 2 2 3 94 95
74 1 2 2 3 95 96
75 1 2 2 3 96 97
76 1 2 2 3 97 98
77 1 2 2 3 98 99
78 1 2 2 3 99 100
79 1 2 2 3 100 101
80 1 2 2 3 101 102
81 1 2 2 3 102 103
82 1 2 2 3 103 104
83 1 2 2 3 104 105
84 1 2 2 3 105 106
85 1 2 2 3 106 107
86 1 2 2 3 107 108
87 1 2 2 3 108 109
88 1 2 2 3 109 110
89 1 2 2 3 110 111
90 1 2 2 3 111 112
91 1 2 2 3 112 113
92 1 2 2 3 113 114
93 1 2 2 3 114 115
94 1 2 2 3 115 4
95 1 2 2 4 4 116
96 1 2 2 4 116 1
97 1 2 1 6 5 124
98 1 2 1 6 124 125
99 1 2 1 6 125 126
100 1 2 1 6 126 127
101 1 2 1 6 127 128
102 1 2 1 6 128 129
103 1 2 1 6 129 130
104 1 2 1 6 130 131
105 1 2 1 6 131 132
106 1 2 1 6 132 133
107 1 2 1 6 133 134
108 1 2 1 6 134 135
109 1 2 1 6 135 136
110 1 2 1 6 136 137
111 1 2 1 6 137 138
112 1 2 1 6 138 139
113 1 2 1 6 139 140
114 1 2 1 6 140 141
115 1 2 1 6 141 142
116 1 2 1 6 142 143
117 1 2 1 6 143 144
118 1 2 1 6 144 145
119 1 2 1 6 145 146
120 1 2 1 6 146 147
121 1 2 1 6 147 148
122 1 2 1 6 148 149
123 1 2 1 6 149 150
124 1 2 1 6 150 151
125 1 2 1 6 151 152
126 1 2 1 6 152 153
127 1 2 1 6 153 154
128 1 2 1 6 154 155
129 1 2 1 6 155 156
130 1 2 1 6 156 157
131 1 2 1 6 157 158
132 1 2 1 6 158 159
133 1 2 1 6 159 160
134 1 2 1 6 160 161
135 1 2 1 6 161 162
136 1 2 1 6 162 163
137 1 2 1 6 163 164
138 1 2 1 6 164 165
139 1 2 1 6 165 166
140 1 2 1 6 166 167
141 1 2 1 6 167 168
142 1 2 1 6 168 169
143 1 2 1 6 169 170
144 1 2 1 6 170 6
145 1 2 1 8 5 178
146 1 2 1 8 178 7
147 1 2 1 9 7 179
148 1 2 1 9 179 180
149 1 2 1 9 180 181
150 1 2 1 9 181 182
151 1 2 1 9 182 183
152 1 2 1 9 183 184
153 1 2 1 9 184 185
154 1 2 1 9 185 186
155 1 2 1 9 186 187
156 1 2 1 9 187 188
157 1 2 1 9 188 189
158 1 2 1 9 189 190
159 1 2 1 9 190 191
160 1 2 1 9 191 192
161 1 2 1 9 192 193
162 1 2 1 9 193 194
163 1 2 1 9 194 195
164 1 2 1 9 195 196
165 1 2 1 9 196 197
166 1 2 1 9 197 198
167 1 2 1 9 198 199
168 1 2 1 9 199 200
169 1 2 1 9 200 201
170 1 2 1 9 201 202
171 1 2 1 9 202 203
172 1 2 1 9 203 204
173 1 2 1 9 204 205
174 1 2 1 9 205 206
175 1 2 1 9 206 207
176 1 2 1 9 207 208
177 1 2 1 9 208 209
178 1 2 1 9 209 210
179 1 2 1 9 210 211
180 1 2 1 9 211 212
181 1 2 1 9 212 213
182 1 2 1 9 213 214
183 1 2 1 9 214 215
184 1 2 1 9 215 216
185 1 2 1 9 216 217
186 1 2 1 9 217 218
187 1 2 1 9 218 219
188 1 2 1 9 219 220
189 1 2 1 9 220 221
190 1 2 1 9 221 222
191 1 2 1 9 222 223
192 1 2 1 9 223 224
193 1 2 1 9 224 225
194 1 2 1 9 225 8
195 1 2 1 10 8 226
196 1 2 1 10 226 6
197 1 2 3 11 9 227
198 1 2 3 11 227 228
199 1 2 3 11 228 229
200 1 2 3 11 229 230
201 1 2 3 11 230 231
202 1 2 3 11 231 232
203 1 2 3 11 232 233
204 1 2 3 11 233 234
205 1 2 3 11 234 235
206 1 2 3 11 235 236
207 1 2 3 11 236 237
208 1 2 3 11 237 10
209 1 2 3 15 11 295
210 1 2 3 15 295 296
211 1 2 3 15 296 297
212 1 2 3 15 297 298
213 1 2 3 15 298 299
214 1 2 3 15 299 300
215 1 2 3 15 300 301
216 1 2 3 15 301 302
217 1 2 3 15 302 303
218 1 2 3 15 303 304
219 1 2 3 15 304 305
220 1 2 3 15 305 12
221 1 2 3 17 10 325
222 1 2 3 17 325 326
223 1 2 3 17 326 327
224 1 2 3 17 327 328
225 1 2 3 17 328 329
226 1 2 3 17 329 330
227 1 2 3 17 330 331
228 1 2 3 17 331 332
229 1 2 3 17 332 333
230 1 2 3 17 333 334
231 1 2 3 17 334 335
232 1 2 3 17 335 336
233 1 2 3 17 336 337
234 1 2 3 17 337 338
235 1 2 3 17 338 339
236 1 2 3 17 339 340
237 1 2 3 17 340 341
238 1 2 3 17 341 342
239 1 2 3 17 342 343
240 1 2 3 17 343 13
241 1 2 3 18 13 344
242 1 2 3 18 344 345
243 1 2 3 18 345 346
244 1 2 3 18 346 347
245 1 2 3 18 347 348
246 1 2 3 18 348 349
247 1 2 3 18 349 350
248 1 2 3 18 350 351
249 1 2 3 18 351 352
250 1 2 3 18 352 353
251 1 2 3 18 353 354
252 1 2 3 18 354 355
253 1 2 3 18 355 356
254 1 2 3 18 356 357
255 1 2 3 18 357 358
256 1 2 3 18 358 14
257 1 2 3 20 14 386
258 1 2 3 20 386 15
259 1 2 3 22 15 414
260 1 2 3 22 414 16
261 1 2 3 24 16 442
262 1 2 3 24 442 17
263 1 2 3 26 17 470
264 1 2 3 26 470 471
265 1 2 3 26 471 472
266 1 2 3 26 472 473
267 1 2 3 26 473 474
268 1 2 3 26 474 475
269 1 2 3 26 475 476
270 1 2 3 26 476 477
271 1 2 3 26 477 478
272 1 2 3 26 478 479
273 1 2 3 26 479 480
274 1 2 3 26 480 481
275 1 2 3 26 481 482
276 1 2 3 26 482 483
277 1 2 3 26 483 484
278 1 2 3 26 484 18
279 1 2 3 27 18 485
280 1 2 3 27 485 486
281 1 2 3 27 486 487
282 1 2 3 27 487 488
283 1 2 3 27 488 489
284 1 2 3 27 489 490
285 1 2 3 27 490 491
286 1 2 3 27 491 492
287 1 2 3 27 492 493
288 1 2 3 27 493 494
289 1 2 3 27 494 495
290 1 2 3 27 495 496
291 1 2 3 27 496 497
292 1 2 3 27 497 498
293 1 2 3 27 498 499
294 1 2 3 27 499 500
295 1 2 3 27 500 501
296 1 2 3 27 501 502
297 1 2 3 27 502 503
298 1 2 3 27 503 11
299 1 2 3 28 19 504
300 1 2 3 28 504 9
301 1 2 3 37 12 537
302 1 2 3 37 537 24
303 3 2 2 2 579 609 610 607
304 3 2 2 2 559 607 610 608
305 3 2 2 2 587 608 610 609
306 3 2 2 2 560 613 614 611
307 3 2 2 2 580 611 614 612
308 3 2 2 2 588 612 614 613
309 3 2 2 2 574 617 618 615
310 3 2 2 2 562 615 618 616
311 3 2 2 2 591 616 618 617
312 3 2 2 2 96 621 622 619
313 3 2 2 2 565 619 622 620
314 3 2 2 2 597 620 622 621
315 3 2 2 2 577 625 626 623
316 3 2 2 2 153 623 626 624
317 3 2 2 2 604 624 626 625
318 3 2 2 2 84 628 629 85
319 3 2 2 2 86 85 629 627
320 3 2 2 2 596 627 629 628
321 3 2 2 2 98 631 632 99
322 3 2 2 2 100 99 632 630
323 3 2 2 2 594 630 632 631
324 3 2 2 2 149 634 635 148
325 3 2 2 2 147 148 635 633
326 3 2 2 2 589 633 635 634
327 3 2 2 2 104 637 638 105
328 3 2 2 2 106 105 638 636
329 3 2 2 2 599 636 638 637
330 3 2 2 2 78 640 641 79
331 3 2 2 2 80 79 641 639
332 3 2 2 2 600 639 641 640
333 3 2 2 2 120 643 644 119
334 3 2 2 2 118 119 644 642
335 3 2 2 2 566 642 644 643
336 3 2 2 2 176 646 647 175
337 3 2 2 2 174 175 647 645
338 3 2 2 2 567 645 647 646
339 3 2 2 2 567 650 651 648
340 3 2 2 2 582 648 651 649
341 3 2 2 2 606 649 651 650
342 3 2 2 2 584 654 655 652
343 3 2 2 2 568 652 655 653
344 3 2 2 2 605 653 655 654
345 3 2 2 2 565 620 659 656
346 3 2 2 2 604 656 659 657
347 3 2 2 2 573 657 659 658
348 3 2 2 2 597 658 659 620
349 3 2 2 2 571 663 664 660
350 3 2 2 2 592 660 664 661
351 3 2 2 2 557 661 664 662
352 3 2 2 2 585 662 664 663
353 3 2 2 2 558 668 669 665
354 3 2 2 2 593 665 669 666
355 3 2 2 2 572 666 669 667
356 3 2 2 2 586 667 669 668
357 3 2 2 2 574 672 673 617
358 3 2 2 2 591 617 673 670
359 3 2 2 2 561 670 673 671
360 3 2 2 2 589 671 673 672
361 3 2 2 2 577 676 677 674
362 3 2 2 2 594 674 677 675
363 3 2 2 2 560 675 677 613
364 3 2 2 2 588 613 677 676
365 3 2 2 2 561 671 680 678
366 3 2 2 2 597 678 680 658
367 3 2 2 2 573 658 680 679
368 3 2 2 2 589 679 680 671
369 3 2 2 2 559 608 684 681
370 3 2 2 2 596 681 684 682
371 3 2 2 2 570 682 684 683
372 3 2 2 2 587 683 684 608
373 3 2 2 2 576 687 688 685
374 3 2 2 2 602 685 688 686
375 3 2 2 2 572 686 688 666
376 3 2 2 2 593 666 688 687
377 3 2 2 2 571 660 692 689
378 3 2 2 2 601 689 692 690
379 3 2 2 2 575 690 692 691
380 3 2 2 2 592 691 692 660
381 3 2 2 2 577 674 694 625
382 3 2 2 2 604 625 694 656
383 3 2 2 2 565 656 694 693
384 3 2 2 2 594 693 694 674
385 3 2 2 2 564 697 698 695
386 3 2 2 2 602 695 698 685
387 3 2 2 2 576 685 698 696
388 3 2 2 2 600 696 698 697
389 3 2 2 2 575 701 702 690
390 3 2 2 2 601 690 702 699
391 3 2 2 2 563 699 702 700
392 3 2 2 2 599 700 702 701
393 3 2 2 2 578 705 706 703
394 3 2 2 2 603 703 706 704
395 3 2 2 2 570 704 706 682
396 3 2 2 2 596 682 706 705
397 3 2 2 2 569 709 710 707
398 3 2 2 2 585 707 710 662
399 3 2 2 2 557 662 710 708
400 3 2 2 2 583 708 710 709
401 3 2 2 2 558 712 713 668
402 3 2 2 2 586 668 713 711
403 3 2 2 2 568 711 713 652
404 3 2 2 2 584 652 713 712
405 3 2 2 2 70 69 715 714
406 3 2 2 2 566 714 715 642
407 3 2 2 2 118 642 715 117
408 3 2 2 2 3 117 715 69
409 3 2 2 2 176 177 717 646
410 3 2 2 2 567 646 717 716
411 3 2 2 2 114 716 717 115
412 3 2 2 2 4 115 717 177
413 3 2 2 2 120 121 720 643
414 3 2 2 2 566 643 720 718
415 3 2 2 2 581 718 720 719
416 3 2 2 2 122 719 720 121
417 3 2 2 2 582 721 722 648
418 3 2 2 2 567 648 722 645
419 3 2 2 2 174 645 722 173
420 3 2 2 2 172 173 722 721
421 3 2 2 2 125 126 726 723
422 3 2 2 2 581 723 726 724
423 3 2 2 2 568 724 726 725
424 3 2 2 2 127 725 726 126
425 3 2 2 2 569 729 730 727
426 3 2 2 2 582 727 730 728
427 3 2 2 2 169 728 730 168
428 3 2 2 2 167 168 730 729
429 3 2 2 2 582 728 731 721
430 3 2 2 2 172 721 731 171
431 3 2 2 2 6 171 731 170
432 3 2 2 2 169 170 731 728
433 3 2 2 2 564 734 735 697
434 3 2 2 2 600 697 735 732
435 3 2 2 2 590 732 735 733
436 3 2 2 2 579 733 735 734
437 3 2 2 2 595 738 739 736
438 3 2 2 2 599 736 739 700
439 3 2 2 2 563 700 739 737
440 3 2 2 2 580 737 739 738
441 3 2 2 2 598 742 743 740
442 3 2 2 2 603 740 743 703
443 3 2 2 2 578 703 743 741
444 3 2 2 2 562 741 743 742
445 3 2 2 2 574 615 746 744
446 3 2 2 2 145 744 746 745
447 3 2 2 2 598 745 746 742
448 3 2 2 2 562 742 746 615
449 3 2 2 2 560 611 749 747
450 3 2 2 2 102 747 749 748
451 3 2 2 2 595 748 749 738
452 3 2 2 2 580 738 749 611
453 3 2 2 2 590 733 752 750
454 3 2 2 2 82 750 752 751
455 3 2 2 2 559 751 752 607
456 3 2 2 2 579 607 752 733
457 3 2 2 2 580 754 755 737
458 3 2 2 2 563 737 755 753
459 3 2 2 2 159 753 755 158
460 3 2 2 2 157 158 755 754
461 3 2 2 2 579 734 758 756
462 3 2 2 2 137 756 758 136
463 3 2 2 2 135 136 758 757
464 3 2 2 2 564 757 758 734
465 3 2 2 2 88 760 761 89
466 3 2 2 2 90 89 761 759
467 3 2 2 2 562 759 761 741
468 3 2 2 2 578 741 761 760
469 3 2 2 2 584 763 764 654
470 3 2 2 2 605 654 764 762
471 3 2 2 2 566 762 764 714
472 3 2 2 2 70 714 764 763
473 3 2 2 2 567 716 767 650
474 3 2 2 2 606 650 767 765
475 3 2 2 2 583 765 767 766
476 3 2 2 2 114 766 767 716
477 3 2 2 2 577 623 769 676
478 3 2 2 2 588 676 769 768
479 3 2 2 2 155 768 769 154
480 3 2 2 2 153 154 769 623
481 3 2 2 2 139 140 772 770
482 3 2 2 2 587 770 772 683
483 3 2 2 2 570 683 772 771
484 3 2 2 2 141 771 772 140
485 3 2 2 2 561 774 775 670
486 3 2 2 2 591 670 775 773
487 3 2 2 2 92 773 775 93
488 3 2 2 2 94 93 775 774
489 3 2 2 2 112 776 777 113
490 3 2 2 2 114 113 777 766
491 3 2 2 2 583 766 777 708
492 3 2 2 2 557 708 777 776
493 3 2 2 2 584 712 779 763
494 3 2 2 2 70 763 779 71
495 3 2 2 2 72 71 779 778
496 3 2 2 2 558 778 779 712
497 3 2 2 2 571 781 782 663
498 3 2 2 2 585 663 782 780
499 3 2 2 2 165 780 782 164
500 3 2 2 2 163 164 782 781
501 3 2 2 2 129 130 785 783
502 3 2 2 2 586 783 785 667
503 3 2 2 2 572 667 785 784
504 3 2 2 2 131 784 785 130
505 3 2 2 2 78 77 787 640
506 3 2 2 2 600 640 787 696
507 3 2 2 2 576 696 787 786
508 3 2 2 2 76 786 787 77
509 3 2 2 2 575 788 789 701
510 3 2 2 2 599 701 789 636
511 3 2 2 2 106 636 789 107
512 3 2 2 2 108 107 789 788
513 3 2 2 2 149 150 791 634
514 3 2 2 2 589 634 791 679
515 3 2 2 2 573 679 791 790
516 3 2 2 2 151 790 791 150
517 3 2 2 2 98 97 792 631
518 3 2 2 2 594 631 792 693
519 3 2 2 2 565 693 792 619
520 3 2 2 2 96 619 792 97
521 3 2 2 2 574 744 793 672
522 3 2 2 2 589 672 793 633
523 3 2 2 2 147 633 793 146
524 3 2 2 2 145 146 793 744
525 3 2 2 2 578 760 794 705
526 3 2 2 2 596 705 794 627
527 3 2 2 2 86 627 794 87
528 3 2 2 2 88 87 794 760
529 3 2 2 2 74 73 796 795
530 3 2 2 2 593 795 796 665
531 3 2 2 2 558 665 796 778
532 3 2 2 2 72 778 796 73
533 3 2 2 2 557 776 798 661
534 3 2 2 2 592 661 798 797
535 3 2 2 2 110 797 798 111
536 3 2 2 2 112 111 798 776
537 3 2 2 2 560 747 799 675
538 3 2 2 2 594 675 799 630
539 3 2 2 2 100 630 799 101
540 3 2 2 2 102 101 799 747
541 3 2 2 2 84 83 800 628
542 3 2 2 2 596 628 800 681
543 3 2 2 2 559 681 800 751
544 3 2 2 2 82 751 800 83
545 3 2 2 2 133 134 802 801
546 3 2 2 2 602 801 802 695
547 3 2 2 2 564 695 802 757
548 3 2 2 2 135 757 802 134
549 3 2 2 2 563 753 804 699
550 3 2 2 2 601 699 804 803
551 3 2 2 2 161 803 804 160
552 3 2 2 2 159 160 804 753
553 3 2 2 2 590 750 805 732
554 3 2 2 2 600 732 805 639
555 3 2 2 2 80 639 805 81
556 3 2 2 2 82 81 805 750
557 3 2 2 2 595 736 806 748
558 3 2 2 2 102 748 806 103
559 3 2 2 2 104 103 806 637
560 3 2 2 2 599 637 806 736
561 3 2 2 2 143 144 808 807
562 3 2 2 2 603 807 808 740
563 3 2 2 2 598 740 808 745
564 3 2 2 2 145 745 808 144
565 3 2 2 2 587 609 809 770
566 3 2 2 2 139 770 809 138
567 3 2 2 2 137 138 809 756
568 3 2 2 2 579 756 809 609
569 3 2 2 2 157 754 810 156
570 3 2 2 2 155 156 810 768
571 3 2 2 2 588 768 810 612
572 3 2 2 2 580 612 810 754
573 3 2 2 2 90 759 811 91
574 3 2 2 2 92 91 811 773
575 3 2 2 2 591 773 811 616
576 3 2 2 2 562 616 811 759
577 3 2 2 2 167 729 812 166
578 3 2 2 2 165 166 812 780
579 3 2 2 2 585 780 812 707
580 3 2 2 2 569 707 812 729
581 3 2 2 2 586 711 813 783
582 3 2 2 2 129 783 813 128
583 3 2 2 2 127 128 813 725
584 3 2 2 2 568 725 813 711
585 3 2 2 2 94 774 814 95
586 3 2 2 2 96 95 814 621
587 3 2 2 2 597 621 814 678
588 3 2 2 2 561 678 814 774
589 3 2 2 2 602 686 815 801
590 3 2 2 2 133 801 815 132
591 3 2 2 2 131 132 815 784
592 3 2 2 2 572 784 815 686
593 3 2 2 2 163 781 816 162
594 3 2 2 2 161 162 816 803
595 3 2 2 2 601 803 816 689
596 3 2 2 2 571 689 816 781
597 3 2 2 2 604 657 817 624
598 3 2 2 2 153 624 817 152
599 3 2 2 2 151 152 817 790
600 3 2 2 2 573 790 817 657
601 3 2 2 2 593 687 818 795
602 3 2 2 2 74 795 818 75
603 3 2 2 2 76 75 818 786
604 3 2 2 2 576 786 818 687
605 3 2 2 2 108 788 819 109
606 3 2 2 2 110 109 819 797
607 3 2 2 2 592 797 819 691
608 3 2 2 2 575 691 819 788
609 3 2 2 2 603 704 820 807
610 3 2 2 2 143 807 820 142
611 3 2 2 2 141 142 820 771
612 3 2 2 2 570 771 820 704
613 3 2 2 2 606 765 821 649
614 3 2 2 2 582 649 821 727
615 3 2 2 2 569 727 821 709
616 3 2 2 2 583 709 821 765
617 3 2 2 2 605 762 822 653
618 3 2 2 2 568 653 822 724
619 3 2 2 2 581 724 822 718
620 3 2 2 2 566 718 822 762
621 3 2 2 2 125 723 823 124
622 3 2 2 2 5 124 823 123
623 3 2 2 2 122 123 823 719
624 3 2 2 2 581 719 823 723
625 3 2 1 4 253 934 935 932
626 3 2 1 4 837 932 935 933
627 3 2 1 4 841 933 935 934
628 3 2 1 4 845 938 939 936
629 3 2 1 4 843 936 939 937
630 3 2 1 4 847 937 939 938
631 3 2 1 4 245 941 942 244
632 3 2 1 4 243 244 942 940
633 3 2 1 4 866 940 942 941
634 3 2 1 4 854 945 946 943
635 3 2 1 4 884 943 946 944
636 3 2 1 4 904 944 946 945
637 3 2 1 4 848 949 950 947
638 3 2 1 4 849 947 950 948
639 3 2 1 4 850 948 950 949
640 3 2 1 4 868 953 954 951
641 3 2 1 4 871 951 954 952
642 3 2 1 4 927 952 954 953
643 3 2 1 4 867 957 958 955
644 3 2 1 4 831 955 958 956
645 3 2 1 4 869 956 958 957
646 3 2 1 4 829 961 962 959
647 3 2 1 4 882 959 962 960
648 3 2 1 4 886 960 962 961
649 3 2 1 4 243 964 965 242
650 3 2 1 4 241 242 965 963
651 3 2 1 4 831 963 965 964
652 3 2 1 4 270 967 968 269
653 3 2 1 4 268 269 968 966
654 3 2 1 4 834 966 968 967
655 3 2 1 4 268 970 971 267
656 3 2 1 4 266 267 971 969
657 3 2 1 4 902 969 971 970
658 3 2 1 4 875 974 975 972
659 3 2 1 4 869 972 975 973
660 3 2 1 4 909 973 975 974
661 3 2 1 4 875 978 979 976
662 3 2 1 4 833 976 979 977
663 3 2 1 4 903 977 979 978
664 3 2 1 4 840 982 983 980
665 3 2 1 4 876 980 983 981
666 3 2 1 4 903 981 983 982
667 3 2 1 4 272 985 986 271
668 3 2 1 4 270 271 986 984
669 3 2 1 4 901 984 986 985
670 3 2 1 4 878 989 990 987
671 3 2 1 4 239 987 990 988
672 3 2 1 4 920 988 990 989
673 3 2 1 4 42 992 993 43
674 3 2 1 4 44 43 993 991
675 3 2 1 4 895 991 993 992
676 3 2 1 4 52 995 996 53
677 3 2 1 4 54 53 996 994
678 3 2 1 4 825 994 996 995
679 3 2 1 4 30 998 999 31
680 3 2 1 4 32 31 999 997
681 3 2 1 4 832 997 999 998
682 3 2 1 4 871 1002 1003 1000
683 3 2 1 4 877 1000 1003 1001
684 3 2 1 4 913 1001 1003 1002
685 3 2 1 4 844 1006 1007 1004
686 3 2 1 4 881 1004 1007 1005
687 3 2 1 4 902 1005 1007 1006
688 3 2 1 4 824 1010 1011 1008
689 3 2 1 4 48 1008 1011 1009
690 3 2 1 4 897 1009 1011 1010
691 3 2 1 4 839 1014 1015 1012
692 3 2 1 4 879 1012 1015 1013
693 3 2 1 4 909 1013 1015 1014
694 3 2 1 4 890 1018 1019 1016
695 3 2 1 4 828 1016 1019 1017
696 3 2 1 4 917 1017 1019 1018
697 3 2 1 4 841 1022 1023 1020
698 3 2 1 4 887 1020 1023 1021
699 3 2 1 4 926 1021 1023 1022
700 3 2 1 4 848 1026 1027 1024
701 3 2 1 4 851 1024 1027 1025
702 3 2 1 4 912 1025 1027 1026
703 3 2 1 4 40 1030 1031 1028
704 3 2 1 4 826 1028 1031 1029
705 3 2 1 4 911 1029 1031 1030
706 3 2 1 4 889 1034 1035 1032
707 3 2 1 4 825 1032 1035 1033
708 3 2 1 4 916 1033 1035 1034
709 3 2 1 4 895 1038 1039 1036
710 3 2 1 4 900 1036 1039 1037
711 3 2 1 4 925 1037 1039 1038
712 3 2 1 4 836 1042 1043 1040
713 3 2 1 4 899 1040 1043 1041
714 3 2 1 4 928 1041 1043 1042
715 3 2 1 4 852 1047 1048 1044
716 3 2 1 4 915 1044 1048 1045
717 3 2 1 4 898 1045 1048 1046
718 3 2 1 4 872 1046 1048 1047
719 3 2 1 4 842 1052 1053 1049
720 3 2 1 4 919 1049 1053 1050
721 3 2 1 4 906 1050 1053 1051
722 3 2 1 4 905 1051 1053 1052
723 3 2 1 4 877 1001 1057 1054
724 3 2 1 4 834 1054 1057 1055
725 3 2 1 4 881 1055 1057 1056
726 3 2 1 4 913 1056 1057 1001
727 3 2 1 4 832 1061 1062 1058
728 3 2 1 4 894 1058 1062 1059
729 3 2 1 4 893 1059 1062 1060
730 3 2 1 4 892 1060 1062 1061
731 3 2 1 4 898 1065 1066 1045
732 3 2 1 4 915 1045 1066 1063
733 3 2 1 4 856 1063 1066 1064
734 3 2 1 4 925 1064 1066 1065
735 3 2 1 4 846 1068 1069 1067
736 3 2 1 4 913 1067 1069 1056
737 3 2 1 4 881 1056 1069 1004
738 3 2 1 4 844 1004 1069 1068
739 3 2 1 4 883 1073 1074 1070
740 3 2 1 4 927 1070 1074 1071
741 3 2 1 4 846 1071 1074 1072
742 3 2 1 4 912 1072 1074 1073
743 3 2 1 4 878 1076 1077 1075
744 3 2 1 4 909 1075 1077 973
745 3 2 1 4 869 973 1077 956
746 3 2 1 4 831 956 1077 1076
747 3 2 1 4 863 1081 1082 1078
748 3 2 1 4 862 1078 1082 1079
749 3 2 1 4 861 1079 1082 1080
750 3 2 1 4 873 1080 1082 1081
751 3 2 1 4 858 1086 1087 1083
752 3 2 1 4 910 1083 1087 1084
753 3 2 1 4 893 1084 1087 1085
754 3 2 1 4 907 1085 1087 1086
755 3 2 1 4 831 964 1089 955
756 3 2 1 4 867 955 1089 1088
757 3 2 1 4 866 1088 1089 940
758 3 2 1 4 243 940 1089 964
759 3 2 1 4 868 951 1092 1090
760 3 2 1 4 866 1090 1092 1088
761 3 2 1 4 867 1088 1092 1091
762 3 2 1 4 871 1091 1092 951
763 3 2 1 4 930 1096 1097 1093
764 3 2 1 4 886 1093 1097 1094
765 3 2 1 4 914 1094 1097 1095
766 3 2 1 4 862 1095 1097 1096
767 3 2 1 4 834 1055 1098 966
768 3 2 1 4 268 966 1098 970
769 3 2 1 4 902 970 1098 1005
770 3 2 1 4 881 1005 1098 1055
771 3 2 1 4 844 1101 1102 1099
772 3 2 1 4 830 1099 1102 1100
773 3 2 1 4 843 1100 1102 936
774 3 2 1 4 845 936 1102 1101
775 3 2 1 4 827 1105 1106 1103
776 3 2 1 4 894 1103 1106 1104
777 3 2 1 4 34 1104 1106 35
778 3 2 1 4 36 35 1106 1105
779 3 2 1 4 861 1109 1110 1079
780 3 2 1 4 862 1079 1110 1107
781 3 2 1 4 853 1107 1110 1108
782 3 2 1 4 860 1108 1110 1109
783 3 2 1 4 902 1006 1112 969
784 3 2 1 4 266 969 1112 1111
785 3 2 1 4 830 1111 1112 1099
786 3 2 1 4 844 1099 1112 1006
787 3 2 1 4 931 1116 1117 1113
788 3 2 1 4 899 1113 1117 1114
789 3 2 1 4 922 1114 1117 1115
790 3 2 1 4 838 1115 1117 1116
791 3 2 1 4 66 65 1120 1118
792 3 2 1 4 926 1118 1120 1021
793 3 2 1 4 887 1021 1120 1119
794 3 2 1 4 64 1119 1120 65
795 3 2 1 4 840 980 1123 1121
796 3 2 1 4 272 1121 1123 985
797 3 2 1 4 901 985 1123 1122
798 3 2 1 4 876 1122 1123 980
799 3 2 1 4 891 1126 1127 1124
800 3 2 1 4 931 1124 1127 1116
801 3 2 1 4 838 1116 1127 1125
802 3 2 1 4 28 1125 1127 1126
803 3 2 1 4 928 1129 1130 1041
804 3 2 1 4 899 1041 1130 1113
805 3 2 1 4 931 1113 1130 1128
806 3 2 1 4 892 1128 1130 1129
807 3 2 1 4 848 1132 1133 1026
808 3 2 1 4 912 1026 1133 1131
809 3 2 1 4 845 1131 1133 938
810 3 2 1 4 847 938 1133 1132
811 3 2 1 4 855 1137 1138 1134
812 3 2 1 4 905 1134 1138 1135
813 3 2 1 4 858 1135 1138 1136
814 3 2 1 4 857 1136 1138 1137
815 3 2 1 4 50 49 1141 1139
816 3 2 1 4 889 1139 1141 1140
817 3 2 1 4 897 1140 1141 1009
818 3 2 1 4 48 1009 1141 49
819 3 2 1 4 875 1143 1144 978
820 3 2 1 4 903 978 1144 981
821 3 2 1 4 876 981 1144 1142
822 3 2 1 4 870 1142 1144 1143
823 3 2 1 4 901 1145 1146 984
824 3 2 1 4 270 984 1146 967
825 3 2 1 4 834 967 1146 1054
826 3 2 1 4 877 1054 1146 1145
827 3 2 1 4 829 959 1150 1147
828 3 2 1 4 247 1147 1150 1148
829 3 2 1 4 865 1148 1150 1149
830 3 2 1 4 882 1149 1150 959
831 3 2 1 4 228 229 1154 1151
832 3 2 1 4 921 1151 1154 1152
833 3 2 1 4 880 1152 1154 1153
834 3 2 1 4 230 1153 1154 229
835 3 2 1 4 839 1157 1158 1155
836 3 2 1 4 920 1155 1158 1156
837 3 2 1 4 236 1156 1158 235
838 3 2 1 4 234 235 1158 1157
839 3 2 1 4 879 1159 1160 1012
840 3 2 1 4 839 1012 1160 1157
841 3 2 1 4 234 1157 1160 233
842 3 2 1 4 232 233 1160 1159
843 3 2 1 4 833 1162 1163 1161
844 3 2 1 4 879 1161 1163 1159
845 3 2 1 4 232 1159 1163 231
846 3 2 1 4 230 231 1163 1162
847 3 2 1 4 895 1166 1167 1038
848 3 2 1 4 925 1038 1167 1164
849 3 2 1 4 904 1164 1167 1165
850 3 2 1 4 826 1165 1167 1166
851 3 2 1 4 890 1170 1171 1018
852 3 2 1 4 917 1018 1171 1168
853 3 2 1 4 835 1168 1171 1169
854 3 2 1 4 924 1169 1171 1170
855 3 2 1 4 849 1173 1174 947
856 3 2 1 4 848 947 1174 1132
857 3 2 1 4 847 1132 1174 1172
858 3 2 1 4 854 1172 1174 1173
859 3 2 1 4 908 1177 1178 1175
860 3 2 1 4 916 1175 1178 1033
861 3 2 1 4 825 1033 1178 1176
862 3 2 1 4 888 1176 1178 1177
863 3 2 1 4 906 1051 1180 1179
864 3 2 1 4 910 1179 1180 1083
865 3 2 1 4 858 1083 1180 1135
866 3 2 1 4 905 1135 1180 1051
867 3 2 1 4 52 51 1181 995
868 3 2 1 4 825 995 1181 1032
869 3 2 1 4 889 1032 1181 1139
870 3 2 1 4 50 1139 1181 51
871 3 2 1 4 907 1182 1183 1085
872 3 2 1 4 893 1085 1183 1059
873 3 2 1 4 894 1059 1183 1103
874 3 2 1 4 827 1103 1183 1182
875 3 2 1 4 888 1184 1185 1176
876 3 2 1 4 825 1176 1185 994
877 3 2 1 4 54 994 1185 55
878 3 2 1 4 56 55 1185 1184
879 3 2 1 4 64 63 1188 1119
880 3 2 1 4 887 1119 1188 1186
881 3 2 1 4 835 1186 1188 1187
882 3 2 1 4 62 1187 1188 63
883 3 2 1 4 898 1190 1191 1065
884 3 2 1 4 925 1065 1191 1037
885 3 2 1 4 900 1037 1191 1189
886 3 2 1 4 824 1189 1191 1190
887 3 2 1 4 900 1192 1193 1036
888 3 2 1 4 895 1036 1193 991
889 3 2 1 4 44 991 1193 45
890 3 2 1 4 46 45 1193 1192
891 3 2 1 4 42 41 1194 992
892 3 2 1 4 895 992 1194 1166
893 3 2 1 4 826 1166 1194 1028
894 3 2 1 4 40 1028 1194 41
895 3 2 1 4 894 1104 1195 1058
896 3 2 1 4 832 1058 1195 997
897 3 2 1 4 32 997 1195 33
898 3 2 1 4 34 33 1195 1104
899 3 2 1 4 878 987 1196 1076
900 3 2 1 4 831 1076 1196 963
901 3 2 1 4 241 963 1196 240
902 3 2 1 4 239 240 1196 987
903 3 2 1 4 30 29 1198 998
904 3 2 1 4 832 998 1198 1197
905 3 2 1 4 891 1197 1198 1126
906 3 2 1 4 28 1126 1198 29
907 3 2 1 4 889 1140 1201 1034
908 3 2 1 4 916 1034 1201 1199
909 3 2 1 4 872 1199 1201 1200
910 3 2 1 4 897 1200 1201 1140
911 3 2 1 4 863 1078 1204 1202
912 3 2 1 4 859 1202 1204 1203
913 3 2 1 4 930 1203 1204 1096
914 3 2 1 4 862 1096 1204 1078
915 3 2 1 4 910 1084 1206 1205
916 3 2 1 4 928 1205 1206 1129
917 3 2 1 4 892 1129 1206 1060
918 3 2 1 4 893 1060 1206 1084
919 3 2 1 4 883 1208 1209 1073
920 3 2 1 4 912 1073 1209 1025
921 3 2 1 4 851 1025 1209 1207
922 3 2 1 4 882 1207 1209 1208
923 3 2 1 4 840 1121 1212 1210
924 3 2 1 4 921 1210 1212 1211
925 3 2 1 4 274 1211 1212 273
926 3 2 1 4 272 273 1212 1121
927 3 2 1 4 865 1213 1214 1148
928 3 2 1 4 247 1148 1214 246
929 3 2 1 4 245 246 1214 941
930 3 2 1 4 866 941 1214 1213
931 3 2 1 4 868 1090 1216 1215
932 3 2 1 4 882 1215 1216 1149
933 3 2 1 4 865 1149 1216 1213
934 3 2 1 4 866 1213 1216 1090
935 3 2 1 4 870 1218 1219 1217
936 3 2 1 4 877 1217 1219 1000
937 3 2 1 4 871 1000 1219 1091
938 3 2 1 4 867 1091 1219 1218
939 3 2 1 4 853 1108 1223 1220
940 3 2 1 4 850 1220 1223 1221
941 3 2 1 4 852 1221 1223 1222
942 3 2 1 4 860 1222 1223 1108
943 3 2 1 4 854 1225 1226 1172
944 3 2 1 4 847 1172 1226 1224
945 3 2 1 4 855 1224 1226 1137
946 3 2 1 4 857 1137 1226 1225
947 3 2 1 4 880 1153 1228 1227
948 3 2 1 4 903 1227 1228 977
949 3 2 1 4 833 977 1228 1162
950 3 2 1 4 230 1162 1228 1153
951 3 2 1 4 892 1061 1229 1128
952 3 2 1 4 931 1128 1229 1124
953 3 2 1 4 891 1124 1229 1197
954 3 2 1 4 832 1197 1229 1061
955 3 2 1 4 251 252 1232 1230
956 3 2 1 4 918 1230 1232 1231
957 3 2 1 4 837 1231 1232 932
958 3 2 1 4 253 932 1232 252
959 3 2 1 4 870 1143 1233 1218
960 3 2 1 4 867 1218 1233 957
961 3 2 1 4 869 957 1233 972
962 3 2 1 4 875 972 1233 1143
963 3 2 1 4 249 1235 1236 248
964 3 2 1 4 247 248 1236 1147
965 3 2 1 4 829 1147 1236 1234
966 3 2 1 4 859 1234 1236 1235
967 3 2 1 4 875 976 1237 974
968 3 2 1 4 909 974 1237 1013
969 3 2 1 4 879 1013 1237 1161
970 3 2 1 4 833 1161 1237 976
971 3 2 1 4 841 934 1239 1022
972 3 2 1 4 926 1022 1239 1238
973 3 2 1 4 255 1238 1239 254
974 3 2 1 4 253 254 1239 934
975 3 2 1 4 828 1242 1243 1016
976 3 2 1 4 890 1016 1243 1240
977 3 2 1 4 873 1240 1243 1241
978 3 2 1 4 874 1241 1243 1242
979 3 2 1 4 852 1044 1245 1221
980 3 2 1 4 850 1221 1245 948
981 3 2 1 4 849 948 1245 1244
982 3 2 1 4 915 1244 1245 1044
983 3 2 1 4 864 1248 1249 1246
984 3 2 1 4 924 1246 1249 1247
985 3 2 1 4 841 1247 1249 933
986 3 2 1 4 837 933 1249 1248
987 3 2 1 4 877 1145 1250 1217
988 3 2 1 4 870 1217 1250 1142
989 3 2 1 4 876 1142 1250 1122
990 3 2 1 4 901 1122 1250 1145
991 3 2 1 4 60 59 1253 1251
992 3 2 1 4 917 1251 1253 1017
993 3 2 1 4 828 1017 1253 1252
994 3 2 1 4 58 1252 1253 59
995 3 2 1 4 888 1177 1257 1254
996 3 2 1 4 896 1254 1257 1255
997 3 2 1 4 874 1255 1257 1256
998 3 2 1 4 908 1256 1257 1177
999 3 2 1 4 843 937 1259 1258
1000 3 2 1 4 905 1258 1259 1134
1001 3 2 1 4 855 1134 1259 1224
1002 3 2 1 4 847 1224 1259 937
1003 3 2 1 4 838 1125 1262 1260
1004 3 2 1 4 929 1260 1262 1261
1005 3 2 1 4 26 1261 1262 27
1006 3 2 1 4 28 27 1262 1125
1007 3 2 1 4 850 949 1265 1263
1008 3 2 1 4 914 1263 1265 1264
1009 3 2 1 4 851 1264 1265 1024
1010 3 2 1 4 848 1024 1265 949
1011 3 2 1 4 911 1030 1268 1266
1012 3 2 1 4 923 1266 1268 1267
1013 3 2 1 4 38 1267 1268 39
1014 3 2 1 4 40 39 1268 1030
1015 3 2 1 4 260 261 1271 1269
1016 3 2 1 4 899 1269 1271 1040
1017 3 2 1 4 836 1040 1271 1270
1018 3 2 1 4 262 1270 1271 261
1019 3 2 1 4 919 1050 1274 1272
1020 3 2 1 4 262 1272 1274 1270
1021 3 2 1 4 836 1270 1274 1273
1022 3 2 1 4 906 1273 1274 1050
1023 3 2 1 4 830 1276 1277 1111
1024 3 2 1 4 266 1111 1277 265
1025 3 2 1 4 264 265 1277 1275
1026 3 2 1 4 842 1275 1277 1276
1027 3 2 1 4 826 1029 1279 1165
1028 3 2 1 4 904 1165 1279 944
1029 3 2 1 4 884 944 1279 1278
1030 3 2 1 4 911 1278 1279 1029
1031 3 2 1 4 845 1101 1280 1131
1032 3 2 1 4 912 1131 1280 1072
1033 3 2 1 4 846 1072 1280 1068
1034 3 2 1 4 844 1068 1280 1101
1035 3 2 1 4 853 1220 1281 1107
1036 3 2 1 4 862 1107 1281 1095
1037 3 2 1 4 914 1095 1281 1263
1038 3 2 1 4 850 1263 1281 1220
1039 3 2 1 4 840 1210 1282 982
1040 3 2 1 4 903 982 1282 1227
1041 3 2 1 4 880 1227 1282 1152
1042 3 2 1 4 921 1152 1282 1210
1043 3 2 1 4 885 1285 1286 1283
1044 3 2 1 4 907 1283 1286 1182
1045 3 2 1 4 827 1182 1286 1284
1046 3 2 1 4 923 1284 1286 1285
1047 3 2 1 4 885 1287 1288 1285
1048 3 2 1 4 923 1285 1288 1266
1049 3 2 1 4 911 1266 1288 1278
1050 3 2 1 4 884 1278 1288 1287
1051 3 2 1 4 842 1276 1289 1052
1052 3 2 1 4 905 1052 1289 1258
1053 3 2 1 4 843 1258 1289 1100
1054 3 2 1 4 830 1100 1289 1276
1055 3 2 1 4 824 1008 1290 1189
1056 3 2 1 4 900 1189 1290 1192
1057 3 2 1 4 46 1192 1290 47
1058 3 2 1 4 48 47 1290 1008
1059 3 2 1 4 839 1155 1291 1014
1060 3 2 1 4 909 1014 1291 1075
1061 3 2 1 4 878 1075 1291 989
1062 3 2 1 4 920 989 1291 1155
1063 3 2 1 4 857 1225 1293 1292
1064 3 2 1 4 885 1292 1293 1287
1065 3 2 1 4 884 1287 1293 943
1066 3 2 1 4 854 943 1293 1225
1067 3 2 1 4 62 61 1294 1187
1068 3 2 1 4 835 1187 1294 1168
1069 3 2 1 4 917 1168 1294 1251
1070 3 2 1 4 60 1251 1294 61
1071 3 2 1 4 930 1093 1295 1203
1072 3 2 1 4 859 1203 1295 1234
1073 3 2 1 4 829 1234 1295 961
1074 3 2 1 4 886 961 1295 1093
1075 3 2 1 4 872 1047 1297 1199
1076 3 2 1 4 916 1199 1297 1296
1077 3 2 1 4 860 1296 1297 1222
1078 3 2 1 4 852 1222 1297 1047
1079 3 2 1 4 863 1299 1300 1081
1080 3 2 1 4 873 1081 1300 1298
1081 3 2 1 4 864 1298 1300 1248
1082 3 2 1 4 837 1248 1300 1299
1083 3 2 1 4 897 1010 1301 1200
1084 3 2 1 4 872 1200 1301 1046
1085 3 2 1 4 898 1046 1301 1190
1086 3 2 1 4 824 1190 1301 1010
1087 3 2 1 4 887 1186 1302 1020
1088 3 2 1 4 841 1020 1302 1247
1089 3 2 1 4 924 1247 1302 1169
1090 3 2 1 4 835 1169 1302 1186
1091 3 2 1 4 883 1070 1303 1208
1092 3 2 1 4 882 1208 1303 1215
1093 3 2 1 4 868 1215 1303 953
1094 3 2 1 4 927 953 1303 1070
1095 3 2 1 4 906 1179 1304 1273
1096 3 2 1 4 836 1273 1304 1042
1097 3 2 1 4 928 1042 1304 1205
1098 3 2 1 4 910 1205 1304 1179
1099 3 2 1 4 927 1071 1305 952
1100 3 2 1 4 871 952 1305 1002
1101 3 2 1 4 913 1002 1305 1067
1102 3 2 1 4 846 1067 1305 1071
1103 3 2 1 4 904 945 1307 1164
1104 3 2 1 4 925 1164 1307 1064
1105 3 2 1 4 856 1064 1307 1306
1106 3 2 1 4 854 1306 1307 945
1107 3 2 1 4 926 1238 1308 1118
1108 3 2 1 4 66 1118 1308 67
1109 3 2 1 4 2 67 1308 256
1110 3 2 1 4 255 256 1308 1238
1111 3 2 1 4 896 1309 1310 1254
1112 3 2 1 4 888 1254 1310 1184
1113 3 2 1 4 56 1184 1310 57
1114 3 2 1 4 58 57 1310 1309
1115 3 2 1 4 856 1306 1311 1063
1116 3 2 1 4 915 1063 1311 1244
1117 3 2 1 4 849 1244 1311 1173
1118 3 2 1 4 854 1173 1311 1306
1119 3 2 1 4 860 1109 1313 1296
1120 3 2 1 4 916 1296 1313 1175
1121 3 2 1 4 908 1175 1313 1312
1122 3 2 1 4 861 1312 1313 1109
1123 3 2 1 4 907 1086 1314 1283
1124 3 2 1 4 885 1283 1314 1292
1125 3 2 1 4 857 1292 1314 1136
1126 3 2 1 4 858 1136 1314 1086
1127 3 2 1 4 890 1240 1315 1170
1128 3 2 1 4 924 1170 1315 1246
1129 3 2 1 4 864 1246 1315 1298
1130 3 2 1 4 873 1298 1315 1240
1131 3 2 1 4 36 1105 1316 37
1132 3 2 1 4 38 37 1316 1267
1133 3 2 1 4 923 1267 1316 1284
1134 3 2 1 4 827 1284 1316 1105
1135 3 2 1 4 918 1231 1318 1317
1136 3 2 1 4 859 1317 1318 1202
1137 3 2 1 4 863 1202 1318 1299
1138 3 2 1 4 837 1299 1318 1231
1139 3 2 1 4 922 1319 1320 1114
1140 3 2 1 4 899 1114 1320 1269
1141 3 2 1 4 260 1269 1320 259
1142 3 2 1 4 258 259 1320 1319
1143 3 2 1 4 10 238 1321 237
1144 3 2 1 4 236 237 1321 1156
1145 3 2 1 4 920 1156 1321 988
1146 3 2 1 4 239 988 1321 238
1147 3 2 1 4 921 1211 1322 1151
1148 3 2 1 4 228 1151 1322 227
1149 3 2 1 4 9 227 1322 275
1150 3 2 1 4 274 275 1322 1211
1151 3 2 1 4 922 1115 1324 1319
1152 3 2 1 4 258 1319 1324 1323
1153 3 2 1 4 929 1323 1324 1260
1154 3 2 1 4 838 1260 1324 1115
1155 3 2 1 4 861 1080 1325 1312
1156 3 2 1 4 908 1312 1325 1256
1157 3 2 1 4 874 1256 1325 1241
1158 3 2 1 4 873 1241 1325 1080
1159 3 2 1 4 851 1207 1326 1264
1160 3 2 1 4 914 1264 1326 1094
1161 3 2 1 4 886 1094 1326 960
1162 3 2 1 4 882 960 1326 1207
1163 3 2 1 4 1 257 1327 25
1164 3 2 1 4 26 25 1327 1261
1165 3 2 1 4 929 1261 1327 1323
1166 3 2 1 4 258 1323 1327 257
1167 3 2 1 4 896 1255 1328 1309
1168 3 2 1 4 58 1309 1328 1252
1169 3 2 1 4 828 1252 1328 1242
1170 3 2 1 4 874 1242 1328 1255
1171 3 2 1 4 249 250 1329 1235
1172 3 2 1 4 859 1235 1329 1317
1173 3 2 1 4 918 1317 1329 1230
1174 3 2 1 4 251 1230 1329 250
1175 3 2 1 4 919 1272 1330 1049
1176 3 2 1 4 842 1049 1330 1275
1177 3 2 1 4 264 1275 1330 263
1178 3 2 1 4 262 263 1330 1272
1179 3 2 1 5 1358 1452 1453 1450
1180 3 2 1 5 1364 1450 1453 1451
1181 3 2 1 5 1449 1451 1453 1452
1182 3 2 1 5 1351 1456 1457 1454
1183 3 2 1 5 1367 1454 1457 1455
1184 3 2 1 5 1414 1455 1457 1456
1185 3 2 1 5 1387 1460 1461 1458
1186 3 2 1 5 1335 1458 1461 1459
1187 3 2 1 5 1408 1459 1461 1460
1188 3 2 1 5 1362 1464 1465 1462
1189 3 2 1 5 1359 1462 1465 1463
1190 3 2 1 5 1363 1463 1465 1464
1191 3 2 1 5 1382 1468 1469 1466
1192 3 2 1 5 1379 1466 1469 1467
1193 3 2 1 5 1385 1467 1469 1468
1194 3 2 1 5 1407 1472 1473 1470
1195 3 2 1 5 1338 1470 1473 1471
1196 3 2 1 5 1429 1471 1473 1472
1197 3 2 1 5 1403 1476 1477 1474
1198 3 2 1 5 1340 1474 1477 1475
1199 3 2 1 5 1421 1475 1477 1476
1200 3 2 1 5 311 1479 1480 310
1201 3 2 1 5 309 310 1480 1478
1202 3 2 1 5 1385 1478 1480 1479
1203 3 2 1 5 1364 1483 1484 1481
1204 3 2 1 5 1357 1481 1484 1482
1205 3 2 1 5 1439 1482 1484 1483
1206 3 2 1 5 1365 1487 1488 1485
1207 3 2 1 5 1375 1485 1488 1486
1208 3 2 1 5 1387 1486 1488 1487
1209 3 2 1 5 1375 1491 1492 1489
1210 3 2 1 5 1366 1489 1492 1490
1211 3 2 1 5 1376 1490 1492 1491
1212 3 2 1 5 1345 1495 1496 1493
1213 3 2 1 5 1404 1493 1496 1494
1214 3 2 1 5 1445 1494 1496 1495
1215 3 2 1 5 315 1498 1499 314
1216 3 2 1 5 313 314 1499 1497
1217 3 2 1 5 1407 1497 1499 1498
1218 3 2 1 5 1390 1502 1503 1500
1219 3 2 1 5 1395 1500 1503 1501
1220 3 2 1 5 1418 1501 1503 1502
1221 3 2 1 5 1383 1506 1507 1504
1222 3 2 1 5 1384 1504 1507 1505
1223 3 2 1 5 1424 1505 1507 1506
1224 3 2 1 5 1378 1510 1511 1508
1225 3 2 1 5 1377 1508 1511 1509
1226 3 2 1 5 1379 1509 1511 1510
1227 3 2 1 5 1413 1514 1515 1512
1228 3 2 1 5 1389 1512 1515 1513
1229 3 2 1 5 1422 1513 1515 1514
1230 3 2 1 5 1384 1518 1519 1516
1231 3 2 1 5 1346 1516 1519 1517
1232 3 2 1 5 1420 1517 1519 1518
1233 3 2 1 5 302 1521 1522 301
1234 3 2 1 5 300 301 1522 1520
1235 3 2 1 5 1424 1520 1522 1521
1236 3 2 1 5 190 1524 1525 191
1237 3 2 1 5 192 191 1525 1523
1238 3 2 1 5 1408 1523 1525 1524
1239 3 2 1 5 220 1527 1528 221
1240 3 2 1 5 222 221 1528 1526
1241 3 2 1 5 1401 1526 1528 1527
1242 3 2 1 5 1353 1531 1532 1529
1243 3 2 1 5 1352 1529 1532 1530
1244 3 2 1 5 1355 1530 1532 1531
1245 3 2 1 5 1359 1535 1536 1533
1246 3 2 1 5 1356 1533 1536 1534
1247 3 2 1 5 1360 1534 1536 1535
1248 3 2 1 5 210 1538 1539 211
1249 3 2 1 5 212 211 1539 1537
1250 3 2 1 5 1410 1537 1539 1538
1251 3 2 1 5 1368 1542 1543 1540
1252 3 2 1 5 1391 1540 1543 1541
1253 3 2 1 5 1392 1541 1543 1542
1254 3 2 1 5 1388 1546 1547 1544
1255 3 2 1 5 1371 1544 1547 1545
1256 3 2 1 5 1443 1545 1547 1546
1257 3 2 1 5 1334 1550 1551 1548
1258 3 2 1 5 216 1548 1551 1549
1259 3 2 1 5 1400 1549 1551 1550
1260 3 2 1 5 204 1553 1554 205
1261 3 2 1 5 206 205 1554 1552
1262 3 2 1 5 1440 1552 1554 1553
1263 3 2 1 5 1347 1557 1558 1555
1264 3 2 1 5 1415 1555 1558 1556
1265 3 2 1 5 1442 1556 1558 1557
1266 3 2 1 5 1395 1561 1562 1559
1267 3 2 1 5 1369 1559 1562 1560
1268 3 2 1 5 1444 1560 1562 1561
1269 3 2 1 5 1410 1565 1566 1563
1270 3 2 1 5 1405 1563 1566 1564
1271 3 2 1 5 1427 1564 1566 1565
1272 3 2 1 5 1436 1569 1570 1567
1273 3 2 1 5 1394 1567 1570 1568
1274 3 2 1 5 1438 1568 1570 1569
1275 3 2 1 5 1369 1560 1574 1571
1276 3 2 1 5 1449 1571 1574 1572
1277 3 2 1 5 1389 1572 1574 1573
1278 3 2 1 5 1444 1573 1574 1560
1279 3 2 1 5 302 1575 1576 1521
1280 3 2 1 5 1424 1521 1576 1505
1281 3 2 1 5 1384 1505 1576 1518
1282 3 2 1 5 1420 1518 1576 1575
1283 3 2 1 5 1430 1579 1580 1577
1284 3 2 1 5 1443 1577 1580 1545
1285 3 2 1 5 1371 1545 1580 1578
1286 3 2 1 5 1434 1578 1580 1579
1287 3 2 1 5 1359 1463 1583 1535
1288 3 2 1 5 1360 1535 1583 1581
1289 3 2 1 5 1388 1581 1583 1582
1290 3 2 1 5 1363 1582 1583 1463
1291 3 2 1 5 1382 1585 1586 1468
1292 3 2 1 5 1385 1468 1586 1584
1293 3 2 1 5 1346 1584 1586 1516
1294 3 2 1 5 1384 1516 1586 1585
1295 3 2 1 5 1409 1590 1591 1587
1296 3 2 1 5 1438 1587 1591 1588
1297 3 2 1 5 1402 1588 1591 1589
1298 3 2 1 5 1447 1589 1591 1590
1299 3 2 1 5 1436 1594 1595 1569
1300 3 2 1 5 1438 1569 1595 1592
1301 3 2 1 5 1344 1592 1595 1593
1302 3 2 1 5 1435 1593 1595 1594
1303 3 2 1 5 1381 1599 1600 1596
1304 3 2 1 5 1423 1596 1600 1597
1305 3 2 1 5 1348 1597 1600 1598
1306 3 2 1 5 1386 1598 1600 1599
1307 3 2 1 5 1393 1604 1605 1601
1308 3 2 1 5 1417 1601 1605 1602
1309 3 2 1 5 1396 1602 1605 1603
1310 3 2 1 5 1394 1603 1605 1604
1311 3 2 1 5 1376 1491 1609 1606
1312 3 2 1 5 1421 1606 1609 1607
1313 3 2 1 5 1398 1607 1609 1608
1314 3 2 1 5 1375 1608 1609 1491
1315 3 2 1 5 1440 1612 1613 1610
1316 3 2 1 5 1395 1610 1613 1561
1317 3 2 1 5 1444 1561 1613 1611
1318 3 2 1 5 1331 1611 1613 1612
1319 3 2 1 5 1336 1617 1618 1614
1320 3 2 1 5 1414 1614 1618 1615
1321 3 2 1 5 1361 1615 1618 1616
1322 3 2 1 5 1349 1616 1618 1617
1323 3 2 1 5 1352 1530 1622 1619
1324 3 2 1 5 1429 1619 1622 1620
1325 3 2 1 5 1377 1620 1622 1621
1326 3 2 1 5 1355 1621 1622 1530
1327 3 2 1 5 1387 1625 1626 1460
1328 3 2 1 5 1408 1460 1626 1623
1329 3 2 1 5 1411 1623 1626 1624
1330 3 2 1 5 1412 1624 1626 1625
1331 3 2 1 5 1421 1476 1629 1627
1332 3 2 1 5 1445 1627 1629 1494
1333 3 2 1 5 1404 1494 1629 1628
1334 3 2 1 5 1403 1628 1629 1476
1335 3 2 1 5 1402 1630 1631 1588
1336 3 2 1 5 1438 1588 1631 1568
1337 3 2 1 5 1394 1568 1631 1603
1338 3 2 1 5 1396 1603 1631 1630
1339 3 2 1 5 1356 1634 1635 1533
1340 3 2 1 5 1359 1533 1635 1632
1341 3 2 1 5 1357 1632 1635 1633
1342 3 2 1 5 1354 1633 1635 1634
1343 3 2 1 5 1340 1637 1638 1474
1344 3 2 1 5 1403 1474 1638 1636
1345 3 2 1 5 184 1636 1638 185
1346 3 2 1 5 186 185 1638 1637
1347 3 2 1 5 202 201 1642 1639
1348 3 2 1 5 1331 1639 1642 1640
1349 3 2 1 5 1413 1640 1642 1641
1350 3 2 1 5 200 1641 1642 201
1351 3 2 1 5 1388 1544 1646 1643
1352 3 2 1 5 1399 1643 1646 1644
1353 3 2 1 5 1337 1644 1646 1645
1354 3 2 1 5 1371 1645 1646 1544
1355 3 2 1 5 1331 1640 1647 1611
1356 3 2 1 5 1444 1611 1647 1573
1357 3 2 1 5 1389 1573 1647 1512
1358 3 2 1 5 1413 1512 1647 1640
1359 3 2 1 5 1448 1650 1651 1648
1360 3 2 1 5 1447 1648 1651 1649
1361 3 2 1 5 1401 1649 1651 1526
1362 3 2 1 5 222 1526 1651 1650
1363 3 2 1 5 1364 1654 1655 1483
1364 3 2 1 5 1439 1483 1655 1652
1365 3 2 1 5 1370 1652 1655 1653
1366 3 2 1 5 1422 1653 1655 1654
1367 3 2 1 5 291 1657 1658 290
1368 3 2 1 5 289 290 1658 1656
1369 3 2 1 5 1386 1656 1658 1598
1370 3 2 1 5 1348 1598 1658 1657
1371 3 2 1 5 1380 1662 1663 1659
1372 3 2 1 5 1381 1659 1663 1660
1373 3 2 1 5 1374 1660 1663 1661
1374 3 2 1 5 1378 1661 1663 1662
1375 3 2 1 5 1338 1665 1666 1664
1376 3 2 1 5 311 1664 1666 1479
1377 3 2 1 5 1385 1479 1666 1467
1378 3 2 1 5 1379 1467 1666 1665
1379 3 2 1 5 1430 1668 1669 1579
1380 3 2 1 5 1434 1579 1669 1667
1381 3 2 1 5 1345 1667 1669 1495
1382 3 2 1 5 1445 1495 1669 1668
1383 3 2 1 5 1406 1673 1674 1670
1384 3 2 1 5 1426 1670 1674 1671
1385 3 2 1 5 1428 1671 1674 1672
1386 3 2 1 5 1332 1672 1674 1673
1387 3 2 1 5 1372 1677 1678 1675
1388 3 2 1 5 1343 1675 1678 1676
1389 3 2 1 5 287 1676 1678 286
1390 3 2 1 5 285 286 1678 1677
1391 3 2 1 5 208 207 1682 1679
1392 3 2 1 5 1333 1679 1682 1680
1393 3 2 1 5 1418 1680 1682 1681
1394 3 2 1 5 206 1681 1682 207
1395 3 2 1 5 1386 1599 1685 1683
1396 3 2 1 5 1343 1683 1685 1684
1397 3 2 1 5 1374 1684 1685 1660
1398 3 2 1 5 1381 1660 1685 1599
1399 3 2 1 5 1393 1601 1688 1686
1400 3 2 1 5 1392 1686 1688 1541
1401 3 2 1 5 1391 1541 1688 1687
1402 3 2 1 5 1417 1687 1688 1601
1403 3 2 1 5 1347 1690 1691 1557
1404 3 2 1 5 1442 1557 1691 1689
1405 3 2 1 5 180 1689 1691 181
1406 3 2 1 5 182 181 1691 1690
1407 3 2 1 5 1403 1636 1693 1692
1408 3 2 1 5 1347 1692 1693 1690
1409 3 2 1 5 182 1690 1693 183
1410 3 2 1 5 184 183 1693 1636
1411 3 2 1 5 1380 1694 1695 1662
1412 3 2 1 5 1378 1662 1695 1510
1413 3 2 1 5 1379 1510 1695 1466
1414 3 2 1 5 1382 1466 1695 1694
1415 3 2 1 5 1348 1657 1698 1696
1416 3 2 1 5 1437 1696 1698 1697
1417 3 2 1 5 293 1697 1698 292
1418 3 2 1 5 291 292 1698 1657
1419 3 2 1 5 210 209 1700 1538
1420 3 2 1 5 1410 1538 1700 1699
1421 3 2 1 5 1333 1699 1700 1679
1422 3 2 1 5 208 1679 1700 209
1423 3 2 1 5 1334 1548 1703 1701
1424 3 2 1 5 1405 1701 1703 1702
1425 3 2 1 5 214 1702 1703 215
1426 3 2 1 5 216 215 1703 1548
1427 3 2 1 5 1375 1486 1705 1608
1428 3 2 1 5 1398 1608 1705 1704
1429 3 2 1 5 1335 1704 1705 1458
1430 3 2 1 5 1387 1458 1705 1486
1431 3 2 1 5 1342 1707 1708 1706
1432 3 2 1 5 1424 1706 1708 1520
1433 3 2 1 5 300 1520 1708 299
1434 3 2 1 5 298 299 1708 1707
1435 3 2 1 5 204 203 1709 1553
1436 3 2 1 5 1440 1553 1709 1612
1437 3 2 1 5 1331 1612 1709 1639
1438 3 2 1 5 202 1639 1709 203
1439 3 2 1 5 1405 1702 1710 1563
1440 3 2 1 5 1410 1563 1710 1537
1441 3 2 1 5 212 1537 1710 213
1442 3 2 1 5 214 213 1710 1702
1443 3 2 1 5 1422 1514 1714 1711
1444 3 2 1 5 1426 1711 1714 1712
1445 3 2 1 5 1341 1712 1714 1713
1446 3 2 1 5 1413 1713 1714 1514
1447 3 2 1 5 1332 1717 1718 1715
1448 3 2 1 5 1411 1715 1718 1716
1449 3 2 1 5 194 1716 1718 195
1450 3 2 1 5 196 195 1718 1717
1451 3 2 1 5 1365 1485 1721 1719
1452 3 2 1 5 1363 1719 1721 1720
1453 3 2 1 5 1366 1720 1721 1489
1454 3 2 1 5 1375 1489 1721 1485
1455 3 2 1 5 1361 1723 1724 1615
1456 3 2 1 5 1414 1615 1724 1722
1457 3 2 1 5 1392 1722 1724 1686
1458 3 2 1 5 1393 1686 1724 1723
1459 3 2 1 5 296 297 1728 1725
1460 3 2 1 5 1437 1725 1728 1726
1461 3 2 1 5 1397 1726 1728 1727
1462 3 2 1 5 298 1727 1728 297
1463 3 2 1 5 1341 1730 1731 1712
1464 3 2 1 5 1426 1712 1731 1670
1465 3 2 1 5 1406 1670 1731 1729
1466 3 2 1 5 198 1729 1731 1730
1467 3 2 1 5 220 219 1734 1527
1468 3 2 1 5 1401 1527 1734 1732
1469 3 2 1 5 1339 1732 1734 1733
1470 3 2 1 5 218 1733 1734 219
1471 3 2 1 5 1397 1727 1737 1735
1472 3 2 1 5 1423 1735 1737 1736
1473 3 2 1 5 1342 1736 1737 1707
1474 3 2 1 5 298 1707 1737 1727
1475 3 2 1 5 309 1478 1739 308
1476 3 2 1 5 307 308 1739 1738
1477 3 2 1 5 1346 1738 1739 1584
1478 3 2 1 5 1385 1584 1739 1478
1479 3 2 1 5 1372 1743 1744 1740
1480 3 2 1 5 1399 1740 1744 1741
1481 3 2 1 5 1433 1741 1744 1742
1482 3 2 1 5 1373 1742 1744 1743
1483 3 2 1 5 1416 1747 1748 1745
1484 3 2 1 5 1433 1745 1748 1746
1485 3 2 1 5 1360 1746 1748 1534
1486 3 2 1 5 1356 1534 1748 1747
1487 3 2 1 5 1355 1531 1752 1749
1488 3 2 1 5 1432 1749 1752 1750
1489 3 2 1 5 1416 1750 1752 1751
1490 3 2 1 5 1353 1751 1752 1531
1491 3 2 1 5 1432 1750 1754 1753
1492 3 2 1 5 1373 1753 1754 1742
1493 3 2 1 5 1433 1742 1754 1745
1494 3 2 1 5 1416 1745 1754 1750
1495 3 2 1 5 1332 1715 1756 1672
1496 3 2 1 5 1428 1672 1756 1755
1497 3 2 1 5 1412 1755 1756 1624
1498 3 2 1 5 1411 1624 1756 1715
1499 3 2 1 5 1336 1759 1760 1757
1500 3 2 1 5 315 1757 1760 1498
1501 3 2 1 5 1407 1498 1760 1758
1502 3 2 1 5 1350 1758 1760 1759
1503 3 2 1 5 1418 1681 1761 1501
1504 3 2 1 5 1395 1501 1761 1610
1505 3 2 1 5 1440 1610 1761 1552
1506 3 2 1 5 206 1552 1761 1681
1507 3 2 1 5 1383 1763 1764 1762
1508 3 2 1 5 1423 1762 1764 1596
1509 3 2 1 5 1381 1596 1764 1659
1510 3 2 1 5 1380 1659 1764 1763
1511 3 2 1 5 1404 1628 1766 1765
1512 3 2 1 5 1415 1765 1766 1555
1513 3 2 1 5 1347 1555 1766 1692
1514 3 2 1 5 1403 1692 1766 1628
1515 3 2 1 5 1351 1769 1770 1767
1516 3 2 1 5 1350 1767 1770 1768
1517 3 2 1 5 1352 1768 1770 1529
1518 3 2 1 5 1353 1529 1770 1769
1519 3 2 1 5 1392 1542 1772 1722
1520 3 2 1 5 1414 1722 1772 1455
1521 3 2 1 5 1367 1455 1772 1771
1522 3 2 1 5 1368 1771 1772 1542
1523 3 2 1 5 1411 1716 1773 1623
1524 3 2 1 5 1408 1623 1773 1523
1525 3 2 1 5 192 1523 1773 193
1526 3 2 1 5 194 193 1773 1716
1527 3 2 1 5 1439 1652 1777 1774
1528 3 2 1 5 1362 1774 1777 1775
1529 3 2 1 5 1419 1775 1777 1776
1530 3 2 1 5 1370 1776 1777 1652
1531 3 2 1 5 1390 1780 1781 1778
1532 3 2 1 5 1431 1778 1781 1779
1533 3 2 1 5 1391 1779 1781 1540
1534 3 2 1 5 1368 1540 1781 1780
1535 3 2 1 5 1406 1729 1782 1673
1536 3 2 1 5 1332 1673 1782 1717
1537 3 2 1 5 196 1717 1782 197
1538 3 2 1 5 198 197 1782 1729
1539 3 2 1 5 1365 1719 1784 1783
1540 3 2 1 5 1419 1783 1784 1775
1541 3 2 1 5 1362 1775 1784 1464
1542 3 2 1 5 1363 1464 1784 1719
1543 3 2 1 5 1412 1625 1786 1785
1544 3 2 1 5 1419 1785 1786 1783
1545 3 2 1 5 1365 1783 1786 1487
1546 3 2 1 5 1387 1487 1786 1625
1547 3 2 1 5 1389 1513 1787 1572
1548 3 2 1 5 1449 1572 1787 1451
1549 3 2 1 5 1364 1451 1787 1654
1550 3 2 1 5 1422 1654 1787 1513
1551 3 2 1 5 190 189 1789 1524
1552 3 2 1 5 1408 1524 1789 1459
1553 3 2 1 5 1335 1459 1789 1788
1554 3 2 1 5 188 1788 1789 189
1555 3 2 1 5 1358 1791 1792 1452
1556 3 2 1 5 1449 1452 1792 1571
1557 3 2 1 5 1369 1571 1792 1790
1558 3 2 1 5 1368 1790 1792 1791
1559 3 2 1 5 1362 1462 1793 1774
1560 3 2 1 5 1439 1774 1793 1482
1561 3 2 1 5 1357 1482 1793 1632
1562 3 2 1 5 1359 1632 1793 1462
1563 3 2 1 5 1383 1504 1794 1763
1564 3 2 1 5 1380 1763 1794 1694
1565 3 2 1 5 1382 1694 1794 1585
1566 3 2 1 5 1384 1585 1794 1504
1567 3 2 1 5 1367 1771 1797 1795
1568 3 2 1 5 1354 1795 1797 1796
1569 3 2 1 5 1358 1796 1797 1791
1570 3 2 1 5 1368 1791 1797 1771
1571 3 2 1 5 289 1656 1798 288
1572 3 2 1 5 287 288 1798 1676
1573 3 2 1 5 1343 1676 1798 1683
1574 3 2 1 5 1386 1683 1798 1656
1575 3 2 1 5 1340 1475 1801 1799
1576 3 2 1 5 1425 1799 1801 1800
1577 3 2 1 5 1398 1800 1801 1607
1578 3 2 1 5 1421 1607 1801 1475
1579 3 2 1 5 1345 1803 1804 1667
1580 3 2 1 5 1434 1667 1804 1802
1581 3 2 1 5 281 1802 1804 280
1582 3 2 1 5 279 280 1804 1803
1583 3 2 1 5 1417 1806 1807 1805
1584 3 2 1 5 1427 1805 1807 1564
1585 3 2 1 5 1405 1564 1807 1701
1586 3 2 1 5 1334 1701 1807 1806
1587 3 2 1 5 1374 1661 1810 1808
1588 3 2 1 5 1373 1808 1810 1753
1589 3 2 1 5 1432 1753 1810 1809
1590 3 2 1 5 1378 1809 1810 1661
1591 3 2 1 5 1337 1645 1813 1811
1592 3 2 1 5 285 1811 1813 284
1593 3 2 1 5 283 284 1813 1812
1594 3 2 1 5 1371 1812 1813 1645
1595 3 2 1 5 1410 1699 1816 1565
1596 3 2 1 5 1427 1565 1816 1814
1597 3 2 1 5 1431 1814 1816 1815
1598 3 2 1 5 1333 1815 1816 1699
1599 3 2 1 5 1339 1819 1820 1817
1600 3 2 1 5 1402 1817 1820 1630
1601 3 2 1 5 1396 1630 1820 1818
1602 3 2 1 5 1400 1818 1820 1819
1603 3 2 1 5 1337 1811 1821 1644
1604 3 2 1 5 1399 1644 1821 1740
1605 3 2 1 5 1372 1740 1821 1677
1606 3 2 1 5 285 1677 1821 1811
1607 3 2 1 5 224 223 1824 1822
1608 3 2 1 5 1441 1822 1824 1823
1609 3 2 1 5 1448 1823 1824 1650
1610 3 2 1 5 222 1650 1824 223
1611 3 2 1 5 200 199 1825 1641
1612 3 2 1 5 1413 1641 1825 1713
1613 3 2 1 5 1341 1713 1825 1730
1614 3 2 1 5 198 1730 1825 199
1615 3 2 1 5 317 1826 1827 316
1616 3 2 1 5 315 316 1827 1757
1617 3 2 1 5 1336 1757 1827 1617
1618 3 2 1 5 1349 1617 1827 1826
1619 3 2 1 5 1336 1614 1828 1759
1620 3 2 1 5 1350 1759 1828 1767
1621 3 2 1 5 1351 1767 1828 1456
1622 3 2 1 5 1414 1456 1828 1614
1623 3 2 1 5 1378 1508 1829 1809
1624 3 2 1 5 1432 1809 1829 1749
1625 3 2 1 5 1355 1749 1829 1621
1626 3 2 1 5 1377 1621 1829 1508
1627 3 2 1 5 1366 1490 1832 1830
1628 3 2 1 5 1443 1830 1832 1577
1629 3 2 1 5 1430 1577 1832 1831
1630 3 2 1 5 1376 1831 1832 1490
1631 3 2 1 5 1353 1833 1834 1751
1632 3 2 1 5 1416 1751 1834 1747
1633 3 2 1 5 1356 1747 1834 1634
1634 3 2 1 5 1354 1634 1834 1833
1635 3 2 1 5 1351 1454 1835 1769
1636 3 2 1 5 1353 1769 1835 1833
1637 3 2 1 5 1354 1833 1835 1795
1638 3 2 1 5 1367 1795 1835 1454
1639 3 2 1 5 1369 1790 1836 1559
1640 3 2 1 5 1395 1559 1836 1500
1641 3 2 1 5 1390 1500 1836 1780
1642 3 2 1 5 1368 1780 1836 1790
1643 3 2 1 5 1377 1509 1837 1620
1644 3 2 1 5 1429 1620 1837 1471
1645 3 2 1 5 1338 1471 1837 1665
1646 3 2 1 5 1379 1665 1837 1509
1647 3 2 1 5 1428 1755 1839 1838
1648 3 2 1 5 1370 1838 1839 1776
1649 3 2 1 5 1419 1776 1839 1785
1650 3 2 1 5 1412 1785 1839 1755
1651 3 2 1 5 1358 1450 1840 1796
1652 3 2 1 5 1354 1796 1840 1633
1653 3 2 1 5 1357 1633 1840 1481
1654 3 2 1 5 1364 1481 1840 1450
1655 3 2 1 5 1333 1680 1841 1815
1656 3 2 1 5 1431 1815 1841 1778
1657 3 2 1 5 1390 1778 1841 1502
1658 3 2 1 5 1418 1502 1841 1680
1659 3 2 1 5 1338 1664 1842 1470
1660 3 2 1 5 1407 1470 1842 1497
1661 3 2 1 5 313 1497 1842 312
1662 3 2 1 5 311 312 1842 1664
1663 3 2 1 5 1345 1493 1844 1803
1664 3 2 1 5 279 1803 1844 1843
1665 3 2 1 5 1415 1843 1844 1765
1666 3 2 1 5 1404 1765 1844 1493
1667 3 2 1 5 1342 1706 1845 1736
1668 3 2 1 5 1423 1736 1845 1762
1669 3 2 1 5 1383 1762 1845 1506
1670 3 2 1 5 1424 1506 1845 1706
1671 3 2 1 5 1397 1735 1846 1726
1672 3 2 1 5 1437 1726 1846 1696
1673 3 2 1 5 1348 1696 1846 1597
1674 3 2 1 5 1423 1597 1846 1735
1675 3 2 1 5 218 217 1847 1733
1676 3 2 1 5 1339 1733 1847 1819
1677 3 2 1 5 1400 1819 1847 1549
1678 3 2 1 5 216 1549 1847 217
1679 3 2 1 5 1346 1517 1850 1738
1680 3 2 1 5 307 1738 1850 1848
1681 3 2 1 5 1446 1848 1850 1849
1682 3 2 1 5 1420 1849 1850 1517
1683 3 2 1 5 319 320 1853 1851
1684 3 2 1 5 1435 1851 1853 1593
1685 3 2 1 5 1344 1593 1853 1852
1686 3 2 1 5 321 1852 1853 320
1687 3 2 1 5 277 278 1855 1854
1688 3 2 1 5 1442 1854 1855 1556
1689 3 2 1 5 1415 1556 1855 1843
1690 3 2 1 5 279 1843 1855 278
1691 3 2 1 5 1394 1604 1857 1567
1692 3 2 1 5 1436 1567 1857 1856
1693 3 2 1 5 1361 1856 1857 1723
1694 3 2 1 5 1393 1723 1857 1604
1695 3 2 1 5 1420 1575 1859 1849
1696 3 2 1 5 1446 1849 1859 1858
1697 3 2 1 5 304 1858 1859 303
1698 3 2 1 5 302 303 1859 1575
1699 3 2 1 5 1344 1852 1861 1592
1700 3 2 1 5 1438 1592 1861 1587
1701 3 2 1 5 1409 1587 1861 1860
1702 3 2 1 5 321 1860 1861 1852
1703 3 2 1 5 1396 1818 1862 1602
1704 3 2 1 5 1417 1602 1862 1806
1705 3 2 1 5 1334 1806 1862 1550
1706 3 2 1 5 1400 1550 1862 1818
1707 3 2 1 5 1425 1863 1864 1799
1708 3 2 1 5 1340 1799 1864 1637
1709 3 2 1 5 186 1637 1864 187
1710 3 2 1 5 188 187 1864 1863
1711 3 2 1 5 1429 1472 1865 1619
1712 3 2 1 5 1352 1619 1865 1768
1713 3 2 1 5 1350 1768 1865 1758
1714 3 2 1 5 1407 1758 1865 1472
1715 3 2 1 5 1401 1732 1866 1649
1716 3 2 1 5 1447 1649 1866 1589
1717 3 2 1 5 1402 1589 1866 1817
1718 3 2 1 5 1339 1817 1866 1732
1719 3 2 1 5 1436 1856 1868 1594
1720 3 2 1 5 1435 1594 1868 1867
1721 3 2 1 5 1349 1867 1868 1616
1722 3 2 1 5 1361 1616 1868 1856
1723 3 2 1 5 1445 1668 1869 1627
1724 3 2 1 5 1421 1627 1869 1606
1725 3 2 1 5 1376 1606 1869 1831
1726 3 2 1 5 1430 1831 1869 1668
1727 3 2 1 5 1409 1860 1871 1590
1728 3 2 1 5 1447 1590 1871 1648
1729 3 2 1 5 1448 1648 1871 1870
1730 3 2 1 5 321 1870 1871 1860
1731 3 2 1 5 1360 1581 1872 1746
1732 3 2 1 5 1433 1746 1872 1741
1733 3 2 1 5 1399 1741 1872 1643
1734 3 2 1 5 1388 1643 1872 1581
1735 3 2 1 5 7 276 1873 179
1736 3 2 1 5 180 179 1873 1689
1737 3 2 1 5 1442 1689 1873 1854
1738 3 2 1 5 277 1854 1873 276
1739 3 2 1 5 1448 1870 1875 1823
1740 3 2 1 5 1441 1823 1875 1874
1741 3 2 1 5 323 1874 1875 322
1742 3 2 1 5 321 322 1875 1870
1743 3 2 1 5 1437 1697 1876 1725
1744 3 2 1 5 296 1725 1876 295
1745 3 2 1 5 11 295 1876 294
1746 3 2 1 5 293 294 1876 1697
1747 3 2 1 5 1441 1874 1877 1822
1748 3 2 1 5 224 1822 1877 225
1749 3 2 1 5 8 225 1877 324
1750 3 2 1 5 323 324 1877 1874
1751 3 2 1 5 1443 1546 1878 1830
1752 3 2 1 5 1366 1830 1878 1720
1753 3 2 1 5 1363 1720 1878 1582
1754 3 2 1 5 1388 1582 1878 1546
1755 3 2 1 5 1425 1800 1879 1863
1756 3 2 1 5 188 1863 1879 1788
1757 3 2 1 5 1335 1788 1879 1704
1758 3 2 1 5 1398 1704 1879 1800
1759 3 2 1 5 1370 1653 1880 1838
1760 3 2 1 5 1428 1838 1880 1671
1761 3 2 1 5 1426 1671 1880 1711
1762 3 2 1 5 1422 1711 1880 1653
1763 3 2 1 5 1373 1743 1881 1808
1764 3 2 1 5 1374 1808 1881 1684
1765 3 2 1 5 1343 1684 1881 1675
1766 3 2 1 5 1372 1675 1881 1743
1767 3 2 1 5 317 318 1882 1826
1768 3 2 1 5 1349 1826 1882 1867
1769 3 2 1 5 1435 1867 1882 1851
1770 3 2 1 5 319 1851 1882 318
1771 3 2 1 5 1391 1687 1883 1779
1772 3 2 1 5 1431 1779 1883 1814
1773 3 2 1 5 1427 1814 1883 1805
1774 3 2 1 5 1417 1805 1883 1687
1775 3 2 1 5 1434 1802 1884 1578
1776 3 2 1 5 1371 1578 1884 1812
1777 3 2 1 5 283 1812 1884 282
1778 3 2 1 5 281 282 1884 1802
1779 3 2 1 5 12 306 1885 305
1780 3 2 1 5 304 305 1885 1858
1781 3 2 1 5 1446 1858 1885 1848
1782 3 2 1 5 307 1848 1885 306
1783 3 2 1 6 1938 1985 1986 1983
1784 3 2 1 6 1937 1983 1986 1984
1785 3 2 1 6 1941 1984 1986 1985
1786 3 2 1 6 1894 1989 1990 1987
1787 3 2 1 6 1925 1987 1990 1988
1788 3 2 1 6 1971 1988 1990 1989
1789 3 2 1 6 376 1992 1993 375
1790 3 2 1 6 374 375 1993 1991
1791 3 2 1 6 1895 1991 1993 1992
1792 3 2 1 6 251 1995 1996 252
1793 3 2 1 6 253 252 1996 1994
1794 3 2 1 6 1899 1994 1996 1995
1795 3 2 1 6 1891 1999 2000 1997
1796 3 2 1 6 1941 1997 2000 1998
1797 3 2 1 6 1958 1998 2000 1999
1798 3 2 1 6 1887 2003 2004 2001
1799 3 2 1 6 334 2001 2004 2002
1800 3 2 1 6 1943 2002 2004 2003
1801 3 2 1 6 1926 2007 2008 2005
1802 3 2 1 6 1903 2005 2008 2006
1803 3 2 1 6 1949 2006 2008 2007
1804 3 2 1 6 340 2010 2011 339
1805 3 2 1 6 338 339 2011 2009
1806 3 2 1 6 1893 2009 2011 2010
1807 3 2 1 6 1927 2014 2015 2012
1808 3 2 1 6 1960 2012 2015 2013
1809 3 2 1 6 1982 2013 2015 2014
1810 3 2 1 6 332 2017 2018 331
1811 3 2 1 6 330 331 2018 2016
1812 3 2 1 6 1892 2016 2018 2017
1813 3 2 1 6 353 2020 2021 352
1814 3 2 1 6 351 352 2021 2019
1815 3 2 1 6 1888 2019 2021 2020
1816 3 2 1 6 1918 2024 2025 2022
1817 3 2 1 6 1917 2022 2025 2023
1818 3 2 1 6 1922 2023 2025 2024
1819 3 2 1 6 243 2027 2028 244
1820 3 2 1 6 245 244 2028 2026
1821 3 2 1 6 1889 2026 2028 2027
1822 3 2 1 6 351 2030 2031 350
1823 3 2 1 6 349 350 2031 2029
1824 3 2 1 6 1950 2029 2031 2030
1825 3 2 1 6 1942 2034 2035 2032
1826 3 2 1 6 1887 2032 2035 2033
1827 3 2 1 6 1961 2033 2035 2034
1828 3 2 1 6 1923 2038 2039 2036
1829 3 2 1 6 1939 2036 2039 2037
1830 3 2 1 6 1955 2037 2039 2038
1831 3 2 1 6 1905 2042 2043 2040
1832 3 2 1 6 1908 2040 2043 2041
1833 3 2 1 6 1949 2041 2043 2042
1834 3 2 1 6 382 2045 2046 381
1835 3 2 1 6 380 381 2046 2044
1836 3 2 1 6 1928 2044 2046 2045
1837 3 2 1 6 1933 2049 2050 2047
1838 3 2 1 6 1934 2047 2050 2048
1839 3 2 1 6 1974 2048 2050 2049
1840 3 2 1 6 368 2052 2053 367
1841 3 2 1 6 366 367 2053 2051
1842 3 2 1 6 1958 2051 2053 2052
1843 3 2 1 6 1889 2056 2057 2054
1844 3 2 1 6 1929 2054 2057 2055
1845 3 2 1 6 1979 2055 2057 2056
1846 3 2 1 6 1902 2060 2061 2058
1847 3 2 1 6 1925 2058 2061 2059
1848 3 2 1 6 1927 2059 2061 2060
1849 3 2 1 6 1931 2064 2065 2062
1850 3 2 1 6 1945 2062 2065 2063
1851 3 2 1 6 1978 2063 2065 2064
1852 3 2 1 6 1966 2068 2069 2066
1853 3 2 1 6 1932 2066 2069 2067
1854 3 2 1 6 1978 2067 2069 2068
1855 3 2 1 6 1963 2072 2073 2070
1856 3 2 1 6 1910 2070 2073 2071
1857 3 2 1 6 1968 2071 2073 2072
1858 3 2 1 6 1969 2076 2077 2074
1859 3 2 1 6 1924 2074 2077 2075
1860 3 2 1 6 1980 2075 2077 2076
1861 3 2 1 6 1947 2080 2081 2078
1862 3 2 1 6 1957 2078 2081 2079
1863 3 2 1 6 1977 2079 2081 2080
1864 3 2 1 6 1971 2084 2085 2082
1865 3 2 1 6 1899 2082 2085 2083
1866 3 2 1 6 1973 2083 2085 2084
1867 3 2 1 6 1894 1987 2087 2086
1868 3 2 1 6 1960 2086 2087 2012
1869 3 2 1 6 1927 2012 2087 2059
1870 3 2 1 6 1925 2059 2087 1987
1871 3 2 1 6 1958 2090 2091 1998
1872 3 2 1 6 1941 1998 2091 2088
1873 3 2 1 6 1962 2088 2091 2089
1874 3 2 1 6 1936 2089 2091 2090
1875 3 2 1 6 1959 2095 2096 2092
1876 3 2 1 6 1970 2092 2096 2093
1877 3 2 1 6 1940 2093 2096 2094
1878 3 2 1 6 1972 2094 2096 2095
1879 3 2 1 6 1936 2099 2100 2089
1880 3 2 1 6 1962 2089 2100 2097
1881 3 2 1 6 1935 2097 2100 2098
1882 3 2 1 6 1886 2098 2100 2099
1883 3 2 1 6 1963 2103 2104 2101
1884 3 2 1 6 1935 2101 2104 2097
1885 3 2 1 6 1962 2097 2104 2102
1886 3 2 1 6 1919 2102 2104 2103
1887 3 2 1 6 360 361 2108 2105
1888 3 2 1 6 1976 2105 2108 2106
1889 3 2 1 6 1959 2106 2108 2107
1890 3 2 1 6 362 2107 2108 361
1891 3 2 1 6 1904 2112 2113 2109
1892 3 2 1 6 1974 2109 2113 2110
1893 3 2 1 6 1906 2110 2113 2111
1894 3 2 1 6 1905 2111 2113 2112
1895 3 2 1 6 1959 2092 2116 2106
1896 3 2 1 6 1976 2106 2116 2114
1897 3 2 1 6 1897 2114 2116 2115
1898 3 2 1 6 1970 2115 2116 2092
1899 3 2 1 6 1895 1992 2119 2117
1900 3 2 1 6 1982 2117 2119 2013
1901 3 2 1 6 1960 2013 2119 2118
1902 3 2 1 6 376 2118 2119 1992
1903 3 2 1 6 1947 2121 2122 2080
1904 3 2 1 6 1977 2080 2122 2120
1905 3 2 1 6 342 2120 2122 341
1906 3 2 1 6 340 341 2122 2121
1907 3 2 1 6 1931 2124 2125 2064
1908 3 2 1 6 1978 2064 2125 2067
1909 3 2 1 6 1932 2067 2125 2123
1910 3 2 1 6 1930 2123 2125 2124
1911 3 2 1 6 1891 1997 2128 2126
1912 3 2 1 6 1940 2126 2128 2127
1913 3 2 1 6 1938 2127 2128 1985
1914 3 2 1 6 1941 1985 2128 1997
1915 3 2 1 6 1892 2131 2132 2129
1916 3 2 1 6 1978 2129 2132 2063
1917 3 2 1 6 1945 2063 2132 2130
1918 3 2 1 6 1943 2130 2132 2131
1919 3 2 1 6 1948 2136 2137 2133
1920 3 2 1 6 1979 2133 2137 2134
1921 3 2 1 6 1964 2134 2137 2135
1922 3 2 1 6 1956 2135 2137 2136
1923 3 2 1 6 1927 2060 2140 2014
1924 3 2 1 6 1982 2014 2140 2138
1925 3 2 1 6 1904 2138 2140 2139
1926 3 2 1 6 1902 2139 2140 2060
1927 3 2 1 6 1924 2143 2144 2074
1928 3 2 1 6 1969 2074 2144 2141
1929 3 2 1 6 1921 2141 2144 2142
1930 3 2 1 6 1918 2142 2144 2143
1931 3 2 1 6 326 327 2148 2145
1932 3 2 1 6 1975 2145 2148 2146
1933 3 2 1 6 1898 2146 2148 2147
1934 3 2 1 6 328 2147 2148 327
1935 3 2 1 6 1961 2034 2151 2149
1936 3 2 1 6 1921 2149 2151 2141
1937 3 2 1 6 1969 2141 2151 2150
1938 3 2 1 6 1942 2150 2151 2034
1939 3 2 1 6 338 2009 2154 337
1940 3 2 1 6 336 337 2154 2152
1941 3 2 1 6 1942 2152 2154 2153
1942 3 2 1 6 1893 2153 2154 2009
1943 3 2 1 6 1930 2157 2158 2155
1944 3 2 1 6 1979 2155 2158 2055
1945 3 2 1 6 1929 2055 2158 2156
1946 3 2 1 6 1916 2156 2158 2157
1947 3 2 1 6 1968 2072 2161 2159
1948 3 2 1 6 1934 2159 2161 2160
1949 3 2 1 6 1935 2160 2161 2101
1950 3 2 1 6 1963 2101 2161 2072
1951 3 2 1 6 1910 2164 2165 2070
1952 3 2 1 6 1963 2070 2165 2162
1953 3 2 1 6 1912 2162 2165 2163
1954 3 2 1 6 1911 2163 2165 2164
1955 3 2 1 6 1934 2048 2167 2159
1956 3 2 1 6 1968 2159 2167 2166
1957 3 2 1 6 1906 2166 2167 2110
1958 3 2 1 6 1974 2110 2167 2048
1959 3 2 1 6 1938 1983 2170 2168
1960 3 2 1 6 1939 2168 2170 2036
1961 3 2 1 6 1923 2036 2170 2169
1962 3 2 1 6 1937 2169 2170 1983
1963 3 2 1 6 1916 2157 2173 2171
1964 3 2 1 6 1953 2171 2173 2172
1965 3 2 1 6 1931 2172 2173 2124
1966 3 2 1 6 1930 2124 2173 2157
1967 3 2 1 6 1919 2174 2175 2102
1968 3 2 1 6 1962 2102 2175 2088
1969 3 2 1 6 1941 2088 2175 1984
1970 3 2 1 6 1937 1984 2175 2174
1971 3 2 1 6 1886 2099 2178 2176
1972 3 2 1 6 372 2176 2178 371
1973 3 2 1 6 370 371 2178 2177
1974 3 2 1 6 1936 2177 2178 2099
1975 3 2 1 6 1945 2180 2181 2062
1976 3 2 1 6 1931 2062 2181 2172
1977 3 2 1 6 1953 2172 2181 2179
1978 3 2 1 6 1920 2179 2181 2180
1979 3 2 1 6 1937 2174 2185 2182
1980 3 2 1 6 1917 2182 2185 2183
1981 3 2 1 6 1914 2183 2185 2184
1982 3 2 1 6 1919 2184 2185 2174
1983 3 2 1 6 368 369 2186 2052
1984 3 2 1 6 1958 2052 2186 2090
1985 3 2 1 6 1936 2090 2186 2177
1986 3 2 1 6 370 2177 2186 369
1987 3 2 1 6 1920 2189 2190 2179
1988 3 2 1 6 1953 2179 2190 2187
1989 3 2 1 6 1911 2187 2190 2188
1990 3 2 1 6 1913 2188 2190 2189
1991 3 2 1 6 336 2152 2191 335
1992 3 2 1 6 334 335 2191 2001
1993 3 2 1 6 1887 2001 2191 2032
1994 3 2 1 6 1942 2032 2191 2152
1995 3 2 1 6 1968 2166 2194 2071
1996 3 2 1 6 1910 2071 2194 2192
1997 3 2 1 6 1907 2192 2194 2193
1998 3 2 1 6 1906 2193 2194 2166
1999 3 2 1 6 345 346 2197 2195
2000 3 2 1 6 1977 2195 2197 2079
2001 3 2 1 6 1957 2079 2197 2196
2002 3 2 1 6 347 2196 2197 346
2003 3 2 1 6 1955 2038 2201 2198
2004 3 2 1 6 1967 2198 2201 2199
2005 3 2 1 6 1922 2199 2201 2200
2006 3 2 1 6 1923 2200 2201 2038
2007 3 2 1 6 1949 2007 2204 2202
2008 3 2 1 6 1929 2202 2204 2054
2009 3 2 1 6 1889 2054 2204 2203
2010 3 2 1 6 1926 2203 2204 2007
2011 3 2 1 6 1956 2207 2208 2205
2012 3 2 1 6 1975 2205 2208 2206
2013 3 2 1 6 239 2206 2208 240
2014 3 2 1 6 241 240 2208 2207
2015 3 2 1 6 1892 2129 2210 2016
2016 3 2 1 6 330 2016 2210 2209
2017 3 2 1 6 1966 2209 2210 2068
2018 3 2 1 6 1978 2068 2210 2129
2019 3 2 1 6 1907 2193 2212 2211
2020 3 2 1 6 1908 2211 2212 2040
2021 3 2 1 6 1905 2040 2212 2111
2022 3 2 1 6 1906 2111 2212 2193
2023 3 2 1 6 1889 2027 2214 2056
2024 3 2 1 6 1979 2056 2214 2133
2025 3 2 1 6 1948 2133 2214 2213
2026 3 2 1 6 243 2213 2214 2027
2027 3 2 1 6 1954 2217 2218 2215
2028 3 2 1 6 1920 2215 2218 2189
2029 3 2 1 6 1913 2189 2218 2216
2030 3 2 1 6 1915 2216 2218 2217
2031 3 2 1 6 1886 2219 2220 2098
2032 3 2 1 6 1935 2098 2220 2160
2033 3 2 1 6 1934 2160 2220 2047
2034 3 2 1 6 1933 2047 2220 2219
2035 3 2 1 6 1918 2022 2223 2142
2036 3 2 1 6 1921 2142 2223 2221
2037 3 2 1 6 1915 2221 2223 2222
2038 3 2 1 6 1917 2222 2223 2022
2039 3 2 1 6 1896 2225 2226 2224
2040 3 2 1 6 1950 2224 2226 2029
2041 3 2 1 6 349 2029 2226 348
2042 3 2 1 6 347 348 2226 2225
2043 3 2 1 6 1950 2030 2229 2227
2044 3 2 1 6 1967 2227 2229 2228
2045 3 2 1 6 1888 2228 2229 2019
2046 3 2 1 6 351 2019 2229 2030
2047 3 2 1 6 1903 2006 2231 2230
2048 3 2 1 6 1904 2230 2231 2112
2049 3 2 1 6 1905 2112 2231 2042
2050 3 2 1 6 1949 2042 2231 2006
2051 3 2 1 6 1953 2187 2234 2171
2052 3 2 1 6 1916 2171 2234 2232
2053 3 2 1 6 1909 2232 2234 2233
2054 3 2 1 6 1911 2233 2234 2187
2055 3 2 1 6 1951 2236 2237 2235
2056 3 2 1 6 1924 2235 2237 2143
2057 3 2 1 6 1918 2143 2237 2024
2058 3 2 1 6 1922 2024 2237 2236
2059 3 2 1 6 1893 2010 2240 2238
2060 3 2 1 6 1980 2238 2240 2239
2061 3 2 1 6 1947 2239 2240 2121
2062 3 2 1 6 340 2121 2240 2010
2063 3 2 1 6 1944 2242 2243 2241
2064 3 2 1 6 1961 2241 2243 2033
2065 3 2 1 6 1887 2033 2243 2003
2066 3 2 1 6 1943 2003 2243 2242
2067 3 2 1 6 1940 2127 2245 2093
2068 3 2 1 6 1970 2093 2245 2244
2069 3 2 1 6 1939 2244 2245 2168
2070 3 2 1 6 1938 2168 2245 2127
2071 3 2 1 6 1915 2222 2247 2216
2072 3 2 1 6 1913 2216 2247 2246
2073 3 2 1 6 1914 2246 2247 2183
2074 3 2 1 6 1917 2183 2247 2222
2075 3 2 1 6 1943 2131 2248 2002
2076 3 2 1 6 334 2002 2248 333
2077 3 2 1 6 332 333 2248 2017
2078 3 2 1 6 1892 2017 2248 2131
2079 3 2 1 6 1909 2250 2251 2232
2080 3 2 1 6 1916 2232 2251 2249
2081 3 2 1 6 1908 2249 2251 2211
2082 3 2 1 6 1907 2211 2251 2250
2083 3 2 1 6 1912 2252 2253 2162
2084 3 2 1 6 1963 2162 2253 2103
2085 3 2 1 6 1919 2103 2253 2184
2086 3 2 1 6 1914 2184 2253 2252
2087 3 2 1 6 1901 2256 2257 2254
2088 3 2 1 6 1925 2254 2257 2058
2089 3 2 1 6 1902 2058 2257 2255
2090 3 2 1 6 1890 2255 2257 2256
2091 3 2 1 6 1960 2118 2259 2086
2092 3 2 1 6 1894 2086 2259 2258
2093 3 2 1 6 378 2258 2259 377
2094 3 2 1 6 376 377 2259 2118
2095 3 2 1 6 1898 2262 2263 2260
2096 3 2 1 6 1964 2260 2263 2261
2097 3 2 1 6 1932 2261 2263 2066
2098 3 2 1 6 1966 2066 2263 2262
2099 3 2 1 6 1896 2224 2267 2264
2100 3 2 1 6 1952 2264 2267 2265
2101 3 2 1 6 1951 2265 2267 2266
2102 3 2 1 6 1950 2266 2267 2224
2103 3 2 1 6 1891 2268 2269 1999
2104 3 2 1 6 1958 1999 2269 2051
2105 3 2 1 6 366 2051 2269 365
2106 3 2 1 6 364 365 2269 2268
2107 3 2 1 6 1929 2156 2270 2202
2108 3 2 1 6 1949 2202 2270 2041
2109 3 2 1 6 1908 2041 2270 2249
2110 3 2 1 6 1916 2249 2270 2156
2111 3 2 1 6 1928 2045 2274 2271
2112 3 2 1 6 1973 2271 2274 2272
2113 3 2 1 6 1900 2272 2274 2273
2114 3 2 1 6 382 2273 2274 2045
2115 3 2 1 6 1899 2275 2276 2082
2116 3 2 1 6 1971 2082 2276 1988
2117 3 2 1 6 1925 1988 2276 2254
2118 3 2 1 6 1901 2254 2276 2275
2119 3 2 1 6 1939 2037 2279 2244
2120 3 2 1 6 1970 2244 2279 2277
2121 3 2 1 6 1946 2277 2279 2278
2122 3 2 1 6 1955 2278 2279 2037
2123 3 2 1 6 1954 2215 2282 2280
2124 3 2 1 6 1961 2280 2282 2241
2125 3 2 1 6 1944 2241 2282 2281
2126 3 2 1 6 1920 2281 2282 2215
2127 3 2 1 6 1896 2264 2284 2225
2128 3 2 1 6 347 2225 2284 2196
2129 3 2 1 6 1957 2196 2284 2283
2130 3 2 1 6 1952 2283 2284 2264
2131 3 2 1 6 1913 2246 2285 2188
2132 3 2 1 6 1911 2188 2285 2163
2133 3 2 1 6 1912 2163 2285 2252
2134 3 2 1 6 1914 2252 2285 2246
2135 3 2 1 6 1947 2078 2287 2239
2136 3 2 1 6 1980 2239 2287 2286
2137 3 2 1 6 1952 2286 2287 2283
2138 3 2 1 6 1957 2283 2287 2078
2139 3 2 1 6 1910 2192 2288 2164
2140 3 2 1 6 1911 2164 2288 2233
2141 3 2 1 6 1909 2233 2288 2250
2142 3 2 1 6 1907 2250 2288 2192
2143 3 2 1 6 1969 2150 2289 2076
2144 3 2 1 6 1980 2076 2289 2238
2145 3 2 1 6 1893 2238 2289 2153
2146 3 2 1 6 1942 2153 2289 2150
2147 3 2 1 6 1946 2291 2292 2290
2148 3 2 1 6 355 2290 2292 354
2149 3 2 1 6 353 354 2292 2020
2150 3 2 1 6 1888 2020 2292 2291
2151 3 2 1 6 1923 2169 2293 2200
2152 3 2 1 6 1922 2200 2293 2023
2153 3 2 1 6 1917 2023 2293 2182
2154 3 2 1 6 1937 2182 2293 2169
2155 3 2 1 6 1933 2295 2296 2049
2156 3 2 1 6 1974 2049 2296 2294
2157 3 2 1 6 1895 2294 2296 1991
2158 3 2 1 6 374 1991 2296 2295
2159 3 2 1 6 1964 2261 2297 2134
2160 3 2 1 6 1979 2134 2297 2155
2161 3 2 1 6 1930 2155 2297 2123
2162 3 2 1 6 1932 2123 2297 2261
2163 3 2 1 6 1952 2265 2298 2286
2164 3 2 1 6 1980 2286 2298 2075
2165 3 2 1 6 1924 2075 2298 2235
2166 3 2 1 6 1951 2235 2298 2265
2167 3 2 1 6 1926 2005 2302 2299
2168 3 2 1 6 247 2299 2302 2300
2169 3 2 1 6 1890 2300 2302 2301
2170 3 2 1 6 1903 2301 2302 2005
2171 3 2 1 6 1948 2213 2303 2136
2172 3 2 1 6 1956 2136 2303 2207
2173 3 2 1 6 241 2207 2303 242
2174 3 2 1 6 243 242 2303 2213
2175 3 2 1 6 1900 2273 2306 2304
2176 3 2 1 6 1981 2304 2306 2305
2177 3 2 1 6 384 2305 2306 383
2178 3 2 1 6 382 383 2306 2273
2179 3 2 1 6 251 250 2308 1995
2180 3 2 1 6 1899 1995 2308 2275
2181 3 2 1 6 1901 2275 2308 2307
2182 3 2 1 6 249 2307 2308 250
2183 3 2 1 6 380 2044 2310 379
2184 3 2 1 6 378 379 2310 2258
2185 3 2 1 6 1894 2258 2310 2309
2186 3 2 1 6 1928 2309 2310 2044
2187 3 2 1 6 1921 2221 2311 2149
2188 3 2 1 6 1961 2149 2311 2280
2189 3 2 1 6 1954 2280 2311 2217
2190 3 2 1 6 1915 2217 2311 2221
2191 3 2 1 6 1898 2260 2312 2146
2192 3 2 1 6 1975 2146 2312 2205
2193 3 2 1 6 1956 2205 2312 2135
2194 3 2 1 6 1964 2135 2312 2260
2195 3 2 1 6 1897 2314 2315 2114
2196 3 2 1 6 1976 2114 2315 2313
2197 3 2 1 6 357 2313 2315 356
2198 3 2 1 6 355 356 2315 2314
2199 3 2 1 6 1900 2304 2318 2272
2200 3 2 1 6 1973 2272 2318 2316
2201 3 2 1 6 1965 2316 2318 2317
2202 3 2 1 6 1981 2317 2318 2304
2203 3 2 1 6 1888 2291 2319 2228
2204 3 2 1 6 1967 2228 2319 2198
2205 3 2 1 6 1955 2198 2319 2278
2206 3 2 1 6 1946 2278 2319 2291
2207 3 2 1 6 249 248 2320 2307
2208 3 2 1 6 1901 2307 2320 2256
2209 3 2 1 6 1890 2256 2320 2300
2210 3 2 1 6 247 2300 2320 248
2211 3 2 1 6 1897 2115 2321 2314
2212 3 2 1 6 355 2314 2321 2290
2213 3 2 1 6 1946 2290 2321 2277
2214 3 2 1 6 1970 2277 2321 2115
2215 3 2 1 6 1903 2230 2322 2301
2216 3 2 1 6 1890 2301 2322 2255
2217 3 2 1 6 1902 2255 2322 2139
2218 3 2 1 6 1904 2139 2322 2230
2219 3 2 1 6 1933 2219 2323 2295
2220 3 2 1 6 374 2295 2323 373
2221 3 2 1 6 372 373 2323 2176
2222 3 2 1 6 1886 2176 2323 2219
2223 3 2 1 6 245 2026 2324 246
2224 3 2 1 6 247 246 2324 2299
2225 3 2 1 6 1926 2299 2324 2203
2226 3 2 1 6 1889 2203 2324 2026
2227 3 2 1 6 1965 2325 2326 2316
2228 3 2 1 6 1973 2316 2326 2083
2229 3 2 1 6 1899 2083 2326 1994
2230 3 2 1 6 253 1994 2326 2325
2231 3 2 1 6 1944 2281 2327 2242
2232 3 2 1 6 1943 2242 2327 2130
2233 3 2 1 6 1945 2130 2327 2180
2234 3 2 1 6 1920 2180 2327 2281
2235 3 2 1 6 1965 2317 2329 2325
2236 3 2 1 6 253 2325 2329 254
2237 3 2 1 6 255 254 2329 2328
2238 3 2 1 6 1981 2328 2329 2317
2239 3 2 1 6 1966 2262 2330 2209
2240 3 2 1 6 330 2209 2330 329
2241 3 2 1 6 328 329 2330 2147
2242 3 2 1 6 1898 2147 2330 2262
2243 3 2 1 6 2 256 2331 385
2244 3 2 1 6 384 385 2331 2305
2245 3 2 1 6 1981 2305 2331 2328
2246 3 2 1 6 255 2328 2331 256
2247 3 2 1 6 1977 2120 2332 2195
2248 3 2 1 6 345 2195 2332 344
2249 3 2 1 6 13 344 2332 343
2250 3 2 1 6 342 343 2332 2120
2251 3 2 1 6 1971 1989 2333 2084
2252 3 2 1 6 1973 2084 2333 2271
2253 3 2 1 6 1928 2271 2333 2309
2254 3 2 1 6 1894 2309 2333 1989
2255 3 2 1 6 10 325 2334 238
2256 3 2 1 6 239 238 2334 2206
2257 3 2 1 6 1975 2206 2334 2145
2258 3 2 1 6 326 2145 2334 325
2259 3 2 1 6 1976 2313 2335 2105
2260 3 2 1 6 360 2105 2335 359
2261 3 2 1 6 14 359 2335 358
2262 3 2 1 6 357 358 2335 2313
2263 3 2 1 6 1972 2095 2337 2336
2264 3 2 1 6 364 2336 2337 363
2265 3 2 1 6 362 363 2337 2107
2266 3 2 1 6 1959 2107 2337 2095
2267 3 2 1 6 1891 2126 2338 2268
2268 3 2 1 6 364 2268 2338 2336
2269 3 2 1 6 1972 2336 2338 2094
2270 3 2 1 6 1940 2094 2338 2126
2271 3 2 1 6 1967 2199 2339 2227
2272 3 2 1 6 1950 2227 2339 2266
2273 3 2 1 6 1951 2266 2339 2236
2274 3 2 1 6 1922 2236 2339 2199
2275 3 2 1 6 1982 2138 2340 2117
2276 3 2 1 6 1895 2117 2340 2294
2277 3 2 1 6 1974 2294 2340 2109
2278 3 2 1 6 1904 2109 2340 2138
2279 3 2 1 7 360 359 2342 2341
2280 3 2 1 7 388 2341 2342 387
2281 3 2 1 7 15 387 2342 386
2282 3 2 1 7 14 386 2342 359
2283 3 2 1 7 362 361 2344 2343
2284 3 2 1 7 390 2343 2344 389
2285 3 2 1 7 388 389 2344 2341
2286 3 2 1 7 360 2341 2344 361
2287 3 2 1 7 412 413 2346 2345
2288 3 2 1 7 384 2345 2346 385
2289 3 2 1 7 2 385 2346 68
2290 3 2 1 7 3 68 2346 413
2291 3 2 1 7 364 363 2348 2347
2292 3 2 1 7 392 2347 2348 391
2293 3 2 1 7 390 391 2348 2343
2294 3 2 1 7 362 2343 2348 363
2295 3 2 1 7 384 383 2350 2345
2296 3 2 1 7 412 2345 2350 411
2297 3 2 1 7 410 411 2350 2349
2298 3 2 1 7 382 2349 2350 383
2299 3 2 1 7 366 365 2352 2351
2300 3 2 1 7 394 2351 2352 393
2301 3 2 1 7 392 393 2352 2347
2302 3 2 1 7 364 2347 2352 365
2303 3 2 1 7 382 381 2354 2349
2304 3 2 1 7 410 2349 2354 409
2305 3 2 1 7 408 409 2354 2353
2306 3 2 1 7 380 2353 2354 381
2307 3 2 1 7 368 367 2356 2355
2308 3 2 1 7 396 2355 2356 395
2309 3 2 1 7 394 395 2356 2351
2310 3 2 1 7 366 2351 2356 367
2311 3 2 1 7 396 397 2358 2355
2312 3 2 1 7 368 2355 2358 369
2313 3 2 1 7 370 369 2358 2357
2314 3 2 1 7 398 2357 2358 397
2315 3 2 1 7 380 379 2360 2353
2316 3 2 1 7 408 2353 2360 407
2317 3 2 1 7 406 407 2360 2359
2318 3 2 1 7 378 2359 2360 379
2319 3 2 1 7 372 371 2362 2361
2320 3 2 1 7 400 2361 2362 399
2321 3 2 1 7 398 399 2362 2357
2322 3 2 1 7 370 2357 2362 371
2323 3 2 1 7 378 377 2364 2359
2324 3 2 1 7 406 2359 2364 405
2325 3 2 1 7 404 405 2364 2363
2326 3 2 1 7 376 2363 2364 377
2327 3 2 1 7 374 373 2366 2365
2328 3 2 1 7 402 2365 2366 401
2329 3 2 1 7 400 401 2366 2361
2330 3 2 1 7 372 2361 2366 373
2331 3 2 1 7 376 375 2367 2363
2332 3 2 1 7 404 2363 2367 403
2333 3 2 1 7 402 403 2367 2365
2334 3 2 1 7 374 2365 2367 375
2335 3 2 1 8 404 2385 2386 405
2336 3 2 1 8 406 405 2386 2384
2337 3 2 1 8 2382 2384 2386 2385
2338 3 2 1 8 434 2388 2389 433
2339 3 2 1 8 432 433 2389 2387
2340 3 2 1 8 2382 2387 2389 2388
2341 3 2 1 8 408 2391 2392 409
2342 3 2 1 8 410 409 2392 2390
2343 3 2 1 8 2370 2390 2392 2391
2344 3 2 1 8 436 2394 2395 435
2345 3 2 1 8 434 435 2395 2393
2346 3 2 1 8 2381 2393 2395 2394
2347 3 2 1 8 406 2397 2398 407
2348 3 2 1 8 408 407 2398 2396
2349 3 2 1 8 2381 2396 2398 2397
2350 3 2 1 8 118 2400 2401 119
2351 3 2 1 8 120 119 2401 2399
2352 3 2 1 8 2368 2399 2401 2400
2353 3 2 1 8 15 2403 2404 387
2354 3 2 1 8 388 387 2404 2402
2355 3 2 1 8 2373 2402 2404 2403
2356 3 2 1 8 388 2406 2407 389
2357 3 2 1 8 390 389 2407 2405
2358 3 2 1 8 2374 2405 2407 2406
2359 3 2 1 8 390 2409 2410 391
2360 3 2 1 8 392 391 2410 2408
2361 3 2 1 8 2375 2408 2410 2409
2362 3 2 1 8 392 2412 2413 393
2363 3 2 1 8 394 393 2413 2411
2364 3 2 1 8 2372 2411 2413 2412
2365 3 2 1 8 394 2415 2416 395
2366 3 2 1 8 396 395 2416 2414
2367 3 2 1 8 2376 2414 2416 2415
2368 3 2 1 8 396 2418 2419 397
2369 3 2 1 8 398 397 2419 2417
2370 3 2 1 8 2377 2417 2419 2418
2371 3 2 1 8 398 2421 2422 399
2372 3 2 1 8 400 399 2422 2420
2373 3 2 1 8 2371 2420 2422 2421
2374 3 2 1 8 400 2424 2425 401
2375 3 2 1 8 402 401 2425 2423
2376 3 2 1 8 2378 2423 2425 2424
2377 3 2 1 8 402 2427 2428 403
2378 3 2 1 8 404 403 2428 2426
2379 3 2 1 8 2379 2426 2428 2427
2380 3 2 1 8 418 2430 2431 417
2381 3 2 1 8 416 417 2431 2429
2382 3 2 1 8 2374 2429 2431 2430
2383 3 2 1 8 420 2433 2434 419
2384 3 2 1 8 418 419 2434 2432
2385 3 2 1 8 2375 2432 2434 2433
2386 3 2 1 8 422 2436 2437 421
2387 3 2 1 8 420 421 2437 2435
2388 3 2 1 8 2372 2435 2437 2436
2389 3 2 1 8 424 2439 2440 423
2390 3 2 1 8 422 423 2440 2438
2391 3 2 1 8 2376 2438 2440 2439
2392 3 2 1 8 426 2442 2443 425
2393 3 2 1 8 424 425 2443 2441
2394 3 2 1 8 2377 2441 2443 2442
2395 3 2 1 8 428 2445 2446 427
2396 3 2 1 8 426 427 2446 2444
2397 3 2 1 8 2371 2444 2446 2445
2398 3 2 1 8 430 2448 2449 429
2399 3 2 1 8 428 429 2449 2447
2400 3 2 1 8 2378 2447 2449 2448
2401 3 2 1 8 432 2451 2452 431
2402 3 2 1 8 430 431 2452 2450
2403 3 2 1 8 2379 2450 2452 2451
2404 3 2 1 8 434 2393 2453 2388
2405 3 2 1 8 2382 2388 2453 2384
2406 3 2 1 8 406 2384 2453 2397
2407 3 2 1 8 2381 2397 2453 2393
2408 3 2 1 8 2370 2391 2455 2454
2409 3 2 1 8 436 2454 2455 2394
2410 3 2 1 8 2381 2394 2455 2396
2411 3 2 1 8 408 2396 2455 2391
2412 3 2 1 8 440 441 2458 2456
2413 3 2 1 8 2380 2456 2458 2457
2414 3 2 1 8 122 2457 2458 123
2415 3 2 1 8 5 123 2458 441
2416 3 2 1 8 404 2426 2459 2385
2417 3 2 1 8 2382 2385 2459 2387
2418 3 2 1 8 432 2387 2459 2451
2419 3 2 1 8 2379 2451 2459 2426
2420 3 2 1 8 2380 2457 2461 2460
2421 3 2 1 8 2368 2460 2461 2399
2422 3 2 1 8 120 2399 2461 121
2423 3 2 1 8 122 121 2461 2457
2424 3 2 1 8 118 117 2463 2400
2425 3 2 1 8 2368 2400 2463 2462
2426 3 2 1 8 412 2462 2463 413
2427 3 2 1 8 3 413 2463 117
2428 3 2 1 8 440 2456 2466 439
2429 3 2 1 8 438 439 2466 2464
2430 3 2 1 8 2369 2464 2466 2465
2431 3 2 1 8 2380 2465 2466 2456
2432 3 2 1 8 402 2423 2467 2427
2433 3 2 1 8 2379 2427 2467 2450
2434 3 2 1 8 430 2450 2467 2448
2435 3 2 1 8 2378 2448 2467 2423
2436 3 2 1 8 400 2420 2468 2424
2437 3 2 1 8 2378 2424 2468 2447
2438 3 2 1 8 428 2447 2468 2445
2439 3 2 1 8 2371 2445 2468 2420
2440 3 2 1 8 396 2414 2469 2418
2441 3 2 1 8 2377 2418 2469 2441
2442 3 2 1 8 424 2441 2469 2439
2443 3 2 1 8 2376 2439 2469 2414
2444 3 2 1 8 394 2411 2470 2415
2445 3 2 1 8 2376 2415 2470 2438
2446 3 2 1 8 422 2438 2470 2436
2447 3 2 1 8 2372 2436 2470 2411
2448 3 2 1 8 390 2405 2471 2409
2449 3 2 1 8 2375 2409 2471 2432
2450 3 2 1 8 418 2432 2471 2430
2451 3 2 1 8 2374 2430 2471 2405
2452 3 2 1 8 388 2402 2473 2406
2453 3 2 1 8 2374 2406 2473 2429
2454 3 2 1 8 416 2429 2473 2472
2455 3 2 1 8 2373 2472 2473 2402
2456 3 2 1 8 398 2417 2474 2421
2457 3 2 1 8 2371 2421 2474 2444
2458 3 2 1 8 426 2444 2474 2442
2459 3 2 1 8 2377 2442 2474 2417
2460 3 2 1 8 420 2435 2475 2433
2461 3 2 1 8 2375 2433 2475 2408
2462 3 2 1 8 392 2408 2475 2412
2463 3 2 1 8 2372 2412 2475 2435
2464 3 2 1 8 2369 2478 2479 2476
2465 3 2 1 8 2370 2476 2479 2390
2466 3 2 1 8 410 2390 2479 2477
2467 3 2 1 8 2383 2477 2479 2478
2468 3 2 1 8 2380 2460 2481 2465
2469 3 2 1 8 2369 2465 2481 2478
2470 3 2 1 8 2383 2478 2481 2480
2471 3 2 1 8 2368 2480 2481 2460
2472 3 2 1 8 2370 2454 2482 2476
2473 3 2 1 8 2369 2476 2482 2464
2474 3 2 1 8 438 2464 2482 437
2475 3 2 1 8 436 437 2482 2454
2476 3 2 1 8 412 411 2483 2462
2477 3 2 1 8 2368 2462 2483 2480
2478 3 2 1 8 2383 2480 2483 2477
2479 3 2 1 8 410 2477 2483 411
2480 3 2 1 8 2373 2403 2484 2472
2481 3 2 1 8 416 2472 2484 415
2482 3 2 1 8 16 415 2484 414
2483 3 2 1 8 15 414 2484 2403
2484 3 2 1 9 16 442 2486 415
2485 3 2 1 9 416 415 2486 2485
2486 3 2 1 9 444 2485 2486 443
2487 3 2 1 9 17 443 2486 442
2488 3 2 1 9 446 2487 2488 445
2489 3 2 1 9 444 445 2488 2485
2490 3 2 1 9 416 2485 2488 417
2491 3 2 1 9 418 417 2488 2487
2492 3 2 1 9 7 178 2490 469
2493 3 2 1 9 468 469 2490 2489
2494 3 2 1 9 440 2489 2490 441
2495 3 2 1 9 5 441 2490 178
2496 3 2 1 9 448 2491 2492 447
2497 3 2 1 9 446 447 2492 2487
2498 3 2 1 9 418 2487 2492 419
2499 3 2 1 9 420 419 2492 2491
2500 3 2 1 9 468 2489 2494 467
2501 3 2 1 9 466 467 2494 2493
2502 3 2 1 9 438 2493 2494 439
2503 3 2 1 9 440 439 2494 2489
2504 3 2 1 9 450 2495 2496 449
2505 3 2 1 9 448 449 2496 2491
2506 3 2 1 9 420 2491 2496 421
2507 3 2 1 9 422 421 2496 2495
2508 3 2 1 9 466 2493 2498 465
2509 3 2 1 9 464 465 2498 2497
2510 3 2 1 9 436 2497 2498 437
2511 3 2 1 9 438 437 2498 2493
2512 3 2 1 9 452 2499 2500 451
2513 3 2 1 9 450 451 2500 2495
2514 3 2 1 9 422 2495 2500 423
2515 3 2 1 9 424 423 2500 2499
2516 3 2 1 9 454 2501 2502 453
2517 3 2 1 9 452 453 2502 2499
2518 3 2 1 9 424 2499 2502 425
2519 3 2 1 9 426 425 2502 2501
2520 3 2 1 9 464 2497 2504 463
2521 3 2 1 9 462 463 2504 2503
2522 3 2 1 9 434 2503 2504 435
2523 3 2 1 9 436 435 2504 2497
2524 3 2 1 9 456 2505 2506 455
2525 3 2 1 9 454 455 2506 2501
2526 3 2 1 9 426 2501 2506 427
2527 3 2 1 9 428 427 2506 2505
2528 3 2 1 9 462 2503 2508 461
2529 3 2 1 9 460 461 2508 2507
2530 3 2 1 9 432 2507 2508 433
2531 3 2 1 9 434 433 2508 2503
2532 3 2 1 9 458 2509 2510 457
2533 3 2 1 9 456 457 2510 2505
2534 3 2 1 9 428 2505 2510 429
2535 3 2 1 9 430 429 2510 2509
2536 3 2 1 9 460 2507 2511 459
2537 3 2 1 9 458 459 2511 2509
2538 3 2 1 9 430 2509 2511 431
2539 3 2 1 9 432 431 2511 2507
2540 3 2 1 10 2530 2610 2611 2608
2541 3 2 1 10 2533 2608 2611 2609
2542 3 2 1 10 2562 2609 2611 2610
2543 3 2 1 10 458 2613 2614 459
2544 3 2 1 10 460 459 2614 2612
2545 3 2 1 10 2594 2612 2614 2613
2546 3 2 1 10 285 2616 2617 286
2547 3 2 1 10 287 286 2617 2615
2548 3 2 1 10 2529 2615 2617 2616
2549 3 2 1 10 2545 2620 2621 2618
2550 3 2 1 10 2550 2618 2621 2619
2551 3 2 1 10 2559 2619 2621 2620
2552 3 2 1 10 490 2623 2624 489
2553 3 2 1 10 488 489 2624 2622
2554 3 2 1 10 2564 2622 2624 2623
2555 3 2 1 10 2554 2627 2628 2625
2556 3 2 1 10 2552 2625 2628 2626
2557 3 2 1 10 2560 2626 2628 2627
2558 3 2 1 10 500 2630 2631 499
2559 3 2 1 10 498 499 2631 2629
2560 3 2 1 10 2565 2629 2631 2630
2561 3 2 1 10 492 2633 2634 491
2562 3 2 1 10 490 491 2634 2632
2563 3 2 1 10 2513 2632 2634 2633
2564 3 2 1 10 462 2636 2637 463
2565 3 2 1 10 464 463 2637 2635
2566 3 2 1 10 2561 2635 2637 2636
2567 3 2 1 10 2538 2640 2641 2638
2568 3 2 1 10 2537 2638 2641 2639
2569 3 2 1 10 2539 2639 2641 2640
2570 3 2 1 10 477 2643 2644 476
2571 3 2 1 10 475 476 2644 2642
2572 3 2 1 10 2514 2642 2644 2643
2573 3 2 1 10 2536 2647 2648 2645
2574 3 2 1 10 2535 2645 2648 2646
2575 3 2 1 10 2537 2646 2648 2647
2576 3 2 1 10 475 2650 2651 474
2577 3 2 1 10 473 474 2651 2649
2578 3 2 1 10 2577 2649 2651 2650
2579 3 2 1 10 2539 2654 2655 2652
2580 3 2 1 10 2547 2652 2655 2653
2581 3 2 1 10 2548 2653 2655 2654
2582 3 2 1 10 2567 2658 2659 2656
2583 3 2 1 10 2568 2656 2659 2657
2584 3 2 1 10 2591 2657 2659 2658
2585 3 2 1 10 2565 2662 2663 2660
2586 3 2 1 10 2566 2660 2663 2661
2587 3 2 1 10 2606 2661 2663 2662
2588 3 2 1 10 2558 2666 2667 2664
2589 3 2 1 10 2594 2664 2667 2665
2590 3 2 1 10 2599 2665 2667 2666
2591 3 2 1 10 456 2669 2670 457
2592 3 2 1 10 458 457 2670 2668
2593 3 2 1 10 2595 2668 2670 2669
2594 3 2 1 10 2575 2673 2674 2671
2595 3 2 1 10 2525 2671 2674 2672
2596 3 2 1 10 2601 2672 2674 2673
2597 3 2 1 10 2585 2677 2678 2675
2598 3 2 1 10 2513 2675 2678 2676
2599 3 2 1 10 2589 2676 2678 2677
2600 3 2 1 10 2526 2681 2682 2679
2601 3 2 1 10 2524 2679 2682 2680
2602 3 2 1 10 2600 2680 2682 2681
2603 3 2 1 10 2589 2685 2686 2683
2604 3 2 1 10 2564 2683 2686 2684
2605 3 2 1 10 2603 2684 2686 2685
2606 3 2 1 10 2521 2689 2690 2687
2607 3 2 1 10 2600 2687 2690 2688
2608 3 2 1 10 2604 2688 2690 2689
2609 3 2 1 10 2526 2693 2694 2691
2610 3 2 1 10 2590 2691 2694 2692
2611 3 2 1 10 2605 2692 2694 2693
2612 3 2 1 10 2571 2698 2699 2695
2613 3 2 1 10 2587 2695 2699 2696
2614 3 2 1 10 2528 2696 2699 2697
2615 3 2 1 10 2593 2697 2699 2698
2616 3 2 1 10 2558 2664 2701 2700
2617 3 2 1 10 2595 2700 2701 2668
2618 3 2 1 10 458 2668 2701 2613
2619 3 2 1 10 2594 2613 2701 2664
2620 3 2 1 10 2523 2704 2705 2702
2621 3 2 1 10 2586 2702 2705 2703
2622 3 2 1 10 2554 2703 2705 2627
2623 3 2 1 10 2560 2627 2705 2704
2624 3 2 1 10 2520 2709 2710 2706
2625 3 2 1 10 2593 2706 2710 2707
2626 3 2 1 10 2527 2707 2710 2708
2627 3 2 1 10 283 2708 2710 2709
2628 3 2 1 10 2565 2630 2713 2662
2629 3 2 1 10 2606 2662 2713 2711
2630 3 2 1 10 2522 2711 2713 2712
2631 3 2 1 10 500 2712 2713 2630
2632 3 2 1 10 293 292 2717 2714
2633 3 2 1 10 2597 2714 2717 2715
2634 3 2 1 10 2580 2715 2717 2716
2635 3 2 1 10 291 2716 2717 292
2636 3 2 1 10 2581 2720 2721 2718
2637 3 2 1 10 2512 2718 2721 2719
2638 3 2 1 10 2591 2719 2721 2657
2639 3 2 1 10 2568 2657 2721 2720
2640 3 2 1 10 2557 2724 2725 2722
2641 3 2 1 10 2606 2722 2725 2661
2642 3 2 1 10 2566 2661 2725 2723
2643 3 2 1 10 2578 2723 2725 2724
2644 3 2 1 10 2523 2728 2729 2726
2645 3 2 1 10 2598 2726 2729 2727
2646 3 2 1 10 444 2727 2729 445
2647 3 2 1 10 446 445 2729 2728
2648 3 2 1 10 2517 2732 2733 2730
2649 3 2 1 10 2592 2730 2733 2731
2650 3 2 1 10 2566 2731 2733 2660
2651 3 2 1 10 2565 2660 2733 2732
2652 3 2 1 10 2518 2736 2737 2734
2653 3 2 1 10 2596 2734 2737 2735
2654 3 2 1 10 2554 2735 2737 2703
2655 3 2 1 10 2586 2703 2737 2736
2656 3 2 1 10 2521 2739 2740 2689
2657 3 2 1 10 2604 2689 2740 2738
2658 3 2 1 10 2561 2738 2740 2635
2659 3 2 1 10 464 2635 2740 2739
2660 3 2 1 10 2559 2620 2744 2741
2661 3 2 1 10 2602 2741 2744 2742
2662 3 2 1 10 2563 2742 2744 2743
2663 3 2 1 10 2545 2743 2744 2620
2664 3 2 1 10 2555 2747 2748 2745
2665 3 2 1 10 2592 2745 2748 2730
2666 3 2 1 10 2517 2730 2748 2746
2667 3 2 1 10 2607 2746 2748 2747
2668 3 2 1 10 2600 2681 2750 2687
2669 3 2 1 10 2521 2687 2750 2749
2670 3 2 1 10 2590 2749 2750 2691
2671 3 2 1 10 2526 2691 2750 2681
2672 3 2 1 10 2525 2752 2753 2751
2673 3 2 1 10 2603 2751 2753 2684
2674 3 2 1 10 2564 2684 2753 2622
2675 3 2 1 10 488 2622 2753 2752
2676 3 2 1 10 2551 2757 2758 2754
2677 3 2 1 10 2596 2754 2758 2755
2678 3 2 1 10 2569 2755 2758 2756
2679 3 2 1 10 2542 2756 2758 2757
2680 3 2 1 10 2558 2761 2762 2666
2681 3 2 1 10 2599 2666 2762 2759
2682 3 2 1 10 2553 2759 2762 2760
2683 3 2 1 10 2546 2760 2762 2761
2684 3 2 1 10 2567 2765 2766 2658
2685 3 2 1 10 2591 2658 2766 2763
2686 3 2 1 10 2574 2763 2766 2764
2687 3 2 1 10 2536 2764 2766 2765
2688 3 2 1 10 2514 2643 2770 2767
2689 3 2 1 10 2602 2767 2770 2768
2690 3 2 1 10 2573 2768 2770 2769
2691 3 2 1 10 477 2769 2770 2643
2692 3 2 1 10 2575 2772 2773 2673
2693 3 2 1 10 2601 2673 2773 2771
2694 3 2 1 10 483 2771 2773 482
2695 3 2 1 10 481 482 2773 2772
2696 3 2 1 10 2519 2775 2776 2774
2697 3 2 1 10 2575 2774 2776 2772
2698 3 2 1 10 481 2772 2776 480
2699 3 2 1 10 479 480 2776 2775
2700 3 2 1 10 471 472 2780 2777
2701 3 2 1 10 2598 2777 2780 2778
2702 3 2 1 10 2582 2778 2780 2779
2703 3 2 1 10 473 2779 2780 472
2704 3 2 1 10 468 467 2783 2781
2705 3 2 1 10 2605 2781 2783 2692
2706 3 2 1 10 2590 2692 2783 2782
2707 3 2 1 10 466 2782 2783 467
2708 3 2 1 10 2574 2787 2788 2784
2709 3 2 1 10 2579 2784 2788 2785
2710 3 2 1 10 2546 2785 2788 2786
2711 3 2 1 10 2534 2786 2788 2787
2712 3 2 1 10 2548 2654 2792 2789
2713 3 2 1 10 2585 2789 2792 2790
2714 3 2 1 10 2576 2790 2792 2791
2715 3 2 1 10 2539 2791 2792 2654
2716 3 2 1 10 2553 2795 2796 2793
2717 3 2 1 10 2571 2793 2796 2794
2718 3 2 1 10 2562 2794 2796 2609
2719 3 2 1 10 2533 2609 2796 2795
2720 3 2 1 10 2567 2656 2800 2797
2721 3 2 1 10 2538 2797 2800 2798
2722 3 2 1 10 2541 2798 2800 2799
2723 3 2 1 10 2568 2799 2800 2656
2724 3 2 1 10 2563 2804 2805 2801
2725 3 2 1 10 2588 2801 2805 2802
2726 3 2 1 10 2552 2802 2805 2803
2727 3 2 1 10 2544 2803 2805 2804
2728 3 2 1 10 2556 2809 2810 2806
2729 3 2 1 10 2557 2806 2810 2807
2730 3 2 1 10 2531 2807 2810 2808
2731 3 2 1 10 2515 2808 2810 2809
2732 3 2 1 10 2594 2665 2813 2612
2733 3 2 1 10 460 2612 2813 2811
2734 3 2 1 10 2516 2811 2813 2812
2735 3 2 1 10 2599 2812 2813 2665
2736 3 2 1 10 2515 2809 2816 2814
2737 3 2 1 10 287 2814 2816 288
2738 3 2 1 10 289 288 2816 2815
2739 3 2 1 10 2556 2815 2816 2809
2740 3 2 1 10 2536 2765 2817 2647
2741 3 2 1 10 2537 2647 2817 2638
2742 3 2 1 10 2538 2638 2817 2797
2743 3 2 1 10 2567 2797 2817 2765
2744 3 2 1 10 2537 2639 2820 2818
2745 3 2 1 10 2583 2818 2820 2819
2746 3 2 1 10 2547 2819 2820 2652
2747 3 2 1 10 2539 2652 2820 2639
2748 3 2 1 10 2579 2821 2822 2784
2749 3 2 1 10 2574 2784 2822 2763
2750 3 2 1 10 2591 2763 2822 2719
2751 3 2 1 10 2512 2719 2822 2821
2752 3 2 1 10 2540 2825 2826 2823
2753 3 2 1 10 2542 2823 2826 2824
2754 3 2 1 10 2541 2824 2826 2798
2755 3 2 1 10 2538 2798 2826 2825
2756 3 2 1 10 2534 2787 2828 2827
2757 3 2 1 10 2535 2827 2828 2645
2758 3 2 1 10 2536 2645 2828 2764
2759 3 2 1 10 2574 2764 2828 2787
2760 3 2 1 10 2545 2618 2832 2829
2761 3 2 1 10 2543 2829 2832 2830
2762 3 2 1 10 2549 2830 2832 2831
2763 3 2 1 10 2550 2831 2832 2618
2764 3 2 1 10 2576 2835 2836 2833
2765 3 2 1 10 2549 2833 2836 2830
2766 3 2 1 10 2543 2830 2836 2834
2767 3 2 1 10 2540 2834 2836 2835
2768 3 2 1 10 2542 2838 2839 2823
2769 3 2 1 10 2540 2823 2839 2834
2770 3 2 1 10 2543 2834 2839 2837
2771 3 2 1 10 2544 2837 2839 2838
2772 3 2 1 10 2544 2804 2840 2837
2773 3 2 1 10 2543 2837 2840 2829
2774 3 2 1 10 2545 2829 2840 2743
2775 3 2 1 10 2563 2743 2840 2804
2776 3 2 1 10 486 487 2842 2841
2777 3 2 1 10 2601 2841 2842 2672
2778 3 2 1 10 2525 2672 2842 2752
2779 3 2 1 10 488 2752 2842 487
2780 3 2 1 10 2535 2845 2846 2827
2781 3 2 1 10 2534 2827 2846 2843
2782 3 2 1 10 2532 2843 2846 2844
2783 3 2 1 10 2578 2844 2846 2845
2784 3 2 1 10 2583 2847 2848 2818
2785 3 2 1 10 2537 2818 2848 2646
2786 3 2 1 10 2535 2646 2848 2845
2787 3 2 1 10 2578 2845 2848 2847
2788 3 2 1 10 2520 2706 2850 2849
2789 3 2 1 10 2562 2849 2850 2794
2790 3 2 1 10 2571 2794 2850 2698
2791 3 2 1 10 2593 2698 2850 2706
2792 3 2 1 10 2539 2640 2851 2791
2793 3 2 1 10 2576 2791 2851 2835
2794 3 2 1 10 2540 2835 2851 2825
2795 3 2 1 10 2538 2825 2851 2640
2796 3 2 1 10 291 290 2853 2716
2797 3 2 1 10 2580 2716 2853 2852
2798 3 2 1 10 2556 2852 2853 2815
2799 3 2 1 10 289 2815 2853 290
2800 3 2 1 10 2559 2856 2857 2619
2801 3 2 1 10 2550 2619 2857 2854
2802 3 2 1 10 2584 2854 2857 2855
2803 3 2 1 10 2519 2855 2857 2856
2804 3 2 1 10 7 469 2859 276
2805 3 2 1 10 277 276 2859 2858
2806 3 2 1 10 2605 2858 2859 2781
2807 3 2 1 10 468 2781 2859 469
2808 3 2 1 10 2577 2650 2862 2860
2809 3 2 1 10 2588 2860 2862 2861
2810 3 2 1 10 2514 2861 2862 2642
2811 3 2 1 10 475 2642 2862 2650
2812 3 2 1 10 2582 2779 2865 2863
2813 3 2 1 10 2560 2863 2865 2864
2814 3 2 1 10 2577 2864 2865 2649
2815 3 2 1 10 473 2649 2865 2779
2816 3 2 1 10 2588 2802 2866 2860
2817 3 2 1 10 2577 2860 2866 2864
2818 3 2 1 10 2560 2864 2866 2626
2819 3 2 1 10 2552 2626 2866 2802
2820 3 2 1 10 2532 2868 2869 2843
2821 3 2 1 10 2534 2843 2869 2867
2822 3 2 1 10 2533 2867 2869 2608
2823 3 2 1 10 2530 2608 2869 2868
2824 3 2 1 10 2564 2623 2870 2683
2825 3 2 1 10 2589 2683 2870 2676
2826 3 2 1 10 2513 2676 2870 2632
2827 3 2 1 10 490 2632 2870 2623
2828 3 2 1 10 2570 2873 2874 2871
2829 3 2 1 10 2581 2871 2874 2720
2830 3 2 1 10 2568 2720 2874 2872
2831 3 2 1 10 2569 2872 2874 2873
2832 3 2 1 10 2533 2795 2875 2867
2833 3 2 1 10 2534 2867 2875 2786
2834 3 2 1 10 2546 2786 2875 2760
2835 3 2 1 10 2553 2760 2875 2795
2836 3 2 1 10 2579 2785 2877 2876
2837 3 2 1 10 2595 2876 2877 2700
2838 3 2 1 10 2558 2700 2877 2761
2839 3 2 1 10 2546 2761 2877 2785
2840 3 2 1 10 2562 2610 2880 2849
2841 3 2 1 10 2520 2849 2880 2878
2842 3 2 1 10 2529 2878 2880 2879
2843 3 2 1 10 2530 2879 2880 2610
2844 3 2 1 10 2599 2759 2882 2881
2845 3 2 1 10 2587 2881 2882 2695
2846 3 2 1 10 2571 2695 2882 2793
2847 3 2 1 10 2553 2793 2882 2759
2848 3 2 1 10 2573 2769 2884 2883
2849 3 2 1 10 2519 2883 2884 2775
2850 3 2 1 10 479 2775 2884 478
2851 3 2 1 10 477 478 2884 2769
2852 3 2 1 10 2570 2887 2888 2885
2853 3 2 1 10 2518 2885 2888 2886
2854 3 2 1 10 450 2886 2888 451
2855 3 2 1 10 452 451 2888 2887
2856 3 2 1 10 2529 2879 2890 2615
2857 3 2 1 10 287 2615 2890 2814
2858 3 2 1 10 2515 2814 2890 2889
2859 3 2 1 10 2530 2889 2890 2879
2860 3 2 1 10 2557 2722 2892 2806
2861 3 2 1 10 2556 2806 2892 2852
2862 3 2 1 10 2580 2852 2892 2891
2863 3 2 1 10 2606 2891 2892 2722
2864 3 2 1 10 498 2629 2894 497
2865 3 2 1 10 496 497 2894 2893
2866 3 2 1 10 2517 2893 2894 2732
2867 3 2 1 10 2565 2732 2894 2629
2868 3 2 1 10 2530 2868 2896 2889
2869 3 2 1 10 2515 2889 2896 2808
2870 3 2 1 10 2531 2808 2896 2895
2871 3 2 1 10 2532 2895 2896 2868
2872 3 2 1 10 2585 2790 2898 2677
2873 3 2 1 10 2589 2677 2898 2897
2874 3 2 1 10 2549 2897 2898 2833
2875 3 2 1 10 2576 2833 2898 2790
2876 3 2 1 10 2512 2900 2901 2718
2877 3 2 1 10 2581 2718 2901 2899
2878 3 2 1 10 454 2899 2901 455
2879 3 2 1 10 456 455 2901 2900
2880 3 2 1 10 2527 2903 2904 2707
2881 3 2 1 10 2593 2707 2904 2697
2882 3 2 1 10 2528 2697 2904 2902
2883 3 2 1 10 2524 2902 2904 2903
2884 3 2 1 10 2526 2905 2906 2693
2885 3 2 1 10 2605 2693 2906 2858
2886 3 2 1 10 277 2858 2906 278
2887 3 2 1 10 279 278 2906 2905
2888 3 2 1 10 2589 2897 2908 2685
2889 3 2 1 10 2603 2685 2908 2907
2890 3 2 1 10 2550 2907 2908 2831
2891 3 2 1 10 2549 2831 2908 2897
2892 3 2 1 10 492 493 2911 2633
2893 3 2 1 10 2513 2633 2911 2909
2894 3 2 1 10 2572 2909 2911 2910
2895 3 2 1 10 494 2910 2911 493
2896 3 2 1 10 2551 2912 2913 2757
2897 3 2 1 10 2542 2757 2913 2838
2898 3 2 1 10 2544 2838 2913 2803
2899 3 2 1 10 2552 2803 2913 2912
2900 3 2 1 10 2584 2855 2915 2914
2901 3 2 1 10 2525 2914 2915 2671
2902 3 2 1 10 2575 2671 2915 2774
2903 3 2 1 10 2519 2774 2915 2855
2904 3 2 1 10 2548 2918 2919 2653
2905 3 2 1 10 2547 2653 2919 2916
2906 3 2 1 10 2555 2916 2919 2917
2907 3 2 1 10 2572 2917 2919 2918
2908 3 2 1 10 466 465 2920 2782
2909 3 2 1 10 2590 2782 2920 2749
2910 3 2 1 10 2521 2749 2920 2739
2911 3 2 1 10 464 2739 2920 465
2912 3 2 1 10 2528 2902 2922 2921
2913 3 2 1 10 2604 2921 2922 2688
2914 3 2 1 10 2600 2688 2922 2680
2915 3 2 1 10 2524 2680 2922 2902
2916 3 2 1 10 2569 2756 2923 2872
2917 3 2 1 10 2568 2872 2923 2799
2918 3 2 1 10 2541 2799 2923 2824
2919 3 2 1 10 2542 2824 2923 2756
2920 3 2 1 10 2524 2924 2925 2679
2921 3 2 1 10 2526 2679 2925 2905
2922 3 2 1 10 279 2905 2925 280
2923 3 2 1 10 281 280 2925 2924
2924 3 2 1 10 2531 2895 2926 2807
2925 3 2 1 10 2557 2807 2926 2724
2926 3 2 1 10 2578 2724 2926 2844
2927 3 2 1 10 2532 2844 2926 2895
2928 3 2 1 10 2518 2886 2928 2736
2929 3 2 1 10 2586 2736 2928 2927
2930 3 2 1 10 448 2927 2928 449
2931 3 2 1 10 450 449 2928 2886
2932 3 2 1 10 2522 2712 2931 2929
2933 3 2 1 10 2597 2929 2931 2930
2934 3 2 1 10 502 2930 2931 501
2935 3 2 1 10 500 501 2931 2712
2936 3 2 1 10 452 2887 2932 453
2937 3 2 1 10 454 453 2932 2899
2938 3 2 1 10 2581 2899 2932 2871
2939 3 2 1 10 2570 2871 2932 2887
2940 3 2 1 10 2554 2625 2933 2735
2941 3 2 1 10 2596 2735 2933 2754
2942 3 2 1 10 2551 2754 2933 2912
2943 3 2 1 10 2552 2912 2933 2625
2944 3 2 1 10 2572 2918 2934 2909
2945 3 2 1 10 2513 2909 2934 2675
2946 3 2 1 10 2585 2675 2934 2789
2947 3 2 1 10 2548 2789 2934 2918
2948 3 2 1 10 285 284 2935 2616
2949 3 2 1 10 2529 2616 2935 2878
2950 3 2 1 10 2520 2878 2935 2709
2951 3 2 1 10 283 2709 2935 284
2952 3 2 1 10 2566 2723 2937 2731
2953 3 2 1 10 2592 2731 2937 2936
2954 3 2 1 10 2583 2936 2937 2847
2955 3 2 1 10 2578 2847 2937 2723
2956 3 2 1 10 2587 2939 2940 2881
2957 3 2 1 10 2599 2881 2940 2812
2958 3 2 1 10 2516 2812 2940 2938
2959 3 2 1 10 2561 2938 2940 2939
2960 3 2 1 10 2602 2742 2941 2767
2961 3 2 1 10 2514 2767 2941 2861
2962 3 2 1 10 2588 2861 2941 2801
2963 3 2 1 10 2563 2801 2941 2742
2964 3 2 1 10 2582 2863 2942 2778
2965 3 2 1 10 2598 2778 2942 2726
2966 3 2 1 10 2523 2726 2942 2704
2967 3 2 1 10 2560 2704 2942 2863
2968 3 2 1 10 462 461 2943 2636
2969 3 2 1 10 2561 2636 2943 2938
2970 3 2 1 10 2516 2938 2943 2811
2971 3 2 1 10 460 2811 2943 461
2972 3 2 1 10 2598 2727 2944 2777
2973 3 2 1 10 471 2777 2944 470
2974 3 2 1 10 17 470 2944 443
2975 3 2 1 10 444 443 2944 2727
2976 3 2 1 10 2573 2883 2945 2768
2977 3 2 1 10 2602 2768 2945 2741
2978 3 2 1 10 2559 2741 2945 2856
2979 3 2 1 10 2519 2856 2945 2883
2980 3 2 1 10 2580 2891 2946 2715
2981 3 2 1 10 2597 2715 2946 2929
2982 3 2 1 10 2522 2929 2946 2711
2983 3 2 1 10 2606 2711 2946 2891
2984 3 2 1 10 2597 2930 2947 2714
2985 3 2 1 10 293 2714 2947 294
2986 3 2 1 10 11 294 2947 503
2987 3 2 1 10 502 503 2947 2930
2988 3 2 1 10 2527 2708 2948 2903
2989 3 2 1 10 2524 2903 2948 2924
2990 3 2 1 10 281 2924 2948 282
2991 3 2 1 10 283 282 2948 2708
2992 3 2 1 10 2512 2821 2949 2900
2993 3 2 1 10 456 2900 2949 2669
2994 3 2 1 10 2595 2669 2949 2876
2995 3 2 1 10 2579 2876 2949 2821
2996 3 2 1 10 446 2728 2950 447
2997 3 2 1 10 448 447 2950 2927
2998 3 2 1 10 2586 2927 2950 2702
2999 3 2 1 10 2523 2702 2950 2728
3000 3 2 1 10 2592 2936 2951 2745
3001 3 2 1 10 2555 2745 2951 2916
3002 3 2 1 10 2547 2916 2951 2819
3003 3 2 1 10 2583 2819 2951 2936
3004 3 2 1 10 2607 2747 2953 2952
3005 3 2 1 10 494 2952 2953 2910
3006 3 2 1 10 2572 2910 2953 2917
3007 3 2 1 10 2555 2917 2953 2747
3008 3 2 1 10 2570 2885 2954 2873
3009 3 2 1 10 2569 2873 2954 2755
3010 3 2 1 10 2596 2755 2954 2734
3011 3 2 1 10 2518 2734 2954 2885
3012 3 2 1 10 18 485 2955 484
3013 3 2 1 10 483 484 2955 2771
3014 3 2 1 10 2601 2771 2955 2841
3015 3 2 1 10 486 2841 2955 485
3016 3 2 1 10 2604 2738 2956 2921
3017 3 2 1 10 2528 2921 2956 2696
3018 3 2 1 10 2587 2696 2956 2939
3019 3 2 1 10 2561 2939 2956 2738
3020 3 2 1 10 2584 2914 2957 2854
3021 3 2 1 10 2550 2854 2957 2907
3022 3 2 1 10 2603 2907 2957 2751
3023 3 2 1 10 2525 2751 2957 2914
3024 3 2 1 10 496 2893 2958 495
3025 3 2 1 10 494 495 2958 2952
3026 3 2 1 10 2607 2952 2958 2746
3027 3 2 1 10 2517 2746 2958 2893
3028 3 2 1 11 523 524 2960 2959
3029 3 2 1 11 274 2959 2960 275
3030 3 2 1 11 9 275 2960 504
3031 3 2 1 11 19 504 2960 524
3032 3 2 1 11 274 273 2962 2959
3033 3 2 1 11 523 2959 2962 522
3034 3 2 1 11 521 522 2962 2961
3035 3 2 1 11 272 2961 2962 273
3036 3 2 1 11 258 257 2964 2963
3037 3 2 1 11 507 2963 2964 506
3038 3 2 1 11 20 506 2964 505
3039 3 2 1 11 1 505 2964 257
3040 3 2 1 11 272 271 2966 2961
3041 3 2 1 11 521 2961 2966 520
3042 3 2 1 11 519 520 2966 2965
3043 3 2 1 11 270 2965 2966 271
3044 3 2 1 11 260 259 2968 2967
3045 3 2 1 11 509 2967 2968 508
3046 3 2 1 11 507 508 2968 2963
3047 3 2 1 11 258 2963 2968 259
3048 3 2 1 11 262 261 2970 2969
3049 3 2 1 11 511 2969 2970 510
3050 3 2 1 11 509 510 2970 2967
3051 3 2 1 11 260 2967 2970 261
3052 3 2 1 11 270 269 2972 2965
3053 3 2 1 11 519 2965 2972 518
3054 3 2 1 11 517 518 2972 2971
3055 3 2 1 11 268 2971 2972 269
3056 3 2 1 11 264 263 2974 2973
3057 3 2 1 11 513 2973 2974 512
3058 3 2 1 11 511 512 2974 2969
3059 3 2 1 11 262 2969 2974 263
3060 3 2 1 11 266 265 2976 2975
3061 3 2 1 11 515 2975 2976 514
3062 3 2 1 11 513 514 2976 2973
3063 3 2 1 11 264 2973 2976 265
3064 3 2 1 11 268 267 2977 2971
3065 3 2 1 11 517 2971 2977 516
3066 3 2 1 11 515 516 2977 2975
3067 3 2 1 11 266 2975 2977 267
3068 3 2 1 12 4 525 2978 116
3069 3 2 1 12 1 116 2978 505
3070 3 2 1 12 20 505 2978 526
3071 3 2 1 12 21 526 2978 525
3072 3 2 2 13 533 534 2980 2979
3073 3 2 2 13 176 2979 2980 177
3074 3 2 2 13 4 177 2980 525
3075 3 2 2 13 21 525 2980 534
3076 3 2 2 13 176 175 2982 2979
3077 3 2 2 13 533 2979 2982 532
3078 3 2 2 13 531 532 2982 2981
3079 3 2 2 13 174 2981 2982 175
3080 3 2 2 13 6 527 2984 171
3081 3 2 2 13 172 171 2984 2983
3082 3 2 2 13 529 2983 2984 528
3083 3 2 2 13 22 528 2984 527
3084 3 2 2 13 531 2981 2985 530
3085 3 2 2 13 529 530 2985 2983
3086 3 2 2 13 172 2983 2985 173
3087 3 2 2 13 174 173 2985 2981
3088 3 2 1 14 23 536 2986 535
3089 3 2 1 14 8 535 2986 226
3090 3 2 1 14 6 226 2986 527
3091 3 2 1 14 22 527 2986 536
3092 3 2 1 15 12 537 2988 306
3093 3 2 1 15 307 306 2988 2987
3094 3 2 1 15 539 2987 2988 538
3095 3 2 1 15 24 538 2988 537
3096 3 2 1 15 541 2989 2990 540
3097 3 2 1 15 539 540 2990 2987
3098 3 2 1 15 307 2987 2990 308
3099 3 2 1 15 309 308 2990 2989
3100 3 2 1 15 23 535 2992 556
3101 3 2 1 15 555 556 2992 2991
3102 3 2 1 15 323 2991 2992 324
3103 3 2 1 15 8 324 2992 535
3104 3 2 1 15 543 2993 2994 542
3105 3 2 1 15 541 542 2994 2989
3106 3 2 1 15 309 2989 2994 310
3107 3 2 1 15 311 310 2994 2993
3108 3 2 1 15 555 2991 2996 554
3109 3 2 1 15 553 554 2996 2995
3110 3 2 1 15 321 2995 2996 322
3111 3 2 1 15 323 322 2996 2991
3112 3 2 1 15 553 2995 2998 552
3113 3 2 1 15 551 552 2998 2997
3114 3 2 1 15 319 2997 2998 320
3115 3 2 1 15 321 320 2998 2995
3116 3 2 1 15 545 2999 3000 544
3117 3 2 1 15 543 544 3000 2993
3118 3 2 1 15 311 2993 3000 312
3119 3 2 1 15 313 312 3000 2999
3120 3 2 1 15 551 2997 3002 550
3121 3 2 1 15 549 550 3002 3001
3122 3 2 1 15 317 3001 3002 318
3123 3 2 1 15 319 318 3002 2997
3124 3 2 1 15 549 3001 3004 548
3125 3 2 1 15 547 548 3004 3003
3126 3 2 1 15 315 3003 3004 316
3127 3 2 1 15 317 316 3004 3001
3128 3 2 1 15 547 3003 3005 546
3129 3 2 1 15 545 546 3005 2999
3130 3 2 1 15 313 2999 3005 314
3131 3 2 1 15 315 314 3005 3003
$EndElements
