$MeshFormat
2.2 0 8
$EndMeshFormat
$PhysicalNames
4
1 1 "FarField"
1 2 "Axis"
2 1 "Air"
2 2 "Coil"
$EndPhysicalNames
$Nodes
2809
1 0 -0.09999999999999999 0
2 0.05 -0.09999999999999998 0
3 0.05 0.09999999999999999 0
4 0 0.1 0
5 0.08 -0.09999999999999998 0
6 0.08 0.09999999999999999 0
7 0.4000000000000001 -0.09999999999999999 0
8 0.4000000000000001 0.1 0
9 0.05000000000000001 0.5 0
10 0 0.5 0
11 0.08 0.5 0
12 0.4 0.5 0
13 0 -0.5 0
14 0.05 -0.5 0
15 0.08 -0.5 0
16 0.4 -0.5 0
17 0.004930410107552622 -0.1 0
18 0.009853271459318202 -0.1 0
19 0.01476841341701362 -0.1 0
20 0.01967588978245075 -0.1 0
21 0.02479946469154769 -0.1 0
22 0.02997458379868983 -0.1 0
23 0.03523158658298646 -0.1 0
24 0.04014672854068184 -0.1 0
25 0.04506958989244742 -0.1 0
26 0.05 -0.09421975463294177 0
27 0.05 -0.08868231527438244 0
28 0.05 -0.08269915112660962 0
29 0.05 -0.0773217737089929 0
30 0.05 -0.0712295171734397 0
31 0.05 -0.06591610258128842 0
32 0.05 -0.05980829770088482 0
33 0.05 -0.05446293614476352 0
34 0.05 -0.04843304224480789 0
35 0.05 -0.04295969558076572 0
36 0.05 -0.03710133377599481 0
37 0.05 -0.03140508727674543 0
38 0.05 -0.02579283868434065 0
39 0.05 -0.01986683846846717 0
40 0.05 -0.01444679214009989 0
41 0.05 -0.008380520404683484 0
42 0.05 -0.003056486015023563 0
43 0.05 0.003056486015023563 0
44 0.05 0.008380520404683414 0
45 0.05 0.01444679214010015 0
46 0.05 0.01986683846846744 0
47 0.05 0.02579283868434049 0
48 0.05 0.03140508727674535 0
49 0.05 0.03710133377599473 0
50 0.05 0.04295969558076554 0
51 0.05 0.04843304224480768 0
52 0.05 0.05446293614476352 0
53 0.05 0.05980829770088503 0
54 0.05 0.06591610258128908 0
55 0.05 0.07122951717344053 0
56 0.05 0.07732177370899343 0
57 0.05 0.08269915112661019 0
58 0.05 0.08868231527438308 0
59 0.05 0.09421975463294208 0
60 0.04499104433862174 0.1 0
61 0.0399864871873428 0.1 0
62 0.03498640406923245 0.1 0
63 0.02999087778054079 0.1 0
64 0.02499999999999994 0.1 0
65 0.0200091222194591 0.1 0
66 0.01501359593076745 0.1 0
67 0.01001351281265712 0.1 0
68 0.005008955661378225 0.1 0
69 0 0.09408026611486539 0
70 0 0.08845784098981428 0
71 0 0.08230500199602524 0
72 0 0.0768451032794569 0
73 0 0.07061076527733981 0
74 0 0.06515693756050212 0
75 0 0.05899236216002798 0
76 0 0.0533881849956277 0
77 0 0.04744489706251458 0
78 0 0.04154922178754798 0
79 0 0.0359076045217067 0
80 0 0.02976741400881713 0
81 0 0.0243005021706484 0
82 0 0.01754405858352047 0
83 0 0.01015462339853071 0
84 0 0.004475660438898077 0
85 0 -0.001639087718741938 0
86 0 -0.007121155880746285 0
87 0 -0.01381738726851364 0
88 0 -0.02179972964163353 0
89 0 -0.02958597290601755 0
90 0 -0.03590760452170563 0
91 0 -0.04154922178754691 0
92 0 -0.04744489706251376 0
93 0 -0.05338818499562678 0
94 0 -0.05899236216002746 0
95 0 -0.065156937560502 0
96 0 -0.07061076527733995 0
97 0 -0.07684510327945684 0
98 0 -0.0823050019960252 0
99 0 -0.08845784098981438 0
100 0 -0.09408026611486542 0
101 0.05494464319637679 -0.1 0
102 0.05989222794305076 -0.1 0
103 0.06492312520578938 -0.1 0
104 0.07010777205694926 -0.1 0
105 0.07505535680362323 -0.1 0
106 0.08 -0.09421975463294177 0
107 0.08 -0.08868231527438244 0
108 0.08 -0.08269915112660964 0
109 0.08 -0.0773217737089929 0
110 0.08 -0.07122951717343973 0
111 0.08 -0.06591610258128844 0
112 0.08 -0.05980829770088483 0
113 0.08 -0.05446293614476352 0
114 0.08 -0.04843304224480789 0
115 0.08 -0.04295969558076573 0
116 0.08 -0.03710133377599481 0
117 0.08 -0.03140508727674544 0
118 0.08 -0.02579283868434067 0
119 0.08 -0.01986683846846719 0
120 0.08 -0.01444679214009989 0
121 0.08 -0.008380520404683497 0
122 0.08 -0.003056486015023535 0
123 0.08 0.003056486015023577 0
124 0.08 0.008380520404683442 0
125 0.08 0.01444679214010015 0
126 0.08 0.01986683846846744 0
127 0.08 0.02579283868434049 0
128 0.08 0.03140508727674537 0
129 0.08 0.03710133377599473 0
130 0.08 0.04295969558076557 0
131 0.08 0.04843304224480771 0
132 0.08 0.05446293614476352 0
133 0.08 0.05980829770088503 0
134 0.08 0.0659161025812891 0
135 0.08 0.07122951717344053 0
136 0.08 0.07732177370899346 0
137 0.08 0.08269915112661022 0
138 0.08 0.08868231527438308 0
139 0.08 0.09421975463294208 0
140 0.07500459452934172 0.1 0
141 0.07000463009195211 0.1 0
142 0.06499999999999997 0.1 0
143 0.05999536990804784 0.1 0
144 0.05499540547065827 0.1 0
145 0.08584650168640856 -0.1 0
146 0.09403607954269923 -0.1 0
147 0.1038353151410605 -0.1 0
148 0.1136724758648928 -0.1 0
149 0.1235096365887251 -0.1 0
150 0.1333467973125574 -0.1 0
151 0.1431839580363897 -0.1 0
152 0.153021118760222 -0.1 0
153 0.1628582794840543 -0.1 0
154 0.1726954402078866 -0.1 0
155 0.1825326009317189 -0.1 0
156 0.1923697616555511 -0.1 0
157 0.2022445912762767 -0.1 0
158 0.2135416493862071 -0.1 0
159 0.2272907136112075 -0.1 0
160 0.2440230939649345 -0.1 0
161 0.2643843929861274 -0.1 0
162 0.2891578879762761 -0.1 0
163 0.3192900370251715 -0.1 0
164 0.3559054868284572 -0.1 0
165 0.4 -0.06008223485451256 0
166 0.4 -0.02003167563569651 0
167 0.4 0.02003167563569642 0
168 0.4 0.06008223485451247 0
169 0.3559054868284546 0.1 0
170 0.3192900370251677 0.1 0
171 0.2891578879762733 0.1 0
172 0.2643843929861249 0.1 0
173 0.244023093964932 0.1 0
174 0.2272907136112054 0.1 0
175 0.2135416493862053 0.1 0
176 0.2022445912762754 0.1 0
177 0.19236976165555 0.1 0
178 0.1825326009317177 0.1 0
179 0.1726954402078855 0.1 0
180 0.1628582794840532 0.1 0
181 0.1530211187602209 0.1 0
182 0.1431839580363887 0.1 0
183 0.1333467973125564 0.1 0
184 0.1235096365887242 0.1 0
185 0.1136724758648919 0.1 0
186 0.1038353151410596 0.1 0
187 0.09403607954269838 0.1 0
188 0.08584650168640812 0.1 0
189 0.05 0.1058683290977703 0
190 0.05 0.1140818944541022 0
191 0.05 0.123890156627355 0
192 0.05 0.133759131768156 0
193 0.05 0.1436281069089569 0
194 0.05 0.1534970820497579 0
195 0.05 0.1633660571905589 0
196 0.05 0.1732350323313598 0
197 0.05 0.1831040074721608 0
198 0.05 0.1929729826129618 0
199 0.05 0.2028419577537627 0
200 0.05 0.2127109328945637 0
201 0.05 0.2225799080353647 0
202 0.05 0.2324488831761657 0
203 0.05 0.2423178583169666 0
204 0.05 0.2521868334577676 0
205 0.05 0.2620558085985686 0
206 0.05 0.2719247837393696 0
207 0.05 0.2817937588801706 0
208 0.05 0.2916627340209715 0
209 0.05 0.3015552188307986 0
210 0.05 0.3128034815918377 0
211 0.05 0.3265060887194525 0
212 0.05 0.3431985547034636 0
213 0.05 0.3635332111788702 0
214 0.05 0.3883046839964887 0
215 0.05 0.4184808251319226 0
216 0.05 0.4552400442002484 0
217 0 0.4552675542863927 0
218 0 0.418507527639699 0
219 0 0.3883288669010883 0
220 0 0.3635547486955313 0
221 0 0.3432176953803682 0
222 0 0.3265231855164821 0
223 0 0.312818878924126 0
224 0 0.3015692305564902 0
225 0 0.2916759958565687 0
226 0 0.2818063576239879 0
227 0 0.271936719391407 0
228 0 0.262067081158826 0
229 0 0.2521974429262452 0
230 0 0.2423278046936643 0
231 0 0.2324581664610834 0
232 0 0.2225885282285025 0
233 0 0.2127188899959216 0
234 0 0.2028492517633407 0
235 0 0.1929796135307599 0
236 0 0.1831099752981791 0
237 0 0.1732403370655982 0
238 0 0.1633706988330174 0
239 0 0.1535010606004365 0
240 0 0.1436314223678556 0
241 0 0.1337617841352748 0
242 0 0.1238921459026939 0
243 0 0.1140831704346372 0
244 0 0.105868795583276 0
245 0.08 0.1058683290977703 0
246 0.08 0.1140818944541022 0
247 0.08 0.123890156627355 0
248 0.08 0.133759131768156 0
249 0.08 0.1436281069089569 0
250 0.08 0.1534970820497579 0
251 0.08 0.1633660571905589 0
252 0.08 0.1732350323313598 0
253 0.08 0.1831040074721608 0
254 0.08 0.1929729826129618 0
255 0.08 0.2028419577537627 0
256 0.08 0.2127109328945637 0
257 0.08 0.2225799080353647 0
258 0.08 0.2324488831761657 0
259 0.08 0.2423178583169666 0
260 0.08 0.2521868334577676 0
261 0.08 0.2620558085985686 0
262 0.08 0.2719247837393696 0
263 0.08 0.2817937588801706 0
264 0.08 0.2916627340209715 0
265 0.08 0.3015552188307986 0
266 0.08 0.3128034815918377 0
267 0.08 0.3265060887194525 0
268 0.08 0.3431985547034636 0
269 0.08 0.3635332111788702 0
270 0.08 0.3883046839964887 0
271 0.08 0.4184808251319226 0
272 0.08 0.4552400442002484 0
273 0.4 0.1442180618616858 0
274 0.4 0.1887692331619109 0
275 0.4 0.2332962667816184 0
276 0.4 0.2777994020547622 0
277 0.4 0.322285200092529 0
278 0.4 0.3667891802601655 0
279 0.4 0.4113170667151566 0
280 0.4 0.4558690946778251 0
281 0.3545689909645932 0.5 0
282 0.30875012213618 0.5 0
283 0.2629773056205839 0.5 0
284 0.2172715258087142 0.5 0
285 0.1714939326907503 0.5 0
286 0.1256772650122376 0.5 0
287 0.05 -0.4552400442002481 0
288 0.05 -0.418480825131922 0
289 0.05 -0.3883046839964889 0
290 0.05 -0.3635332111788707 0
291 0.05 -0.3431985547034635 0
292 0.05 -0.3265060887194523 0
293 0.05 -0.3128034815918371 0
294 0.05 -0.3015552188307982 0
295 0.05 -0.2916627340209711 0
296 0.05 -0.2817937588801701 0
297 0.05 -0.2719247837393691 0
298 0.05 -0.262055808598568 0
299 0.05 -0.252186833457767 0
300 0.05 -0.2423178583169661 0
301 0.05 -0.2324488831761651 0
302 0.05 -0.2225799080353641 0
303 0.05 -0.2127109328945631 0
304 0.05 -0.2028419577537621 0
305 0.05 -0.1929729826129612 0
306 0.05 -0.1831040074721602 0
307 0.05 -0.1732350323313592 0
308 0.05 -0.1633660571905583 0
309 0.05 -0.1534970820497573 0
310 0.05 -0.1436281069089563 0
311 0.05 -0.1337591317681554 0
312 0.05 -0.1238901566273545 0
313 0.05 -0.1140818944541017 0
314 0.05 -0.10586832909777 0
315 0 -0.1058687955832764 0
316 0 -0.1140831704346379 0
317 0 -0.1238921459026947 0
318 0 -0.1337617841352755 0
319 0 -0.1436314223678563 0
320 0 -0.1535010606004371 0
321 0 -0.163370698833018 0
322 0 -0.1732403370655988 0
323 0 -0.1831099752981796 0
324 0 -0.1929796135307604 0
325 0 -0.2028492517633413 0
326 0 -0.2127188899959221 0
327 0 -0.2225885282285029 0
328 0 -0.2324581664610837 0
329 0 -0.2423278046936646 0
330 0 -0.2521974429262454 0
331 0 -0.2620670811588263 0
332 0 -0.271936719391407 0
333 0 -0.2818063576239879 0
334 0 -0.2916759958565687 0
335 0 -0.3015692305564902 0
336 0 -0.3128188789241258 0
337 0 -0.3265231855164823 0
338 0 -0.3432176953803681 0
339 0 -0.3635547486955326 0
340 0 -0.3883288669010898 0
341 0 -0.4185075276397 0
342 0 -0.4552675542863933 0
343 0.08 -0.4552400442002481 0
344 0.08 -0.418480825131922 0
345 0.08 -0.3883046839964889 0
346 0.08 -0.3635332111788707 0
347 0.08 -0.3431985547034635 0
348 0.08 -0.3265060887194523 0
349 0.08 -0.3128034815918371 0
350 0.08 -0.3015552188307982 0
351 0.08 -0.2916627340209711 0
352 0.08 -0.2817937588801701 0
353 0.08 -0.2719247837393691 0
354 0.08 -0.262055808598568 0
355 0.08 -0.252186833457767 0
356 0.08 -0.2423178583169661 0
357 0.08 -0.2324488831761651 0
358 0.08 -0.2225799080353641 0
359 0.08 -0.2127109328945631 0
360 0.08 -0.2028419577537621 0
361 0.08 -0.1929729826129612 0
362 0.08 -0.1831040074721602 0
363 0.08 -0.1732350323313592 0
364 0.08 -0.1633660571905583 0
365 0.08 -0.1534970820497573 0
366 0.08 -0.1436281069089563 0
367 0.08 -0.1337591317681554 0
368 0.08 -0.1238901566273545 0
369 0.08 -0.1140818944541017 0
370 0.08 -0.10586832909777 0
371 0.1256772650122377 -0.5 0
372 0.1714939326907499 -0.5 0
373 0.2172715258087138 -0.5 0
374 0.2629773056205835 -0.5 0
375 0.3087501221361797 -0.5 0
376 0.3545689909645936 -0.5 0
377 0.4 -0.4558690946778252 0
378 0.4 -0.4113170667151569 0
379 0.4 -0.3667891802601662 0
380 0.4 -0.3222852000925294 0
381 0.4 -0.2777994020547625 0
382 0.4 -0.2332962667816192 0
383 0.4 -0.1887692331619114 0
384 0.4 -0.144218061861686 0
385 0.04539844798235806 -0.06857280987736407 0
386 0.04538423536728662 0.06870422748044488 0
387 0.04538925096793256 0 0
388 0.04549863495554892 0.0515340924403719 0
389 0.04531536192260346 -0.05144798919478571 0
390 0.04520374050371341 0.02280278179124604 0
391 0.0450623387986678 -0.03421350606836439 0
392 0.005133356266611173 0.03859716948912653 0
393 0.02250416710531963 0.09587354488962214 0
394 0.02222252935585435 -0.09597946510019584 0
395 0.04530610218994537 -0.01715681530428353 0
396 0.004788256571162202 0.06207464986026504 0
397 0.004804086657872571 -0.06211941482714001 0
398 0.004903836055173687 -0.004495423776485619 0
399 0.005024252669053597 -0.04470863636769166 0
400 0.005372166955161489 0.01361145622655642 0
401 0.005904256790988043 -0.02585604434151351 0
402 0.004674981244809417 0.07973101616868726 0
403 0.004723159080319138 -0.07955742663203447 0
404 0.04534305455060716 -0.08001046241780127 0
405 0.04513282855125829 0.08057712850814229 0
406 0.004734484532104004 0.02703395808973277 0
407 0.04532837503117702 0.01137401417092941 0
408 0.04514356601071701 0.04006272469584547 0
409 0.005181720935455578 0.05063591848432115 0
410 0.03292759484962315 -0.09496023564495527 0
411 0.03236794399019495 0.09555905461925285 0
412 0.01225337830373614 -0.09567829872924088 0
413 0.01257228300173878 0.09562911364314552 0
414 0.04596267492423538 -0.09179875305709637 0
415 0.04539090185153116 0.09167454994546802 0
416 0.005177789729152376 0.09154905714573161 0
417 0.0048691629891701 -0.09126905355233991 0
418 0.005496813314772815 -0.0327834952233686 0
419 0.01144843611100528 -0.02995139409908799 0
420 0.01229619468650268 -0.02320420173572342 0
421 0.01750897607459815 -0.02743182738655846 0
422 0.01853019766576446 -0.021177073730217 0
423 0.01671325456480956 -0.0335844482590562 0
424 0.02331811081006398 -0.02509934930102139 0
425 0.02424962898490132 -0.01909159271042272 0
426 0.01969724779081236 -0.01520957894395483 0
427 0.02516404179645418 -0.01321468958218095 0
428 0.02075968219789788 -0.00945645566306887 0
429 0.0261220729544709 -0.007489636079985145 0
430 0.0218571637137422 -0.003811789560819838 0
431 0.02698194324709136 -0.001823675918028793 0
432 0.02285998685697849 0.001803826957818001 0
433 0.02794630626646778 0.00378802926632157 0
434 0.02392801671974197 0.007385774401350586 0
435 0.02932598347275487 0.009326234756402405 0
436 0.02501025358828847 0.01294507788309515 0
437 0.02891989093495186 -0.02293354801484612 0
438 0.02804814762170525 -0.02885317906941483 0
439 0.03038823087535954 0.01487424736824574 0
440 0.02587451383285052 0.01851531720579104 0
441 0.03113348955531765 -0.006049082696145334 0
442 0.03108388915480389 0.02043386055104503 0
443 0.02683858813267594 0.02403948521961092 0
444 0.03192124879249669 0.02596982514760512 0
445 0.02779784500710307 0.02955402240698134 0
446 0.02255378929977003 0.02765254959406555 0
447 0.02355322118284126 0.03316732357248389 0
448 0.02881565794395547 0.03505199642645769 0
449 0.0245658776624733 0.0386691039125809 0
450 0.02978797492694084 0.04054871414685324 0
451 0.02557536022758138 0.04414806787427875 0
452 0.03076681603454058 0.04601955756189614 0
453 0.0265818892367749 0.04959552358590745 0
454 0.03177229383233215 0.05144506111045156 0
455 0.02758060548222075 0.05500424433826084 0
456 0.02253008836533309 0.05314769247789501 0
457 0.02362662648398086 0.05852072173972997 0
458 0.02859472599192918 0.06038196703760286 0
459 0.02445867742110983 0.06392279960354105 0
460 0.02979087641466252 0.06590976850833002 0
461 0.02547051242564441 0.06928125344378647 0
462 0.03071873394768936 0.07133967076032108 0
463 0.02642376433410025 0.07458104692130581 0
464 0.021665571991883 0.07283637268015676 0
465 0.02249257677855655 0.07810698732215282 0
466 0.02735043566496512 0.07977972450379443 0
467 0.02044718622689397 0.04227217252882012 0
468 0.01888472672353796 0.0049600685825952 0
469 0.03366037781431432 0.06224058094710821 0
470 0.02065307070264231 0.01609164104077068 0
471 0.01919610858976826 0.06182631350970851 0
472 0.01827387483765499 0.03127651519427907 0
473 0.03322013007164619 -0.02664310521278651 0
474 0.0322112795059297 -0.03248174552254818 0
475 0.02335079350095277 0.0831979176967954 0
476 0.01846768275265601 0.08155162571119352 0
477 0.03299694433738672 0.005111649889605483 0
478 0.01532112430784542 -0.01123463984260187 0
479 0.02827806121040993 0.08492383938593191 0
480 0.03226329013999522 0.08152410324055756 0
481 0.03407185202696128 0.03693318595459268 0
482 0.03459688609633216 -0.02112690879928206 0
483 0.02713482735928139 -0.03471104377803433 0
484 0.03144367215546435 -0.03830599319417425 0
485 0.0263721650302348 -0.04053785457592385 0
486 0.03079878415908514 -0.04390304063712028 0
487 0.02559412413735773 -0.04617974600299518 0
488 0.03065063730748222 -0.04996477471792745 0
489 0.02493756621615811 -0.05184383457904016 0
490 0.02915470305385063 -0.05554811564192001 0
491 0.02406478919685739 -0.05736241293825479 0
492 0.02839837757072016 -0.06080890375456003 0
493 0.02338522040152009 -0.06282955669265164 0
494 0.02761203595511916 -0.06620972098426847 0
495 0.02263436290623123 -0.06824756144387321 0
496 0.02682247187523112 -0.07161069429967269 0
497 0.02200900233042175 -0.07364820754606323 0
498 0.02603089208077219 -0.0769710054030103 0
499 0.0208936123254046 -0.07923823983791309 0
500 0.01966362554145964 -0.05398191589650458 0
501 0.01808791830331616 -0.07086175133656916 0
502 0.03304283523871259 -0.05926298493889291 0
503 0.03102869698826439 -0.0749585561843463 0
504 0.03022314109143796 -0.08033000196824462 0
505 0.0357146076984169 -0.04080672104896291 0
506 0.03565300506009655 0.01713546950764573 0
507 0.01714524907723314 0.02560585102957218 0
508 0.01931198309541709 0.08658023752269681 0
509 0.01440005952218525 0.0848759794456638 0
510 0.02107938459376945 -0.04271579593465339 0
511 0.0332329423493528 0.08658465341319027 0
512 0.03926484684600176 -0.02566451930095906 0
513 0.03535787678630761 -0.07832012073166861 0
514 0.03459168299021326 -0.08358297646512354 0
515 0.0295341914610852 -0.08552071050247259 0
516 0.03596796036995036 -0.07308616833867153 0
517 0.03593945137313081 0.04750944254886826 0
518 0.0368218132415802 0.05304774285883184 0
519 0.01393884209944107 0.0794462596794048 0
520 0.0371124015178424 0.0835045495564872 0
521 0.03628524881448648 0.07889557134667012 0
522 0.0131881672616448 0.02930593781338885 0
523 0.01414779268556633 0.03475773861528379 0
524 0.0120149718085476 0.02289237705026213 0
525 0.03815786687437073 0.08794075961499588 0
526 0.03367248530352313 -0.0887695764810587 0
527 0.03852550038980776 -0.08683234385113245 0
528 0.03779593605440397 -0.09209447063256629 0
529 0.02878666804243132 -0.09107550204939666 0
530 0.02400759158265923 -0.0879908518980821 0
531 0.02926689972272025 0.0904953582346418 0
532 0.00702381321936903 -0.01801239731934567 0
533 0.005057651292590209 0.007315066093184443 0
534 0.0101423860726149 0.01019263889857243 0
535 0.009873992179062357 0.003636648357936011 0
536 0.01081081871986478 0.0164053039477544 0
537 0.00858310821368892 0.03249895416243378 0
538 0.01489202679686693 0.09070724480788564 0
539 0.005681019983981534 -0.01070380493363057 0
540 0.01035718814849235 -0.006722891433325186 0
541 0.04028417621508421 -0.07634664375038099 0
542 0.009784857201935965 0.08806421739444727 0
543 0.004711819232371142 0.07387650935413145 0
544 0.04528772871238808 -0.005531470872720567 0
545 0.04072552201347812 -0.002508408563090227 0
546 0.04066865737843351 -0.008313268821335647 0
547 0.04099678339864049 0.002956248100859298 0
548 0.004712890911021159 -0.07386062237230326 0
549 0.009396506950030496 -0.0768165311604926 0
550 0.009427463748535616 -0.08221998388423947 0
551 0.00936811345751672 -0.07131489560958645 0
552 0.01488542103233026 -0.07943805050055341 0
553 0.01408743482163361 -0.08488995774253329 0
554 0.0453924263829649 0.06319033722703427 0
555 0.04102118105709882 0.06592565798791789 0
556 0.04070906403043008 0.07142840587911205 0
557 0.04119447378716795 0.06035722604432064 0
558 0.03553365439729354 0.06763712609689924 0
559 0.04538461454117215 -0.06286220014108659 0
560 0.04076423886517788 -0.0657287142110749 0
561 0.04112017256938511 -0.06004131884595502 0
562 0.04200685339181789 0.08494642245327033 0
563 0.004828277950243334 0.06806101329709854 0
564 0.009543492048579424 0.07118013484462646 0
565 0.009536015529351452 0.06521429771088122 0
566 0.009742881500268474 0.05937173428517038 0
567 0.01370230127244224 0.06808989166697593 0
568 0.01361771249430729 0.07383659487808958 0
569 0.004823361422997517 0.0857259590669662 0
570 0.04530504335649861 -0.01134660872680019 0
571 0.04059180917752912 -0.0139497479422528 0
572 0.03584286270112879 -0.01008808102597274 0
573 0.004942914974844805 -0.05646377821553764 0
574 0.009721202070496843 -0.05933578640520412 0
575 0.009928480652258504 -0.05390974271101175 0
576 0.0094550555557958 -0.065055206665294 0
577 0.01419552141986892 -0.06224954486373589 0
578 0.04448869311126274 -0.08594722394397121 0
579 0.01523279107552602 0.01335597698152632 0
580 0.006009956589829488 0.02128161947675476 0
581 0.0453638517466317 -0.0457369431829566 0
582 0.04052148716371128 -0.04869367785303168 0
583 0.04095116338525999 -0.05432108033280787 0
584 0.009508002095047529 -0.08755927697995082 0
585 0.0144533881230118 -0.09076280689006264 0
586 0.01872346368879438 -0.08724263757639975 0
587 0.04520616560210904 0.01700366589548976 0
588 0.03669422393144797 0.001088435707816556 0
589 0.004671900432259891 0.001275501456860603 0
590 0.0404711056360799 0.01979526498948844 0
591 0.04052970373758276 0.02545039455056563 0
592 0.04535678638381909 -0.07400278086341013 0
593 0.01081952503242669 -0.03611363631866189 0
594 0.04531528117636821 0.0458024034503958 0
595 0.04041343501432452 0.04367335887687269 0
596 0.04023242624795562 0.0373274374690632 0
597 0.04560863347685846 0.05728024885049968 0
598 0.005054409871198047 -0.05066999074284899 0
599 0.009980140204501317 -0.04786726501287232 0
600 0.04539735219421051 0.0744306295159271 0
601 0.04050912443529287 0.01410106082711429 0
602 0.03532846986238351 0.01066681733999068 0
603 0.01489784874150671 -0.05083760899634403 0
604 0.015159266492834 -0.04510675162726879 0
605 0.004976466077136865 0.05639362302325075 0
606 0.01001859299794761 0.05372777634875323 0
607 0.01051780144018983 0.04814332420226997 0
608 0.01504518682045037 0.05199456809155012 0
609 0.01458189102496642 0.05762441421330849 0
610 0.005279088188503481 0.04483068816423889 0
611 0.01045573980895196 0.04259953381593537 0
612 0.03606395963561414 -0.05162721210239914 0
613 0.04537078109998624 -0.05713561692282419 0
614 0.04528016350689967 -0.02262178874956737 0
615 0.04495526828268381 -0.0285157047852916 0
616 0.04021291910052766 -0.03192938806509266 0
617 0.04050409302311495 -0.03765067665381526 0
618 0.0298641148433749 -0.01727018416597299 0
619 0.02516759748574292 -0.08262817479698167 0
620 0.01413111315804942 -0.01701953916375941 0
621 0.04534676358439822 -0.04009913053575723 0
622 0.005049333191404874 -0.03880816158860091 0
623 0.04074977304016099 0.00848768732388293 0
624 0.04516073487948731 0.0284621586112254 0
625 0.04068713939550166 0.03118818452935461 0
626 0.0402369029091179 -0.08172510525616429 0
627 0.0047546313188454 -0.08522809733906736 0
628 0.02420280332942919 0.08818073632946301 0
629 0.004723357763701044 -0.06801964038536093 0
630 0.03241201876568555 -0.06452223265013007 0
631 0.03260244253205547 0.05665602608847345 0
632 0.04520397775561026 0.03425782105970479 0
633 0.02074378225688729 0.06738749607940862 0
634 0.0217033883339688 -0.03702877954094472 0
635 0.01941638115727733 0.03674799425603034 0
636 0.01645427808109232 -0.005458268423846373 0
637 0.01286269055432081 -0.001277575940352258 0
638 0.02174831603609756 0.04767863761054772 0
639 0.02022196928718094 -0.04844427550613435 0
640 0.03172432754696869 -0.06975350638521696 0
641 0.03291448605341452 0.03146820183676676 0
642 0.01913691918117354 -0.05957978634890135 0
643 0.03735638111409412 0.09579413945957935 0
644 0.01750004625020449 0.09561845957992327 0
645 0.04541069707298517 0.005709159335896436 0
646 0.02749543889027036 0.09567777305486841 0
647 0.007709597668534001 0.09596589861443246 0
648 0.02240445079407119 -0.03111810455583832 0
649 0.04240209843387014 0.09590009735847897 0
650 0.007525403159364438 -0.09587174407745282 0
651 0.01717217661518974 -0.09572457884102854 0
652 0.02143834784820726 0.02188320374436959 0
653 0.03137137696487825 0.07658208213949391 0
654 0.01621587487200352 0.01937239229904255 0
655 0.009453578737489657 0.08241549324531734 0
656 0.04208433125820006 -0.09520682838863717 0
657 0.009323404309499669 0.07674766802837613 0
658 0.0138122029377327 -0.0737518010523288 0
659 0.03489735284040317 0.04246363459640463 0
660 0.04071239852399186 -0.07097846381585239 0
661 0.01589757072444541 -0.03942929103804055 0
662 0.01610636634438548 0.04629107048949056 0
663 0.01464668171207746 -0.05649773171296082 0
664 0.02040866957740685 0.09154148619770758 0
665 0.03068800570854179 -0.01170972895719257 0
666 0.01399502578920295 0.06274240932168 0
667 0.01020423108380231 -0.04201154105565667 0
668 0.01789553473967947 -0.0001798535246413614 0
669 0.04017354336953539 -0.01944441338154052 0
670 0.04056373850358846 0.07666860887209273 0
671 0.0154005687259987 0.04027459096723712 0
672 0.03600314835394455 0.02280002659030703 0
673 0.04093344754120419 0.04918981772887434 0
674 0.01842073857218749 -0.06533716697864907 0
675 0.03469998702822562 0.09136586610636559 0
676 0.02726558143257575 -0.09579460067914915 0
677 0.03567025118924353 0.07364823424392188 0
678 0.03646111966008864 -0.06794299633735994 0
679 0.01831874555636104 -0.08281759025132078 0
680 0.03607094045924548 -0.00426143857987404 0
681 0.01388992504106963 -0.06809506108436056 0
682 0.04088069730385079 -0.04305410816536903 0
683 0.0200420285922008 -0.09172407782963038 0
684 0.01796220573142233 0.07610108429220148 0
685 0.01016299132377085 0.0377685930856904 0
686 0.01960700147874827 0.01031073631595504 0
687 0.03529287031607369 -0.01559817737870228 0
688 0.04130962852350495 0.05471599246083076 0
689 0.0376372354571791 -0.09645230693323176 0
690 0.003690189802480818 0.03276102005436338 0
691 0.009760062326815862 -0.09216695631761387 0
692 0.0105736904012751 -0.0130491059905662 0
693 0.0355547195523117 -0.0464178975377969 0
694 0.03646339300979284 0.0284161989796684 0
695 0.03197064129949283 -0.000357680388384093 0
696 0.04618741807340295 0.08598052888339525 0
697 0.03690070258111876 -0.0624632192534059 0
698 0.0372062157545749 0.05837683182179266 0
699 0.01448033573672637 0.00741223761770044 0
700 0.03998491934573908 0.09224497472699175 0
701 0.01899998350239659 0.0556863092494614 0
702 0.02446487980114429 -0.09251289951129082 0
703 0.02491822001641011 0.09237439202677437 0
704 0.01799304556201081 -0.07560173240534143 0
705 0.01002731087964561 0.09238310632112849 0
706 0.03594397006610827 -0.03543407761154566 0
707 0.03689760020342395 -0.05705668839804558 0
708 0.008319100328806235 -0.001594990810130976 0
709 0.04165179624972169 -0.09023492758894683 0
710 0.01749482724104169 0.07066693147060804 0
711 0.01463043060955828 0.002809559982619603 0
712 0.00357926861181292 0.09631904437500588 0
713 0.003464995251217431 -0.09624421274893165 0
714 0.04655680892480461 0.09635888038737782 0
715 0.02161418215011229 -0.08451454416728475 0
716 0.04657351282872674 -0.09628992681829196 0
717 0.009137254113128546 0.02718368026880875 0
718 0.03744552145732654 0.005653368825175908 0
719 0.03764855862882656 0.0632434225311911 0
720 0.03680076826709662 0.03333794924916526 0
721 0.04050681385385807 0.08116574681231974 0
722 0.03325399057917159 -0.05464896514987987 0
723 0.04229180441552997 0.088676127696587 0
724 0.01901999972988051 0.05100414546457636 0
725 0.03611244830919293 -0.03009260238972273 0
726 0.017046939225752 0.06536198759896777 0
727 0.07538925096793253 2.080678330296749e-17 0
728 0.07538461454117214 -0.06286220014108664 0
729 0.075384614541172 0.06286220014108708 0
730 0.05462924873351739 -0.07427564544121627 0
731 0.05413992773312742 0.07424803999234517 0
732 0.05465232342106103 0.01141365627239178 0
733 0.05465232342106106 -0.01141365627239169 0
734 0.07485775738969108 -0.05189024503613456 0
735 0.07535695272176438 0.0516816217841396 0
736 0.05477283551895627 -0.02267102753117243 0
737 0.05522643905862288 0.02250676117920182 0
738 0.0751634242853263 0.04003051467838015 0
739 0.07479020156279266 -0.0397464496371121 0
740 0.05474320194863829 0.08563773293632136 0
741 0.07547332716940748 -0.08553140833080515 0
742 0.07563917954471351 0.07994149341502674 0
743 0.05405438027497354 -0.05716302139766148 0
744 0.05442960239115148 0.05753138734565164 0
745 0.07437187149748788 -0.01694933288066677 0
746 0.07536782976700322 0.01697116824446921 0
747 0.05459476620311477 0.04570546942699567 0
748 0.05460840279978388 -0.04560474151717207 0
749 0.05443739589972333 1.335978937627576e-05 0
750 0.07536357611341761 -0.07421540123650082 0
751 0.06222491066334258 -0.09584036613676589 0
752 0.0744821249692241 -0.0282551275703424 0
753 0.07525261129804872 0.02832963620511189 0
754 0.0547166771002169 -0.03383467323013638 0
755 0.05492862730869887 0.03406457625337789 0
756 0.06734914273858934 0.09566771834546214 0
757 0.05425048915919527 -0.0855361107178628 0
758 0.05766776786807898 0.09585959916299586 0
759 0.07243160545415696 -0.09588997776344349 0
760 0.07521258168159647 0.0915025358241633 0
761 0.07538925096793259 0.005718503209853509 0
762 0.07070862850660561 0.002845427784632966 0
763 0.07080906725719717 -0.002675819555909838 0
764 0.07070686083105465 0.008412202742081515 0
765 0.06604864051552639 0.005482781101009297 0
766 0.06598800476857575 0.01095688053638776 0
767 0.06161128670138859 0.007251082608891728 0
768 0.06029188230241178 0.0128884544698143 0
769 0.06577380834129451 0.01628693352731201 0
770 0.06230556095959275 0.001808333074056534 0
771 0.06093410441151276 0.01888685057782445 0
772 0.0657255933845462 0.02174803688962958 0
773 0.06090228964882116 0.02428204573047561 0
774 0.06566059513264592 0.02741900740685701 0
775 0.06061396630610007 0.02992733953422533 0
776 0.06549804131082965 0.03273798383893097 0
777 0.07539844798235794 0.06857280987736478 0
778 0.07077204349519163 0.06572869530505758 0
779 0.07071913233009003 0.07116222303542165 0
780 0.06610221932091208 0.06832991040336836 0
781 0.06657893474937558 0.07363020006616895 0
782 0.06618070872266894 0.06297934045812083 0
783 0.06152170670416633 0.06556142789391357 0
784 0.06184079055857353 0.06032877185161412 0
785 0.06633476739210521 0.05753033947161949 0
786 0.0620662869381842 0.05533922252215601 0
787 0.06641732575430387 0.05226303854384124 0
788 0.06204232383638693 0.05022860639438795 0
789 0.06651166837206325 0.04670142335668735 0
790 0.06212452353575303 0.04471534327933581 0
791 0.06667130657976912 0.04134828428189714 0
792 0.06184694062920466 0.03887660448486717 0
793 0.05763703125534943 0.06209073179444623 0
794 0.0571953914715145 0.06731260026483306 0
795 0.07539844798235805 -0.06857280987736411 0
796 0.07077273061604009 -0.06572869364056821 0
797 0.07079919548517929 -0.06048226818854341 0
798 0.06610618781132492 -0.06318210720246858 0
799 0.06619701177990463 -0.06850696519336687 0
800 0.06705551392890298 -0.05784792456709231 0
801 0.06152609672756153 -0.06595255002084996 0
802 0.06191495713592644 -0.071278578952612 0
803 0.06634062504817761 -0.07383920676587276 0
804 0.06233395266644651 -0.07653926602084338 0
805 0.06652899315206415 -0.0793326696441661 0
806 0.0623273701576031 -0.08155830184193838 0
807 0.06665909777223306 -0.08473754803435668 0
808 0.06215271115807305 -0.08720409722707022 0
809 0.06690132288215991 -0.09005791932898645 0
810 0.05776009355866554 -0.06958381543180227 0
811 0.05709505689211652 -0.06397642037742832 0
812 0.05477088365274145 0.07976288340693986 0
813 0.05936971115693024 0.08263619429868049 0
814 0.05953239193402507 0.08791889015526162 0
815 0.06397383902396062 0.08537826560609318 0
816 0.05919120200677253 0.07647021842809576 0
817 0.06455608454699298 0.09098317460527829 0
818 0.06865423523741847 0.08711600638343711 0
819 0.0673287469910902 0.0828217065328439 0
820 0.05400484665039854 0.005650167798507869 0
821 0.0546996109038109 -0.005565756843428921 0
822 0.05937701235371217 -0.008410957004058913 0
823 0.05941593163113584 -0.01403627201092562 0
824 0.06421154972580055 -0.01119513185249582 0
825 0.0641692808169039 -0.01665010542736903 0
826 0.06388450920393396 -0.006265704723596948 0
827 0.06921178128073482 -0.01396849082382114 0
828 0.06886122191339139 -0.01931509433899085 0
829 0.06417857978608855 -0.02209311892635744 0
830 0.06902239034027517 -0.02490264289398058 0
831 0.06423808285327279 -0.02763441991591273 0
832 0.07458062500843249 -0.01131110063207901 0
833 0.06900646395382141 -0.03035100460353181 0
834 0.06428762798937053 -0.03318477356566935 0
835 0.06913271355719906 -0.03603203102775626 0
836 0.06435642181865776 -0.03877559388171864 0
837 0.06910235333406882 -0.04150866338201554 0
838 0.06426133317053109 -0.04459365604698697 0
839 0.06912864494866609 -0.04703887231883877 0
840 0.06505762791741107 -0.04941539237167006 0
841 0.0691478838930347 -0.05251019002030753 0
842 0.05942843342810311 -0.04230539573160177 0
843 0.06947991902093054 -0.008381048009879755 0
844 0.07547170551279853 -0.0798245001527185 0
845 0.05422308514862832 -0.08026044681145511 0
846 0.07514164215269727 0.0574804097681464 0
847 0.07055604045743039 0.02512819600811182 0
848 0.0714328523812367 0.07680952710549699 0
849 0.05528741543127573 0.01679520791872793 0
850 0.05472422843377224 -0.09142168888015179 0
851 0.07550479025422285 0.0858938457088911 0
852 0.05424121870757745 0.05149166965351221 0
853 0.05463175241606764 -0.05178586718817575 0
854 0.05841104928785272 -0.05534869294711042 0
855 0.07443480417165134 -0.02261421678704678 0
856 0.07536951873860789 0.0113779128784427 0
857 0.07543159450115954 0.04591049726099813 0
858 0.07488344932434463 -0.04595918000257351 0
859 0.0753892509679325 -0.005718503209853516 0
860 0.07537078109998623 -0.05713561692282415 0
861 0.07457015875100745 -0.03395824871996787 0
862 0.05469389781005464 -0.01715681530428353 0
863 0.05934335429507423 -0.002572784394812544 0
864 0.05957038656926891 -0.03059561625812201 0
865 0.05506187941733972 0.09155149606097487 0
866 0.0551070881508509 0.02819720891437603 0
867 0.06364558750015946 0.08007935930827406 0
868 0.05554676654570841 0.03943235988750455 0
869 0.07524193725043563 0.03426578294137615 0
870 0.07553160203973303 0.07417289071929067 0
871 0.0671928393216617 -0.09517203546142347 0
872 0.07511750633156979 -0.09160679403020319 0
873 0.06156833539898301 -0.06017702739782406 0
874 0.06162183141308716 0.07132698347078492 0
875 0.07250461231064692 0.09566721021931161 0
876 0.06249768495402391 0.09566855585623142 0
877 0.07069356527041026 0.01399848822694051 0
878 0.07039185496411533 0.03730284636681772 0
879 0.06000584122453241 -0.04902403174502439 0
880 0.07080245438147857 -0.07121097323077896 0
881 0.06679372448506071 5.518704321923181e-05 0
882 0.07081802791545819 0.06015435529802286 0
883 0.05751885047057909 -0.09585099061403748 0
884 0.0594816185179641 -0.01957850152249103 0
885 0.0753104977383538 0.0225774775777551 0
886 0.05953926227924874 -0.02503494663026823 0
887 0.07095972487548818 -0.07686654247873975 0
888 0.05476133411053698 -0.03963565684021004 0
889 0.07064373295512345 0.0314252793452071 0
890 0.07099117444964856 0.05449269184761389 0
891 0.07065649594927226 0.01939584864571978 0
892 0.07120099533717202 -0.08268724885751963 0
893 0.0547665269112818 -0.02822236493513085 0
894 0.0595201468360257 -0.03638861825124303 0
895 0.05972558187756544 -0.09172485679747462 0
896 0.07099660583281971 0.04900284714029216 0
897 0.0709090299437858 -0.08782635314562326 0
898 0.07116423358726875 0.04307581855162406 0
899 0.07004275273785089 0.09188851737926693 0
900 0.05963022579933719 0.03456064724832102 0
901 0.05986316174409213 0.0923963431681484 0
902 0.07025081159017775 -0.09225462582177649 0
903 0.06354104194178616 -0.05405387650817146 0
904 0.05828651677579339 -0.08358143881596221 0
905 0.07144622635935885 -0.05597324894698039 0
906 0.06606770639767175 0.03723701370048194 0
907 0.05344252950932447 0.06334538213131889 0
908 0.0535450105512154 0.09632616997138255 0
909 0.0765040683654029 0.09624718762291734 0
910 0.07652089371786999 -0.09634330528531769 0
911 0.05275784555023699 -0.06286220014108659 0
912 0.05343754442014562 -0.09629848682542623 0
913 0.05807358172056443 -0.08795321321792242 0
914 0.05763524728579679 0.05432082323832627 0
915 0.05772348987783564 0.04860119262147236 0
916 0.07159642608064315 0.08290127582230221 0
917 0.05906602308105041 -0.07413075378519965 0
918 0.05811233011391495 0.0431964870480122 0
919 0.05335107265426287 -0.06826726922107815 0
920 0.05743592791371607 0.00834211745814132 0
921 0.05322346823776439 0.06872634422468016 0
922 0.07239607426966424 0.08869555910335265 0
923 0.05801276961443755 0.003170313868428136 0
924 0.06365920881906123 -0.09207878470889996 0
925 0.05847769942717319 -0.07839097545276916 0
926 0.05741469562084336 -0.05967646566565372 0
927 0.05737578561021162 0.07176189980954262 0
928 0.05872179168581108 0.05792218735043885 0
929 0.06749037727134526 0.07883363059337573 0
930 0.06330391540799281 0.07607026615944354 0
931 0.07196039504632713 -0.04946829982369982 0
932 0.0634528881049394 -0.002235779438404792 0
933 0.06744167522496626 -0.004588668955693003 0
934 0.08449359812986323 -1.250454121813272e-05 0
935 0.1774240349655463 -0.09243188853611051 0
936 0.1776140205698016 0.09148076891205079 0
937 0.08517298321102887 -0.02299743748040949 0
938 0.08477712383171537 0.02282983857640396 0
939 0.220291163494816 0.08869571596659234 0
940 0.08496655932766847 0.04623885137092856 0
941 0.08469196704344031 -0.04574874841146996 0
942 0.2204161814987073 -0.08915471089582859 0
943 0.1386059014541589 -0.09099641334721387 0
944 0.1385766436109319 0.09247028505464186 0
945 0.08459141281742513 0.06321264882867045 0
946 0.08461538545882788 -0.06286220014108664 0
947 0.2755259199590014 0.08093774618725566 0
948 0.2766368901655273 -0.08159936183737757 0
949 0.1088065362674002 -0.09043779131300335 0
950 0.1076503348026634 0.09167595887882987 0
951 0.08462924873351749 0.07427564544121699 0
952 0.08455563848829067 -0.07487839046694932 0
953 0.0846523234210611 -0.01141365627239169 0
954 0.0850121640806602 0.01135649433515832 0
955 0.08463566361479208 -0.03428884181316584 0
956 0.08578501453798928 0.03451337828002806 0
957 0.1578472403651772 -0.09157432073259891 0
958 0.196950955576552 0.09104749729325845 0
959 0.1976498585342482 -0.0909443410124163 0
960 0.1580693288696877 0.09191019426173931 0
961 0.3686641502670026 0.00138133865272608 0
962 0.08476427841080253 -0.08526124274492014 0
963 0.08472625430291039 0.08569073320049665 0
964 0.333044213151806 0.07458819269751277 0
965 0.3359020578375331 -0.06872224749389105 0
966 0.08942147867046871 -0.09393170502131207 0
967 0.0897482434661549 0.09397740888360184 0
968 0.2548274770590583 0.08318688018686617 0
969 0.2628213370264399 0.06456011406581698 0
970 0.2855222250752198 0.05992858765950898 0
971 0.2693675561113889 0.0449323849621049 0
972 0.2490154418908298 0.04997132014766955 0
973 0.2550170580290857 0.03082337274382873 0
974 0.2350077782431947 0.03479204656264234 0
975 0.242023828152095 0.01729848085054694 0
976 0.2253962778384623 0.02032097466247722 0
977 0.229176469399391 0.005821948449023593 0
978 0.2150538704590828 0.009941934105146049 0
979 0.2111495251173299 0.02158226532411858 0
980 0.2029967222119983 0.01258186252640439 0
981 0.2056207199223535 0.001084222621048729 0
982 0.1952208207630879 0.004543685037326499 0
983 0.1923801153412583 0.01476391057796285 0
984 0.1852223528095311 0.007012455658377513 0
985 0.1879263665339388 -0.002637611871395851 0
986 0.1782074708916608 -0.0001174063001753468 0
987 0.1755206627293298 0.009517893230730075 0
988 0.1684314930660454 0.002373912093650024 0
989 0.1657551675507585 0.01200941472496625 0
990 0.1711661837803729 -0.007245449695786312 0
991 0.1614179080013436 -0.004804403843612224 0
992 0.1641458061061912 -0.01437798730996891 0
993 0.1544881445389008 -0.0119135520321431 0
994 0.1570861182460779 -0.02144494418785607 0
995 0.1668093058807834 -0.02399922590514555 0
996 0.1474555079153025 -0.01883286520566949 0
997 0.14489555194238 -0.009527567810181551 0
998 0.1381756919816801 -0.0164590723350756 0
999 0.1356298146896064 -0.00730096615760769 0
1000 0.1405826182057974 -0.0255209997918581 0
1001 0.1317061257100116 -0.02322095107850389 0
1002 0.1340095742756274 -0.0319030677155868 0
1003 0.2605500026162875 0.01372079372608065 0
1004 0.1254599648385109 -0.02971687205979133 0
1005 0.1276381885618236 -0.03824900350276789 0
1006 0.1361664021318358 -0.0405580452332064 0
1007 0.1297986332055764 -0.04666526098417245 0
1008 0.1383692278038251 -0.04921915383184134 0
1009 0.1214331577902831 -0.04436710816172394 0
1010 0.1235475301187463 -0.05256018508302743 0
1011 0.1231758434412989 -0.02138786530039423 0
1012 0.1173678188003594 -0.02742699109701963 0
1013 0.1151714730031499 -0.01973671481783201 0
1014 0.1154436660123267 -0.050259403217235 0
1015 0.1728373499601607 0.01915107005096493 0
1016 0.1632016256303087 0.0216784142027233 0
1017 0.1702123107547538 0.02880040088789365 0
1018 0.1605256328059536 0.03133155352865037 0
1019 0.1675550633811239 0.03844385265037813 0
1020 0.1578427683923938 0.04095065926917574 0
1021 0.1508463465328062 0.03387468288932116 0
1022 0.1481746142696329 0.04340014792781112 0
1023 0.1413387453521328 0.03655213146992105 0
1024 0.1386769986650371 0.04569984082425728 0
1025 0.1320853600269533 0.03913924869641033 0
1026 0.129599481229119 0.0478782327724014 0
1027 0.1220031851077353 0.04139235514421207 0
1028 0.1210106429882704 0.05010253931799799 0
1029 0.1254152307629839 0.03307885065478405 0
1030 0.1648568583916799 0.04807118868273245 0
1031 0.1745690961300509 0.04556446229994437 0
1032 0.1168089229842167 0.03427719253552208 0
1033 0.1193066726436256 0.02706952928202879 0
1034 0.1452696351509054 0.05252978255710487 0
1035 0.1273534117377649 0.02487351947940537 0
1036 0.1211981140709617 0.019240128869291 0
1037 0.1270912361359632 0.05636147450420612 0
1038 0.1187269720260333 0.05830799479848567 0
1039 0.1135309242984638 0.02154946321467732 0
1040 0.1152200810952302 0.01391472642812683 0
1041 0.1171200610010528 -0.05795274809484365 0
1042 0.1246390485549138 -0.06231276176768888 0
1043 0.1128008992461777 0.05228900612990738 0
1044 0.1106977442809648 0.06010133182958258 0
1045 0.1097733818863141 -0.02515497307575229 0
1046 0.1076325461044092 -0.01788214285118475 0
1047 0.1719078561794564 0.05520346843037006 0
1048 0.1815918005668896 0.05268923606527354 0
1049 0.1096032266280377 -0.05571870550381749 0
1050 0.107783317814147 -0.04848291677529746 0
1051 0.1128454885408957 -0.01247302405763102 0
1052 0.1046747671446269 -0.01024027683653365 0
1053 0.1078789851720253 0.01620565315843031 0
1054 0.1061854451981156 0.02345641525367082 0
1055 0.1246243494306571 0.06469160224731517 0
1056 0.1106483770869167 -0.06249771070951719 0
1057 0.142180397138965 -0.000422516504719652 0
1058 0.1842533334042762 0.04304990714049341 0
1059 0.1912721045722468 0.05017402267235485 0
1060 0.1886116544934202 0.05981361382306655 0
1061 0.1983036402796512 0.05730171663228795 0
1062 0.1051352364251515 0.05467790278058158 0
1063 0.1594822885570988 -0.03085058594365041 0
1064 0.1694252860629854 -0.03359703242929099 0
1065 0.1620464607800266 -0.04027938984102811 0
1066 0.1721450367596235 -0.04287302498837945 0
1067 0.1791503932821935 -0.0360847336961504 0
1068 0.1819009865412012 -0.04539804046679388 0
1069 0.1888492386962103 -0.03859831256360424 0
1070 0.1915117645037008 -0.04823770262475659 0
1071 0.1985295895094601 -0.04117312758035546 0
1072 0.1640435926572463 -0.04876844096609297 0
1073 0.2012363811747377 -0.05111960018800776 0
1074 0.2087538510341565 -0.04331516729445676 0
1075 0.1841778752290686 -0.05442346155008552 0
1076 0.1957604629273527 -0.03156588915659587 0
1077 0.2116933564221877 -0.05395473859220826 0
1078 0.2202807433553294 -0.0457078548841223 0
1079 0.2165682044223939 -0.03378351002050786 0
1080 0.2291002912432849 -0.03625727957161674 0
1081 0.1031262905297888 0.0620249684168865 0
1082 0.2916430036294909 0.03608494103411714 0
1083 0.1023391555867186 -0.05343987942994936 0
1084 0.1084815860706324 0.0676643278286303 0
1085 0.2339288501127074 -0.04989170717099901 0
1086 0.2445174911079399 -0.03890176895844735 0
1087 0.2038488971335097 -0.06176769105895397 0
1088 0.1026749046822584 -0.0232130327476096 0
1089 0.1095378798040667 0.008871892285805746 0
1090 0.1166795253224967 0.006489782247398443 0
1091 0.102601026492557 0.01107347375768533 0
1092 0.1008925875856364 -0.04691143290687283 0
1093 0.1009566705806607 0.06932766090171252 0
1094 0.2009653733828866 0.04758324801667495 0
1095 0.2084997894317334 0.0552074614455307 0
1096 0.09809499248724196 0.05666603108474255 0
1097 0.09985106686759865 0.04973566942991547 0
1098 0.1956320851812149 0.06693825157040384 0
1099 0.1859518502331768 0.06945336972862494 0
1100 0.1045608135621292 -0.03012977516230222 0
1101 0.1293048066922427 0.01666665145251663 0
1102 0.09775685205328105 -0.02825862117699003 0
1103 0.1558015106278655 0.01415713576941567 0
1104 0.1039166880497507 0.003813299607339901 0
1105 0.09741439326320767 0.006144219063600865 0
1106 0.211515963876608 0.04467039069644432 0
1107 0.1622375879315377 0.05772103746070471 0
1108 0.09592683686463715 0.01291081311202229 0
1109 0.1692540293981645 0.06484465173664952 0
1110 0.1596177479899931 0.067397971014973 0
1111 0.1438854529627488 0.02686604817652278 0
1112 0.1662494313064514 0.07471063186530941 0
1113 0.2144025839085757 -0.06522596947064285 0
1114 0.1060625780457985 0.07482481044186913 0
1115 0.09871654569459468 0.07629730566857078 0
1116 0.09536529408313882 -0.05141988586994062 0
1117 0.09706094113915234 -0.0580461525382715 0
1118 0.179827136315967 0.0262857253606423 0
1119 0.09896898130247633 -0.0004877764851921249 0
1120 0.1331239787898424 0.06271718734668603 0
1121 0.1308048826645138 0.07135292049734879 0
1122 0.1399229672515538 0.07009109352519266 0
1123 0.1221725954641423 0.07285648234434908 0
1124 0.09590712479392249 -0.02167444341194381 0
1125 0.2197673136682493 0.05304915176532675 0
1126 0.2060130173887959 -0.07280691399982965 0
1127 0.1960841682030493 -0.06849755209990305 0
1128 0.2485870286332699 -0.05605712931265244 0
1129 0.2618191390214077 -0.04356346453996114 0
1130 0.2356584791267826 -0.06683437708676614 0
1131 0.216346681785916 0.06377590302981923 0
1132 0.2538355128369294 -0.02647982363446316 0
1133 0.2750974811998753 -0.02723642730718505 0
1134 0.1448839233426316 -0.04306248789124487 0
1135 0.1471337814303627 -0.05186932737919318 0
1136 0.1404736741401911 -0.05818696172704881 0
1137 0.1493165596130429 -0.06090438587177233 0
1138 0.1425106443082252 -0.06734015969456382 0
1139 0.1516384912355068 -0.06960529584327456 0
1140 0.2254803477340762 -0.02233037352813344 0
1141 0.2108671935784074 -0.02163096277565358 0
1142 0.1279791425935466 0.0796062492749301 0
1143 0.1330455097960104 0.00135252498192815 0
1144 0.1254081388513523 -0.005479568764750416 0
1145 0.1457686869531417 -0.07675771305379836 0
1146 0.1363544642348234 -0.073861164290073 0
1147 0.1107771748848708 -0.005427503703529027 0
1148 0.2825734044998328 -0.04743080690265363 0
1149 0.2980069270924585 -0.03100559155190971 0
1150 0.2901606325891778 -0.008709738698418096 0
1151 0.3158584968076663 -0.01277631409377349 0
1152 0.09941393886721453 -0.03465115008425697 0
1153 0.1060740368925866 -0.0369144245531071 0
1154 0.1188694764008731 0.08214900564423577 0
1155 0.1392114759181452 0.007794121747553042 0
1156 0.09353982825556878 0.05163551960347069 0
1157 0.09522330861836795 0.0450238094529033 0
1158 0.1015094815791193 0.043021884490945 0
1159 0.09657392744078569 0.03839770198445945 0
1160 0.1029293250546713 0.0365049820628696 0
1161 0.09787003256122401 0.03192873077107344 0
1162 0.1583735196694766 -0.06379171879286015 0
1163 0.1607969243933606 -0.0725285870872403 0
1164 0.1677327656329229 -0.06652298372907796 0
1165 0.1701099432013696 -0.07571078040052193 0
1166 0.1778541457067331 -0.06979158026175639 0
1167 0.1566846518740212 0.07660666983014543 0
1168 0.2290685293286707 0.0620000670166053 0
1169 0.09501043740769724 -0.04489797483248349 0
1170 0.09423810633153934 0.07077300047974032 0
1171 0.1933217647155782 0.07598512866952464 0
1172 0.09054519719086535 -0.05606781449390481 0
1173 0.2028956664832424 0.07383015159348724 0
1174 0.1081506201940688 0.04107413667027128 0
1175 0.255911681354689 -0.08409365787335606 0
1176 0.2044817806575818 0.03787425232750706 0
1177 0.0913058504562429 0.05751399864379809 0
1178 0.09319038022006348 0.001541381994116859 0
1179 0.09441279595866758 -0.005091837470996314 0
1180 0.1796649590667129 -0.07874288577172826 0
1181 0.183578231852884 0.08017927751032003 0
1182 0.09243758323514495 -0.06224031373465935 0
1183 0.09826947580926942 -0.06453608970039845 0
1184 0.09370580962288277 -0.06846576164895388 0
1185 0.09955802890221302 -0.07106720127127016 0
1186 0.09470298160957419 -0.07536956362758158 0
1187 0.1010809422788806 -0.07793796675394733 0
1188 0.0959250472059876 -0.08379771888132014 0
1189 0.1065275135592427 -0.07358901713498396 0
1190 0.09355308130185719 -0.03280109409666825 0
1191 0.1083167502264035 -0.08064200977287746 0
1192 0.1143711805921821 -0.07580127333843421 0
1193 0.1160808147509286 -0.08389592838286739 0
1194 0.1223458436962198 -0.07789523407615898 0
1195 0.1248224888233854 -0.08537578695598549 0
1196 0.0910550969193617 0.07703294025518204 0
1197 0.09628681571463305 0.08253492886996877 0
1198 0.08982118250677559 0.04076593642048154 0
1199 0.2175200867020912 -0.002303148989205632 0
1200 0.125368238053722 0.08803386422576985 0
1201 0.3037868180012405 0.01109638659782119 0
1202 0.08791737299854516 0.05196362683865941 0
1203 0.3062574715380921 -0.05483969779307628 0
1204 0.09986327005437265 -0.09159469327311678 0
1205 0.3029803971497859 0.07820461041771062 0
1206 0.1994850909258918 0.02228256097139206 0
1207 0.09514708162967109 0.0633532591723813 0
1208 0.09820001316046567 0.09367301078076612 0
1209 0.2360451752051691 0.08614286240920779 0
1210 0.2369576082400458 -0.08426422741777166 0
1211 0.09056792277912304 0.007825770354886793 0
1212 0.2453009787416124 0.06931635903081701 0
1213 0.09201074954506036 0.03389592909883147 0
1214 0.0936769316015697 0.02725719964464313 0
1215 0.1973162690809214 -0.07917027783432079 0
1216 0.09082634588424651 -0.02654674451383744 0
1217 0.1009167378137446 0.01802717930336736 0
1218 0.09398313839092687 0.01934489290366866 0
1219 0.1499518361815415 0.06970292366403674 0
1220 0.1467438563385912 0.07744283678623826 0
1221 0.1372936891155097 0.07846776796124388 0
1222 0.1124748742446439 -0.04163447602917415 0
1223 0.1193563974345736 -0.03561091163109842 0
1224 0.1202383017900384 -0.06988629182806891 0
1225 0.1115280310548511 0.02854127276782938 0
1226 0.1174734176284699 -0.007373999518547576 0
1227 0.1005709774727059 -0.01623830664274447 0
1228 0.09450085393527421 -0.01550032748856822 0
1229 0.08461074903206744 0.005718503209853508 0
1230 0.08491801778325739 -0.005921614361409624 0
1231 0.2162694994217139 0.03304857969169415 0
1232 0.1485544686504949 0.006523419290866215 0
1233 0.1447940838866304 0.01658270707506582 0
1234 0.1291006500467353 -0.01453254979276095 0
1235 0.3642813127912541 -0.03869641964483892 0
1236 0.368183723915845 0.03746166788410778 0
1237 0.08460093575663938 -0.06870332397018644 0
1238 0.08460155201764208 0.06857280987736476 0
1239 0.2078211142539016 -0.08360800365841994 0
1240 0.1885402592595878 -0.08361889899692627 0
1241 0.08491418284207478 -0.05174460201433467 0
1242 0.1485007108991442 -0.09172310296394243 0
1243 0.152396024108215 -0.084011881396861 0
1244 0.1622490048815409 -0.08226119935223604 0
1245 0.1481682785936916 0.09230350245853794 0
1246 0.3399302209861478 0.01932065282316226 0
1247 0.1676231400087836 -0.09175392745173086 0
1248 0.08476682189461299 -0.01717050932234218 0
1249 0.08469389781005465 0.01715681530428379 0
1250 0.08912214171980895 -0.0795831799267569 0
1251 0.09792752133226418 -0.01028801092015666 0
1252 0.08984843883102878 0.01454549695558988 0
1253 0.1677728421458909 0.09174630165994857 0
1254 0.1723899229660279 0.08232349779001606 0
1255 0.1876217293769758 0.09106454678247053 0
1256 0.2074909031367696 0.09054282913946396 0
1257 0.09949610026859881 0.0249876806352099 0
1258 0.3141335478813645 0.05396196112657374 0
1259 0.1758393601929596 -0.0603950683064975 0
1260 0.2168571645917425 -0.07669122370139415 0
1261 0.1497392696869639 -0.02799833806838314 0
1262 0.1049106060549123 0.08307803544897606 0
1263 0.2243487430837497 0.0746973482573057 0
1264 0.0893026662331256 -0.008337425814270374 0
1265 0.133670048667942 -0.06477182256403953 0
1266 0.08462921890001379 -0.05713561692282415 0
1267 0.152286674784436 0.0597668271018609 0
1268 0.08510923409596183 0.08008101459702699 0
1269 0.2459724288191128 0.0005021102299286517 0
1270 0.3002790630262364 -0.07925424758855538 0
1271 0.330464357248714 -0.03814384782661882 0
1272 0.1551113564867642 0.05040660716656496 0
1273 0.08934110537843903 0.06645894109358574 0
1274 0.1586516054233794 0.004624341405092486 0
1275 0.124146683510517 0.003726780100775289 0
1276 0.1164491337269774 0.06624441231678453 0
1277 0.18616996897139 -0.0290258052127892 0
1278 0.1930785138238047 -0.02194491768861125 0
1279 0.1834957249873781 -0.01940358990165509 0
1280 0.1789317293417022 0.06232887577090508 0
1281 0.1760591991830678 0.07230671740030416 0
1282 0.1764818904920386 -0.026498566910809 0
1283 0.177222094641404 0.03592583717009584 0
1284 0.1866790457115933 0.03359598656490609 0
1285 0.1738250198843532 -0.01688089562554957 0
1286 0.1534380423622586 0.02427745462714996 0
1287 0.113965234829604 0.04532698301782074 0
1288 0.09002211293043275 -0.01966853345871069 0
1289 0.1808591738759387 -0.009762200624843453 0
1290 0.08462822088713018 -0.04004589505449883 0
1291 0.1905168021850191 -0.01229273230692899 0
1292 0.2004537090723391 -0.015737092822943 0
1293 0.08498178545155882 -0.02849228682547357 0
1294 0.08497246878628439 0.02795716004617938 0
1295 0.2642217506589292 -0.007286117199743303 0
1296 0.1344507955600349 0.03037186651494441 0
1297 0.1938598313843987 0.04070715943284679 0
1298 0.1978884450872055 -0.005511431779118867 0
1299 0.19415487864096 -0.05795816222767608 0
1300 0.1825197574678829 0.01675755979788 0
1301 0.1106231245060254 0.00161518281204546 0
1302 0.1227417057464291 0.01148747989004052 0
1303 0.2054787557197911 0.06486253413257777 0
1304 0.1542381445530348 -0.0459047462255074 0
1305 0.1036565855487525 -0.06015482687062785 0
1306 0.1117643803718204 -0.03227101893611361 0
1307 0.1380201366914576 -0.08210693005071482 0
1308 0.1317496937485325 -0.0556193576596364 0
1309 0.2412580458395359 -0.01579577707196589 0
1310 0.1427741562634226 -0.03433560109210346 0
1311 0.1893997493900668 0.02427521385798795 0
1312 0.2121940018730756 0.08082880982416055 0
1313 0.1563276964310685 -0.05497119518043431 0
1314 0.2830968563816945 0.0132115681464305 0
1315 0.1366265725176253 0.02172140061262291 0
1316 0.1518837285348926 -0.002532505938650549 0
1317 0.1139359945373901 0.07417393754074511 0
1318 0.1355064858071245 0.05437555005177562 0
1319 0.120455708039184 -0.01408962276872144 0
1320 0.1859215044051432 -0.06414749233137311 0
1321 0.1069020898569533 0.04768759708657357 0
1322 0.1624952545249372 0.08362802984944369 0
1323 0.2054805752944754 -0.03307623371556542 0
1324 0.08411455127448667 0.0403158390856397 0
1325 0.1190134870836922 -0.09207560362282832 0
1326 0.117544776454977 0.09208598964327888 0
1327 0.08992563527774208 -0.04880495867809671 0
1328 0.1045001398826889 0.03006707531281574 0
1329 0.1426769296609006 0.06153056070777613 0
1330 0.1114841828150257 0.08059229927334373 0
1331 0.2647598257445181 -0.06586018865675136 0
1332 0.232590826182078 0.04971962321501024 0
1333 0.102558574685926 -0.08501718783231138 0
1334 0.1044883479866053 -0.003182186463104105 0
1335 0.0948360985818609 -0.03882608208509686 0
1336 0.08909338939972852 -0.002493791431475108 0
1337 0.1874714237115881 -0.07388314254293284 0
1338 0.08483738340624242 -0.09066225072409773 0
1339 0.08452896634506454 0.09116083981834608 0
1340 0.1521940405305297 -0.03707185817698623 0
1341 0.3691351803907323 0.07137032247063342 0
1342 0.173135295207979 -0.08441863930992285 0
1343 0.1305063932047288 0.009178008578008061 0
1344 0.08921255249847948 -0.0367232291772886 0
1345 0.2009230162434279 0.08265235891651479 0
1346 0.0850928879000645 0.05712102101380352 0
1347 0.09017491932179761 -0.08664652586956739 0
1348 0.3695862669714543 -0.07005045803713492 0
1349 0.2083843378698521 -0.009145123788428963 0
1350 0.2011280909392759 -0.02479101923187382 0
1351 0.08983822091654883 0.08377534746030194 0
1352 0.2236036879869068 -0.05842182444248726 0
1353 0.1279381771433935 -0.07140368354208387 0
1354 0.1302826772567182 -0.0794598571002658 0
1355 0.1050719810414366 -0.06695234143392811 0
1356 0.196575233787573 0.03128710946179329 0
1357 0.1301195559243035 -0.09245726392378563 0
1358 0.3407221156932632 -0.0106998145221943 0
1359 0.08966627506880503 0.02370103913476114 0
1360 0.08933686449627731 -0.01389609111734004 0
1361 0.1336422922341343 0.08586990045693046 0
1362 0.08368841172378044 -0.07994874759484578 0
1363 0.1172277112225957 -0.0002928419708450314 0
1364 0.09029365034138517 0.04712554873728871 0
1365 0.2293830303124674 -0.008337733386048572 0
1366 0.1003284699838906 -0.04077379463073882 0
1367 0.1524191070830508 0.08447681415524129 0
1368 0.2240957315871914 -0.06934877690501706 0
1369 0.08952012751601385 -0.04263436091790554 0
1370 0.2083346789898682 -0.09274141111333296 0
1371 0.08919782487626549 -0.07209327069132428 0
1372 0.1738279053405578 -0.05174109802083819 0
1373 0.1448481070177864 -0.08490741536721035 0
1374 0.1091994573766373 0.0349853702926328 0
1375 0.1869214332827734 -0.09247949238443007 0
1376 0.3395681188021851 0.04560870730407254 0
1377 0.1428073111626516 0.08517185114547228 0
1378 0.08877302187609995 0.07142266742941797 0
1379 0.09387516561113773 0.08834725285680706 0
1380 0.272180990485999 0.02735063206402143 0
1381 0.166024139987372 -0.05769841749930017 0
1382 0.3190326442265372 0.02846472530698732 0
1383 0.2181032802408356 -0.01284894931606517 0
1384 0.1006279409764077 0.08759752511461577 0
1385 0.1056924128911075 -0.04277384106546302 0
1386 0.08829693413708739 0.002734113234776011 0
1387 0.08870311948230622 -0.06568034181441805 0
1388 0.2268141477006762 -0.07881463782932449 0
1389 0.1308887215600138 0.09327480994746842 0
1390 0.0886075875404097 -0.03151620446556222 0
1391 0.08327423368726047 0.05151938362911759 0
1392 0.2861013309948414 -0.06579686055568285 0
1393 0.08815940012712259 -0.06021302873345385 0
1394 0.1360584119357147 0.01461152986686338 0
1395 0.08874703108410498 0.01910545125995927 0
1396 0.08402107275262394 -0.09576274207567032 0
1397 0.0840247422995255 0.095871600666978 0
1398 0.2055459046559057 0.02898748361611984 0
1399 0.100094482744928 -0.005858017635196571 0
1400 0.1545054925137068 -0.07666133058014224 0
1401 0.08918397539500891 0.03001386946370276 0
1402 0.112382404485316 -0.06883999047062273 0
1403 0.09388415895906516 -0.09119412860906329 0
1404 0.2393443447615041 0.05792710806972205 0
1405 0.2119504558942503 0.07174831255503228 0
1406 0.2230302762783688 0.04305595838622356 0
1407 0.2388383377523532 -0.02795300455292531 0
1408 0.248374924619861 -0.07142191606945954 0
1409 0.1323701520300047 -0.08607925027559311 0
1410 0.0887454797205619 0.06143764974506256 0
1411 0.1813096228614915 -0.08613058767050528 0
1412 0.117128905514628 -0.06430230280404989 0
1413 0.1925379013023024 0.08404118330435376 0
1414 0.3251341560587946 0.004715702956177065 0
1415 0.08854337012836327 0.0885903164439107 0
1416 0.1127567998748403 0.08659946172351737 0
1417 0.1140254840984524 0.03941120753209179 0
1418 0.09326420555988579 -0.0106575391287565 0
1419 0.02724170834614628 0.1048059664911426 0
1420 0.008185925653446627 0.1286626462651842 0
1421 0.04174147407386766 0.1477245806027954 0
1422 0.04176041045797736 0.1681475872254391 0
1423 0.04145321681874926 0.1880384950425613 0
1424 0.04145321681874926 0.2077764453241632 0
1425 0.04145321681874926 0.2275143956057652 0
1426 0.04145321681874926 0.2472523458873671 0
1427 0.04156029080364015 0.2669867904698012 0
1428 0.04134233384762646 0.2866652930648572 0
1429 0.01667514498906158 0.1040063176361236 0
1430 0.04084578777431785 0.3071793502113181 0
1431 0.008590842518084327 0.1580247508684702 0
1432 0.008546891697219134 0.1781743955589746 0
1433 0.008547316532773436 0.197914372428613 0
1434 0.008547337714829545 0.2176536308018227 0
1435 0.008547316276953324 0.2373929603386295 0
1436 0.008547320878438909 0.2571322093510116 0
1437 0.008345882962150254 0.2767321049949379 0
1438 0.04135578181203595 0.1289692527491194 0
1439 0.008347964335927278 0.2964308566952137 0
1440 0.03748644562828761 0.1043282258362986 0
1441 0.01177857662625367 0.3196574951410709 0
1442 0.03784956637382587 0.334465235044369 0
1443 0.006252695724063329 0.1094990843551549 0
1444 0.01554785064331131 0.3532439875542266 0
1445 0.03059451502319474 0.3790037258903167 0
1446 0.04399419617842614 0.1088973248000703 0
1447 0.03770697293769465 0.349554115921186 0
1448 0.008369034938664019 0.1192653111220096 0
1449 0.0158912688238444 0.1243461724089481 0
1450 0.01633170833494532 0.1330698724557914 0
1451 0.02398108330050217 0.1280525921555049 0
1452 0.02470947684613153 0.1371806680132599 0
1453 0.02271734464246085 0.1191833647449901 0
1454 0.01679768439703072 0.1423671397426283 0
1455 0.02516900034763863 0.1465984276456894 0
1456 0.01310653110763159 0.1131372289796296 0
1457 0.0330296476263896 0.1233575358355689 0
1458 0.03062531363257798 0.1153715585916922 0
1459 0.03735675101401853 0.1178011734676888 0
1460 0.02436020480206267 0.1110577068404018 0
1461 0.0237952512870999 0.4034181972703936 0
1462 0.01388346539369165 0.335261129276162 0
1463 0.02489786301126258 0.3244636405734691 0
1464 0.02013329302563581 0.3112900321541182 0
1465 0.0332012735593702 0.1421817560183139 0
1466 0.01703191997937333 0.1523957560873157 0
1467 0.02544127241225398 0.1570020342444748 0
1468 0.039485948476294 0.3196547851556451 0
1469 0.009438215789346015 0.3072215744686616 0
1470 0.04103737464890767 0.2966995208496309 0
1471 0.03252846540782755 0.2912864192539859 0
1472 0.03297448751146451 0.2814193497625715 0
1473 0.02425698021481839 0.2859287174761414 0
1474 0.02483302066869753 0.2764515840219096 0
1475 0.02433605297137086 0.2957241919857217 0
1476 0.008547311504921287 0.2472625784982597 0
1477 0.01709570961375884 0.2521971425807516 0
1478 0.01695157647880942 0.2619952183651324 0
1479 0.02551523338841638 0.2570874704496343 0
1480 0.02564249941497083 0.2472614192323329 0
1481 0.008370842767504973 0.2669666686536126 0
1482 0.008546815437620488 0.188043889900091 0
1483 0.01709406661401792 0.1929786515766435 0
1484 0.01709451767365706 0.202848891758377 0
1485 0.02564179084368737 0.1979142732452143 0
1486 0.02564184308951523 0.207783647301476 0
1487 0.02564174185772028 0.1880448991886841 0
1488 0.0170945935334107 0.2127186211931658 0
1489 0.02564195146942609 0.2176530033510012 0
1490 0.008547310476376024 0.2275233371711766 0
1491 0.01709453665019452 0.2324580473400876 0
1492 0.01709482819978306 0.2423274236542399 0
1493 0.01709458256333993 0.2225883347426274 0
1494 0.02564176553580273 0.2275233685985107 0
1495 0.008554061591669888 0.1682376303292208 0
1496 0.01709426492841676 0.1732299116891244 0
1497 0.01709433776132703 0.183107801648263 0
1498 0.02564224603296759 0.1781750619760604 0
1499 0.02563827938467094 0.1683117081264342 0
1500 0.01705844013574487 0.1628669652241734 0
1501 0.03354160956648061 0.1624431386314488 0
1502 0.008312590179781223 0.2863495609746055 0
1503 0.008547294242445123 0.2077839429902068 0
1504 0.04145321681874932 0.1979074701833623 0
1505 0.04145321681874921 0.2176454204649642 0
1506 0.0415157346974016 0.2571211689344586 0
1507 0.04164247742430887 0.1781519265458637 0
1508 0.04145321681874931 0.2373833707465661 0
1509 0.02564159573789956 0.2373923939353782 0
1510 0.03307612416767193 0.1330725706850539 0
1511 0.00829993164177301 0.1382692963274973 0
1512 0.03244849679444808 0.301016558349915 0
1513 0.04155881176192414 0.276801879021116 0
1514 0.008493646163203701 0.1479738687138264 0
1515 0.03656111437395038 0.1108961258977729 0
1516 0.02495345760878441 0.4333156532259604 0
1517 0.03330560892337812 0.2718395382002422 0
1518 0.01196542051636889 0.1070907075626941 0
1519 0.02509697230798287 0.266894383049308 0
1520 0.04166714721790819 0.1576734696400837 0
1521 0.03362908049359031 0.1730555716629012 0
1522 0.03270955017365768 0.1048582972960105 0
1523 0.02192916856536247 0.1049193863297712 0
1524 0.03359303988195866 0.1830731561715054 0
1525 0.03355543861882063 0.1929700419308484 0
1526 0.03354962549205889 0.2028419577537627 0
1527 0.03354977594071771 0.2127109328945636 0
1528 0.03354914293190767 0.2225813158481864 0
1529 0.03355021965867568 0.2423178583169666 0
1530 0.03354921954590856 0.2324505331756877 0
1531 0.03355068728292624 0.2521868334577676 0
1532 0.04156244226882429 0.1382225664553993 0
1533 0.04279073910039783 0.1032319430370508 0
1534 0.03359611810296456 0.2620558085985686 0
1535 0.0166997751474718 0.2716683068964357 0
1536 0.0312808847183722 0.3113101269109046 0
1537 0.01656558001065081 0.281078795618845 0
1538 0.007649683992968441 0.1041702849685026 0
1539 0.03346029619625321 0.1522705677971343 0
1540 0.01636477141013465 0.2911791793485797 0
1541 0.01657515784921824 0.3014044097436384 0
1542 0.0250066795254078 0.4753148961740508 0
1543 0.030299578265679 0.109397931023404 0
1544 0.04367795259571754 0.1163919977303399 0
1545 0.01511802446691033 0.3721818840228331 0
1546 0.01890422882492494 0.1146209261297123 0
1547 0.01782344980090202 0.1091387122463888 0
1548 0.02620899215818481 0.3431673190968973 0
1549 0.0172629259729903 0.3865028422210706 0
1550 0.02477847015283617 0.3040714795614137 0
1551 0.003782267075681994 0.1039076329813867 0
1552 0.04668100342229535 0.1034094180046659 0
1553 0.01251355437171229 0.1030880024836161 0
1554 0.04204487778239745 0.1224336617253152 0
1555 0.02784403233389794 0.3615207610221416 0
1556 0.01552819995566677 0.1182150757592046 0
1557 0.06732835355968418 0.1043957558240107 0
1558 0.05832985109384763 0.1177351532460965 0
1559 0.05854678318125071 0.286728246450571 0
1560 0.07161316015528647 0.1386399818219108 0
1561 0.07167312319475008 0.1781018385593442 0
1562 0.05839666942945452 0.1976474655383364 0
1563 0.05832687680524992 0.23731568940415 0
1564 0.07145321681874925 0.1584315696201584 0
1565 0.05854678318125075 0.2176454204649642 0
1566 0.07180532141775152 0.2571213210281681 0
1567 0.07084578777431785 0.3071793502113181 0
1568 0.05774534277926654 0.1053240882948827 0
1569 0.07145321681874926 0.27685927130977 0
1570 0.07145321681874926 0.2275143956057651 0
1571 0.07234519826764692 0.2075907277205733 0
1572 0.05854678318125075 0.1683005447609593 0
1573 0.05832687680524994 0.2670579775113852 0
1574 0.05819071675404202 0.1484789063959095 0
1575 0.07275574647466007 0.1188800013683314 0
1576 0.05977708904793427 0.319729092012688 0
1577 0.07398781398650157 0.1097646141272886 0
1578 0.06684510529996833 0.114752192675392 0
1579 0.0650250860491607 0.3325721498614189 0
1580 0.06500418100819345 0.353659104868961 0
1581 0.05999505900008836 0.3077218106467809 0
1582 0.07109989211315361 0.2968113950477368 0
1583 0.0579910479394033 0.1282605775450987 0
1584 0.05816310175904161 0.1381753410923794 0
1585 0.07233927698270226 0.1285464318568137 0
1586 0.05913700476380595 0.2969452886332812 0
1587 0.0715511502173789 0.2867994442607413 0
1588 0.05854678318125085 0.1781695199017602 0
1589 0.05816965962361582 0.187995160935057 0
1590 0.06560998256926195 0.192402416864155 0
1591 0.07145321681874926 0.2373833707465662 0
1592 0.0580227227437382 0.2074731065716331 0
1593 0.07186400551758523 0.2472523458873671 0
1594 0.06285640296861121 0.2521868334577676 0
1595 0.05854678318125077 0.2275143956057652 0
1596 0.05835558510835559 0.276859209314644 0
1597 0.07165097723782454 0.2669902961689691 0
1598 0.07145321681874925 0.1683005447609594 0
1599 0.05834967784527042 0.1584279388376958 0
1600 0.0717054962474422 0.1485439626255782 0
1601 0.07176171500715431 0.2176341402412282 0
1602 0.0569575150283417 0.1116716287326155 0
1603 0.06241337126893825 0.1038869715518773 0
1604 0.07240914192137235 0.1043372668278993 0
1605 0.0654879638428081 0.123491713746698 0
1606 0.065 0.4776200221001242 0
1607 0.07083877667203985 0.317452831543459 0
1608 0.065 0.3759189475876794 0
1609 0.07263831482421046 0.1879321205273574 0
1610 0.05724046820107465 0.2591086523248115 0
1611 0.05724046820107464 0.2452650145907237 0
1612 0.06549006957047739 0.202622019962104 0
1613 0.06480645245246025 0.1433749895849812 0
1614 0.06506683385528367 0.133414839274647 0
1615 0.06495795579234391 0.1534665490528476 0
1616 0.065 0.1633660571905589 0
1617 0.06519441479504459 0.2125908871659779 0
1618 0.06504276470947701 0.2225687408625482 0
1619 0.06498655778613846 0.2324421783704486 0
1620 0.06496761953361524 0.2719245352463726 0
1621 0.06499999999999988 0.1732350323313596 0
1622 0.07268059420526612 0.1977270375734857 0
1623 0.06482064643407856 0.2621806120573916 0
1624 0.06481334941836436 0.2421926325246454 0
1625 0.06498093876848804 0.1831040074721607 0
1626 0.0649554192940185 0.2817766540601602 0
1627 0.065 0.4033927545642056 0
1628 0.065 0.4368604346660855 0
1629 0.06499608104851967 0.2917461782085897 0
1630 0.06265985273959353 0.1095501100326206 0
1631 0.06501724506653039 0.3020327458303945 0
1632 0.05429989893174171 0.1077855210872981 0
1633 0.05347373506435963 0.1037650104600031 0
1634 0.07628031008744313 0.1039940420105916 0
1635 0.068646053501424 0.1085599878974422 0
1636 0.08800377302197138 0.236580995954519 0
1637 0.08811932045931453 0.2870631869239197 0
1638 0.2078416277393452 0.1096173242951322 0
1639 0.09432812779336833 0.3331881019450852 0
1640 0.08842350364609741 0.1979808396108219 0
1641 0.1669057815178771 0.1080212418859155 0
1642 0.2547325039395158 0.1165958256915248 0
1643 0.08819031236490721 0.1582133830450914 0
1644 0.1372322419733525 0.1082164470617621 0
1645 0.358096884335794 0.3002634370172101 0
1646 0.3045197321834096 0.125089099997691 0
1647 0.09953152691707259 0.3759189475876794 0
1648 0.2371425010343693 0.4666496125062391 0
1649 0.08818790750461544 0.1282749127092476 0
1650 0.0889742832592261 0.3068130033839482 0
1651 0.1185910562268081 0.1085192310879492 0
1652 0.187976413391974 0.1086157623622643 0
1653 0.08814832304851822 0.1789308065298389 0
1654 0.08797271297971915 0.2176274223037017 0
1655 0.08810077492704049 0.257642387130101 0
1656 0.3634064879166484 0.2142820536837782 0
1657 0.3662263982662882 0.386574607662336 0
1658 0.09880382000841081 0.1070880628314978 0
1659 0.1109941563907321 0.4385262443650607 0
1660 0.3263335978740535 0.4598442023987934 0
1661 0.08585141411299652 0.1101375163886057 0
1662 0.2338438168227576 0.1157673079710418 0
1663 0.2451228320781416 0.1315496579965343 0
1664 0.2278786583683776 0.1324606136875342 0
1665 0.2366455886541885 0.146370002525522 0
1666 0.2185939743831429 0.1464382298268656 0
1667 0.2280896418501815 0.1598297859168489 0
1668 0.2135906489586809 0.160633005514525 0
1669 0.2209778467768205 0.1723295742172937 0
1670 0.2078186017599409 0.1724956546266011 0
1671 0.2140499065632832 0.1832713501170804 0
1672 0.202024925182594 0.1831893491634968 0
1673 0.2076701865372111 0.1931492435798707 0
1674 0.196815625208682 0.1929527850195821 0
1675 0.2021011775706841 0.2025708479417953 0
1676 0.191701692295907 0.2023170939135468 0
1677 0.1864526066338645 0.1935030858199093 0
1678 0.1815615879168145 0.2023907667646128 0
1679 0.1869806514057602 0.2112811766253327 0
1680 0.176684724974445 0.2111639054078898 0
1681 0.182082316883505 0.2199883642126663 0
1682 0.1764236282422854 0.1937913994956906 0
1683 0.1717698131163246 0.2198742600183243 0
1684 0.1768404992377767 0.2279760582592825 0
1685 0.1874811584577437 0.2288704949650737 0
1686 0.1668142810747719 0.2284709717907141 0
1687 0.1731704621883825 0.2370242430963451 0
1688 0.1618414761721586 0.2372310760334124 0
1689 0.1667416906764266 0.2456050166850365 0
1690 0.1617452361132581 0.2199555438482606 0
1691 0.2128166421749366 0.2029897311020959 0
1692 0.1569003915212193 0.2459285422279475 0
1693 0.1619568390881254 0.2545095501930871 0
1694 0.1723101791153346 0.2542786690713335 0
1695 0.1520193020287016 0.2546496985604382 0
1696 0.1569916031179583 0.2632091033684645 0
1697 0.1470943288404699 0.2634048858338902 0
1698 0.152058890838292 0.2719197376456514 0
1699 0.2009060883046573 0.160807535946118 0
1700 0.1470199520611886 0.2461624152592404 0
1701 0.1421285432371609 0.272095574820957 0
1702 0.1472085373147404 0.2806577625717604 0
1703 0.1572081790692842 0.2805731175436079 0
1704 0.2352046021253648 0.1726053671505784 0
1705 0.1372077508175932 0.2807516465204661 0
1706 0.1422818303917216 0.2893615686941084 0
1707 0.1321737783725334 0.2721687682286903 0
1708 0.1322821568387726 0.2894464703589464 0
1709 0.1373555050495712 0.2980622951762729 0
1710 0.1473015852938266 0.2980694446583398 0
1711 0.1270816875185817 0.2981944645373205 0
1712 0.1326536823843317 0.3072253142708755 0
1713 0.1222114339634641 0.289541375342048 0
1714 0.1811418974601896 0.1846108872811002 0
1715 0.1712559730257522 0.1851627430925547 0
1716 0.1761362776145018 0.1765074067210424 0
1717 0.1661339968426077 0.1766554549605967 0
1718 0.1709957936397259 0.167927058496428 0
1719 0.1609970089591932 0.1680889341817605 0
1720 0.1561381755611152 0.1768290440115894 0
1721 0.150998785976053 0.1682530221679587 0
1722 0.1461401245719278 0.1769938868676306 0
1723 0.1410002847401001 0.1684160210797489 0
1724 0.1558576809721653 0.159513101919957 0
1725 0.1361415217580202 0.1771564798702024 0
1726 0.1310016451427851 0.1685784634880296 0
1727 0.135860459220016 0.1598382109412461 0
1728 0.1412813761723481 0.1857344063344383 0
1729 0.1312827039621021 0.1858967174201865 0
1730 0.1364225714387803 0.1944746969305454 0
1731 0.1264238906444869 0.1946369731568595 0
1732 0.1315637580590037 0.203214952414814 0
1733 0.125861782884294 0.1600005050523916 0
1734 0.1307205993696759 0.1512602621715982 0
1735 0.1207219172968748 0.1514225331690031 0
1736 0.1215650750150505 0.203377219505381 0
1737 0.1267049428528941 0.2119552004824247 0
1738 0.1255807332274261 0.142682288046916 0
1739 0.135579416697115 0.1425200226790947 0
1740 0.1210029697735078 0.1687407615433431 0
1741 0.1214244653911759 0.3073811443371873 0
1742 0.1275088542757008 0.3171733903891468 0
1743 0.1397105769814943 0.3169625470067012 0
1744 0.1338565559330245 0.328785274755391 0
1745 0.1474723190977897 0.3278709112933305 0
1746 0.1412223934043865 0.3416702936907244 0
1747 0.1581667047159298 0.3403392463131807 0
1748 0.150265134772458 0.3569127599932859 0
1749 0.1691874424898384 0.356698459252493 0
1750 0.1769299344369158 0.3413219944668184 0
1751 0.1885326007276493 0.3552712312811531 0
1752 0.1953630296343103 0.3363895578931448 0
1753 0.2075558699025885 0.3527454862819319 0
1754 0.2148473457929312 0.3357607784549353 0
1755 0.2054744551489537 0.3217838960206124 0
1756 0.2208337270494708 0.320923526168107 0
1757 0.2120031151438862 0.3088085230842255 0
1758 0.2269909206153289 0.3072264849676498 0
1759 0.2181564738944414 0.2965928540355317 0
1760 0.2324912622504521 0.2943267523673475 0
1761 0.2349610916858957 0.3183064774480837 0
1762 0.2215668651959498 0.2826672523339299 0
1763 0.2383496402698659 0.280636540030813 0
1764 0.2273898007896505 0.3504439090738537 0
1765 0.228936180278965 0.2682867315134755 0
1766 0.2458856751566766 0.2654423598306109 0
1767 0.2056012868477956 0.298614637534097 0
1768 0.2565036329685506 0.2804324928532522 0
1769 0.1806427863912041 0.3722443825654523 0
1770 0.2654500098556116 0.2627841352406859 0
1771 0.2528401860101124 0.2476773778347899 0
1772 0.2189649000392175 0.369929325667098 0
1773 0.2416131600421823 0.3667304820899614 0
1774 0.2143398131538032 0.2694369899231923 0
1775 0.2197393908888574 0.2570355380110677 0
1776 0.2540432955024772 0.1467845717307112 0
1777 0.1464211800771156 0.1943124758243576 0
1778 0.2737668027356745 0.2433340495636378 0
1779 0.1164252072255859 0.1947992387248056 0
1780 0.1155820501059774 0.1428445548184827 0
1781 0.2052816983352005 0.2593601659420147 0
1782 0.2018835025522504 0.2710200547450006 0
1783 0.2112509272349023 0.2471097320796599 0
1784 0.1167062595307544 0.212117466443304 0
1785 0.121846127366582 0.2206954474121614 0
1786 0.1318448107710353 0.2205331817855496 0
1787 0.1269859952255358 0.2292734284749322 0
1788 0.1169873118206252 0.229435694099687 0
1789 0.122127179672382 0.2380136751332314 0
1790 0.260731474023168 0.2277365977052411 0
1791 0.2072674551840256 0.2116979838891941 0
1792 0.2783564164848746 0.2803514755897337 0
1793 0.1304395493025808 0.1339420435070509 0
1794 0.1404382326327436 0.1337797775767105 0
1795 0.2831841151406265 0.222198074021852 0
1796 0.2193417339053929 0.2128249696320839 0
1797 0.2987908935356041 0.2418177752501322 0
1798 0.1121284962661957 0.2381759407528057 0
1799 0.1172683641165404 0.2467539217806156 0
1800 0.1996640536041495 0.2486726235046477 0
1801 0.1107232346007253 0.151584801655607 0
1802 0.2657976962805086 0.2041257403080814 0
1803 0.2933606273696556 0.1994711946747541 0
1804 0.2256227234506597 0.2022688718469047 0
1805 0.1061056339101473 0.1432971560785197 0
1806 0.1110526803297455 0.1346331137779084 0
1807 0.2319837018942436 0.3893276759253858 0
1808 0.2565133362505779 0.3858304631423143 0
1809 0.2652567503937935 0.362331243898645 0
1810 0.2812043928797157 0.3815034216704958 0
1811 0.289823884194543 0.3581861809759131 0
1812 0.2734576029763099 0.3397074781943885 0
1813 0.1069886284163603 0.2295979597270641 0
1814 0.2128430249957922 0.1326242881101351 0
1815 0.2040102335943389 0.2382464924680094 0
1816 0.1072696807099061 0.2469161873983709 0
1817 0.1124095485599409 0.2554941684249218 0
1818 0.1455781004735726 0.1423577585277767 0
1819 0.1504369160883333 0.1336175121486208 0
1820 0.1555767839532129 0.1421954931815113 0
1821 0.160435599515358 0.1334552466050816 0
1822 0.1655754673758218 0.1420332276399923 0
1823 0.1704342829281165 0.1332929810097586 0
1824 0.1755741507830566 0.1418709620379237 0
1825 0.1804329663362284 0.1331307153984507 0
1826 0.1851684893415043 0.1414839159180157 0
1827 0.1552957316646537 0.1248772656000538 0
1828 0.1903642102460846 0.1329278983024184 0
1829 0.180034946016463 0.1500714400034907 0
1830 0.180627393954042 0.1670510393944289 0
1831 0.1664160577383473 0.1939613361853991 0
1832 0.299658978620268 0.3287849257888056 0
1833 0.1233710726235159 0.3409012269434278 0
1834 0.272645792745405 0.4072847572675048 0
1835 0.1272390521279984 0.2466084308142276 0
1836 0.1369704334026568 0.2290816811808735 0
1837 0.1418293764630145 0.2203730392468233 0
1838 0.213920148329796 0.2338681034275255 0
1839 0.194698632736599 0.1410278324024305 0
1840 0.1154281890533945 0.3173724246322648 0
1841 0.3008178865183008 0.4027362117414939 0
1842 0.1752963437341724 0.1247527043238049 0
1843 0.1084476298744614 0.3070710116381963 0
1844 0.1527484432991091 0.3153059887578522 0
1845 0.2782579113507817 0.180059981889713 0
1846 0.3043523749145759 0.1750382735035783 0
1847 0.1353010754647166 0.1253688232692863 0
1848 0.1255790071197075 0.125657006497045 0
1849 0.1468919913230729 0.2289012680008791 0
1850 0.1027378411031401 0.3181146558641988 0
1851 0.2079585743525698 0.2801183880690222 0
1852 0.1968651329005649 0.2801152315256773 0
1853 0.1913362010473381 0.2720804027521522 0
1854 0.1867192415045828 0.280647876572298 0
1855 0.1813361911631787 0.2723458520917754 0
1856 0.1767721014622141 0.2811883398172744 0
1857 0.1817710623177466 0.289306644757989 0
1858 0.1721817746692571 0.2900536701414804 0
1859 0.1772998074087189 0.2982401371198614 0
1860 0.1868265003686461 0.2636767150989585 0
1861 0.167630547392901 0.2989528068123426 0
1862 0.1731725332448945 0.3073551380289767 0
1863 0.1848487935368019 0.3069827370684081 0
1864 0.1716961066171415 0.2723899550721528 0
1865 0.2652146049280257 0.2999288796514562 0
1866 0.2328318969861142 0.2143205924311004 0
1867 0.3163204367736311 0.3547322847224668 0
1868 0.1962580359027037 0.173360368764396 0
1869 0.2933938281290461 0.4326317391079417 0
1870 0.178700036715192 0.3171096781851072 0
1871 0.2415706943390407 0.2003146212359288 0
1872 0.1028820971202346 0.2553740750546658 0
1873 0.1076292716643181 0.2641873552371699 0
1874 0.1175102688248059 0.2640087707540577 0
1875 0.1126181154557767 0.2727067796647082 0
1876 0.102692926323603 0.2729492156681831 0
1877 0.1077661806765789 0.2813709848829573 0
1878 0.2074065684752557 0.1515779545799713 0
1879 0.1918372077181798 0.2386796069851104 0
1880 0.1894664094862714 0.2490770823954672 0
1881 0.1014792253343785 0.1521122264890961 0
1882 0.1060910212112408 0.1604445467807064 0
1883 0.09689195516650884 0.1434105078336802 0
1884 0.2911101040689429 0.3002582641438948 0
1885 0.3039726438401419 0.2778881689628087 0
1886 0.2071784100008252 0.3914317341037174 0
1887 0.2225149963136737 0.413599626552085 0
1888 0.1920709681395515 0.4196870625756605 0
1889 0.2189102895749463 0.1206230446963559 0
1890 0.09727099730328795 0.2470784530161916 0
1891 0.2062517122553908 0.2277876112488209 0
1892 0.1818150871422634 0.2421769716185549 0
1893 0.1928173780414539 0.4601643941806085 0
1894 0.1489201763028886 0.4604985943223982 0
1895 0.2879265145067572 0.1519328282170187 0
1896 0.1106601581393927 0.3303319645784641 0
1897 0.1077739965318056 0.3434451064050413 0
1898 0.116426185627058 0.3599781640525704 0
1899 0.1314227044455489 0.1170150906282178 0
1900 0.2499682243489266 0.3434225422002108 0
1901 0.364827439030448 0.2551285443606988 0
1902 0.2771339183159923 0.1241122349376996 0
1903 0.1984688883564848 0.3094805751938874 0
1904 0.3389517364675043 0.1310286516146729 0
1905 0.3253839643862159 0.1982078426361804 0
1906 0.3347591401508725 0.1695212185603997 0
1907 0.1086270782041765 0.4015048140881386 0
1908 0.1367269671510949 0.4209851561833792 0
1909 0.1376987330539949 0.3922347110653759 0
1910 0.162252194718186 0.2904643007880878 0
1911 0.3197079966361487 0.3009963306567316 0
1912 0.08712528837598629 0.1184187668856609 0
1913 0.09583217075081968 0.1221667928783092 0
1914 0.09624025270792153 0.1323176157361027 0
1915 0.1945989308901334 0.2981944040812209 0
1916 0.1944943982026265 0.2574107202967282 0
1917 0.2054696624111765 0.1223451528640613 0
1918 0.2006737703791123 0.1324019305202443 0
1919 0.1970403232430686 0.1146250790351799 0
1920 0.3645489403901625 0.345581252203763 0
1921 0.1908998113105602 0.1644843732945549 0
1922 0.1926535224315341 0.1562599113972461 0
1923 0.08993936203421127 0.3182418064119342 0
1924 0.1055282303415725 0.1263588437288992 0
1925 0.1973661748072312 0.228732453462954 0
1926 0.1919390694946084 0.2196810969421369 0
1927 0.1573487494853843 0.2984495649550482 0
1928 0.09665341175238495 0.2822017068637868 0
1929 0.1029664769618356 0.2906651681915813 0
1930 0.09202142930994858 0.2727075074341019 0
1931 0.234668790129848 0.2531042030649384 0
1932 0.2381929386931287 0.2342580623033319 0
1933 0.2602050525562909 0.3224426720922952 0
1934 0.1913267506260735 0.1839132191590401 0
1935 0.3301732916646364 0.2370820198917069 0
1936 0.1947491722286538 0.1239903263265284 0
1937 0.108597710077033 0.1081063377428636 0
1938 0.1128024156037183 0.1170577688286503 0
1939 0.1915700124861971 0.3206596603132955 0
1940 0.1657683230772976 0.317244340890838 0
1941 0.2561498237917568 0.1844700159618513 0
1942 0.1848919154177196 0.1245565160068027 0
1943 0.1804407538337172 0.1161776668031783 0
1944 0.1453002106343552 0.1252343953600096 0
1945 0.1511610285303107 0.116453357808554 0
1946 0.1611282264020498 0.1164520621129579 0
1947 0.1706021542965654 0.1505482906778313 0
1948 0.1026370252633975 0.2386201722725469 0
1949 0.09678816900588158 0.2305550053987431 0
1950 0.1022824136857744 0.2214122103725086 0
1951 0.1119197194906743 0.2209230850191817 0
1952 0.1068387280455488 0.2123820329949339 0
1953 0.1223658548148842 0.2552852885176534 0
1954 0.1322247080238883 0.255112572571737 0
1955 0.1367012732997211 0.2117932886812841 0
1956 0.1467023097511698 0.2116306695921199 0
1957 0.132076582347808 0.2378365846432886 0
1958 0.09663537716661869 0.2632604563822215 0
1959 0.1654604811243511 0.1250008091561581 0
1960 0.1272092538056533 0.280827052628073 0
1961 0.1205909723525003 0.134325301272043 0
1962 0.1115882503203049 0.2035565355156024 0
1963 0.1065580198117329 0.1948877374925559 0
1964 0.1113072553819706 0.1862089632568433 0
1965 0.1021670127236547 0.1857184759351881 0
1966 0.1061454715378037 0.1776432767216019 0
1967 0.1522668460455239 0.2895959598684921 0
1968 0.1022200770900633 0.2034884303347084 0
1969 0.1407192828246007 0.1510979967753392 0
1970 0.1212876750845475 0.1860569415257301 0
1971 0.1159008688102357 0.1601826963809505 0
1972 0.1415620363222882 0.203052751065342 0
1973 0.1515634596967818 0.2028585040331921 0
1974 0.126143445110364 0.1773183958256769 0
1975 0.1161485173304942 0.1774785614929745 0
1976 0.1110490753943638 0.1689258564372294 0
1977 0.1668373605772762 0.2633717038825606 0
1978 0.1010281539770147 0.1689235822682201 0
1979 0.1606977621467683 0.1507628846270759 0
1980 0.1512798496188539 0.1855716259510982 0
1981 0.1458590770246743 0.1596756821149236 0
1982 0.150714781232499 0.1509338195244306 0
1983 0.1658342653179914 0.1593382425751551 0
1984 0.1754507381870524 0.1588785740913747 0
1985 0.1666719248467589 0.2112553859701205 0
1986 0.1612739242392834 0.1853884415124865 0
1987 0.1564188275295837 0.1941248998375567 0
1988 0.09024333741826704 0.1686994471819847 0
1989 0.1622433881620516 0.4062735055848303 0
1990 0.1715527362542953 0.2025366348904199 0
1991 0.1968346131152033 0.2109173143453557 0
1992 0.08836365561769721 0.2966877783575024 0
1993 0.09837035756075521 0.3001481276476749 0
1994 0.08804018373252689 0.1885763638803046 0
1995 0.08792278721779948 0.2077668849999788 0
1996 0.1615578432238489 0.2026656607525707 0
1997 0.1517783884941007 0.2202243960951241 0
1998 0.1566698603543197 0.211431693381898 0
1999 0.3590423135901575 0.4286213970134313 0
2000 0.1568191320852129 0.2287143679534022 0
2001 0.1519186697105179 0.2374083205468352 0
2002 0.1371365225810265 0.2463472106088652 0
2003 0.1669498139409052 0.2815230380423951 0
2004 0.1911082962670356 0.2889165674739995 0
2005 0.1420023585710452 0.2376229133733304 0
2006 0.223787245396155 0.2264555426537277 0
2007 0.1420932750777174 0.2549001086304796 0
2008 0.1371792689063579 0.263559785371114 0
2009 0.1164730285740067 0.2982496835940625 0
2010 0.09698987561126021 0.2125981996832595 0
2011 0.1273462219562311 0.2637054867584198 0
2012 0.3233146486124198 0.4251190771954281 0
2013 0.1224367049993192 0.2724105498705794 0
2014 0.1175764236891368 0.281119356602714 0
2015 0.1619569923601429 0.272164442592472 0
2016 0.1424286306715302 0.306679916450373 0
2017 0.1613511829092313 0.3072221687440707 0
2018 0.1024685425532761 0.1156581973577697 0
2019 0.2324669041069772 0.3341729241074125 0
2020 0.3154089774489429 0.1493731007535501 0
2021 0.3650560479020764 0.1508787440444702 0
2022 0.08771981573680826 0.1484356710781387 0
2023 0.2053769270373911 0.1412767216944945 0
2024 0.115550632169313 0.1261314322170637 0
2025 0.089112788953638 0.2471604772862872 0
2026 0.08789081508344046 0.2272839953942853 0
2027 0.2282755626387825 0.1871994335508412 0
2028 0.1123968227095459 0.2898149332341108 0
2029 0.1763541505305783 0.2642095303318001 0
2030 0.1606816251106484 0.3789005361894476 0
2031 0.1805655025030783 0.2502875560389118 0
2032 0.2235932401121146 0.2419718635900419 0
2033 0.09657624944178969 0.1938998904993215 0
2034 0.3347755562527591 0.2734824616068974 0
2035 0.1282267113222233 0.1079092461500453 0
2036 0.2012464923145629 0.2890086159809948 0
2037 0.08817332185264234 0.138304324339047 0
2038 0.1860650278113452 0.1749878824357605 0
2039 0.1414199665744315 0.1166374933289828 0
2040 0.2436621568147078 0.160285714797532 0
2041 0.262826435103295 0.1635885920187678 0
2042 0.2814153530840442 0.4657702814446518 0
2043 0.1478196656217628 0.1077529011925457 0
2044 0.1571490167193791 0.1081132604999956 0
2045 0.2779292686299675 0.318224443974168 0
2046 0.2456531651099729 0.3079998567322276 0
2047 0.2198864608161673 0.1093206365135926 0
2048 0.1711409345303282 0.1162915682063415 0
2049 0.1774408202103459 0.1075634402240432 0
2050 0.09688933160725335 0.1606845165755436 0
2051 0.331668098020273 0.3319557018134535 0
2052 0.09732205390987522 0.1771013310840834 0
2053 0.09333708773600713 0.113059493587481 0
2054 0.1846588408086954 0.1576138887679809 0
2055 0.2895541860283231 0.2605987688783887 0
2056 0.08735151628072155 0.2655181886568725 0
2057 0.1999677151105078 0.3700555075708922 0
2058 0.251834215916171 0.4332035161586876 0
2059 0.2605773404803272 0.1330261928983506 0
2060 0.3310244000524375 0.3950781067871756 0
2061 0.1091183195411717 0.4708529765775414 0
2062 0.09020945410894146 0.1053884098582498 0
2063 0.09441231846916909 0.353286528198455 0
2064 0.2470984086240142 0.4058492078091955 0
2065 0.2179794519862889 0.1937212109367287 0
2066 0.3068160243879768 0.219373013706795 0
2067 0.10747680064503 0.2977469546953586 0
2068 0.1221649660050057 0.3269128562597389 0
2069 0.3101553602393772 0.3769339260666592 0
2070 0.1220287544812198 0.1170482959014952 0
2071 0.2478249400643921 0.2161511227967367 0
2072 0.1888303381885542 0.1173450418566511 0
2073 0.1652832006615577 0.433497994461191 0
2074 0.1522357183318163 0.3051454167131368 0
2075 0.3663971503259036 0.4665476236573048 0
2076 0.1700910955129142 0.3280696790062114 0
2077 0.1342108669580238 0.354315076623487 0
2078 0.0948946444703975 0.291353193596893 0
2079 0.3577211280711626 0.1843318184173479 0
2080 0.2109059385210639 0.2894003495907151 0
2081 0.1973559496321273 0.1063245321204627 0
2082 0.2418616387623549 0.1853539864759829 0
2083 0.08735883230432964 0.2791381887682697 0
2084 0.3777227337336062 0.1223383979465988 0
2085 0.1825308217571059 0.3287101139729154 0
2086 0.11961641160242 0.3796475436867388 0
2087 0.185503059513873 0.2965380844271723 0
2088 0.1843690056087061 0.392734373130193 0
2089 0.1748139694971756 0.2454601098661082 0
2090 0.1886546988728363 0.149032947162837 0
2091 0.1397695483627007 0.3721129384374267 0
2092 0.1807790238979606 0.2577710254239707 0
2093 0.2449734764994962 0.3278182575126962 0
2094 0.09437591483969721 0.222405225569235 0
2095 0.2017610543389372 0.2192481757203291 0
2096 0.2468888791401042 0.2926540973362876 0
2097 0.08492644329480403 0.1049299060711064 0
2098 0.09747243470638339 0.3101927065404527 0
2099 0.1956848714239379 0.2653415752469635 0
2100 0.2192760118890439 0.4386608423946561 0
2101 0.1983634436571486 0.1496363303554697 0
2102 0.1820259047041577 0.23446225727371 0
2103 0.33988843188962 0.367827735356722 0
2104 0.09415063106971994 0.2028419577537628 0
2105 0.2123667061539652 0.2208999913175626 0
2106 0.3141643520375527 0.2578031465483608 0
2107 0.1586437119968956 0.3249765110808919 0
2108 0.2694594012914096 0.1445173954390163 0
2109 0.09523957354874707 0.2541245457344243 0
2110 0.09447431801873254 0.1838054284879086 0
2111 0.09404805205877376 0.1527427085153041 0
2112 0.09517440387441897 0.2401922673940401 0
2113 0.1871181644821405 0.256015903146175 0
2114 0.2479409313194958 0.1732607352809425 0
2115 0.103469502731367 0.1361272738763783 0
2116 0.0272082687723698 -0.1048264584982969 0
2117 0.008187345607547546 -0.1286647060237105 0
2118 0.0417459024357295 -0.1477292362688032 0
2119 0.04175655817411542 -0.1681541829643983 0
2120 0.04145321681874926 -0.1880384950425607 0
2121 0.04145321681874926 -0.2077764453241626 0
2122 0.04145321681874924 -0.2275143956057646 0
2123 0.04145321681874924 -0.2472523458873666 0
2124 0.04155667592346698 -0.2669867904698007 0
2125 0.04134233384762643 -0.2866652930648568 0
2126 0.017466470540955 -0.103629159781068 0
2127 0.04084578777431793 -0.3071793502113176 0
2128 0.008601016728523585 -0.158035420690614 0
2129 0.00855187254588928 -0.1781752103187638 0
2130 0.008547334080889604 -0.1979145109574493 0
2131 0.008547316532773429 -0.2176537693306499 0
2132 0.008547213782828335 -0.2373927899003347 0
2133 0.008547565002458089 -0.2571318777387545 0
2134 0.008345883528367154 -0.2767321401046156 0
2135 0.04137231353716325 -0.128967714448342 0
2136 0.008410144499409224 -0.2965468759341734 0
2137 0.03768915756183416 -0.104256637798571 0
2138 0.01184027242611076 -0.3197642279642219 0
2139 0.03801478854514711 -0.3341963083927084 0
2140 0.006109284846172718 -0.1097758658736681 0
2141 0.01554785064331169 -0.3532439875542271 0
2142 0.03059451502319479 -0.3790037258903172 0
2143 0.04409097161700093 -0.1084332676088505 0
2144 0.008369034938663967 -0.1192653111220103 0
2145 0.01588838707730995 -0.1243486632654778 0
2146 0.0163361367512773 -0.1330758487324359 0
2147 0.02399058385950539 -0.1280547358499842 0
2148 0.02472134851179968 -0.1371897254014764 0
2149 0.02272569892315243 -0.1191977843448778 0
2150 0.01680513370218406 -0.1423811630884327 0
2151 0.02518181648435035 -0.1466143505210393 0
2152 0.01294598001744379 -0.1135067509984077 0
2153 0.0330534007872115 -0.1233505930566274 0
2154 0.03067360093673532 -0.1153756112715006 0
2155 0.03739283654714885 -0.1177820052477551 0
2156 0.03773057610502631 -0.3495156978280918 0
2157 0.02379525128709981 -0.4034181972703949 0
2158 0.02434297851338972 -0.1110532844271354 0
2159 0.01389081013177017 -0.3352738355646325 0
2160 0.02588921083806398 -0.3245702813636658 0
2161 0.02030306412086916 -0.3113982994526798 0
2162 0.03321206893906277 -0.1421901684505663 0
2163 0.01704362793325191 -0.1524127987327968 0
2164 0.02545104822887428 -0.1570219329444427 0
2165 0.03939256404439829 -0.3194313098641692 0
2166 0.009229117018466799 -0.3072409775707892 0
2167 0.0410373746489077 -0.2966995208496304 0
2168 0.03252846540782753 -0.2912864192539856 0
2169 0.0329744875114644 -0.2814193497625712 0
2170 0.02425698018769349 -0.2859287192921959 0
2171 0.0248162834718256 -0.2764507928088669 0
2172 0.02433653324017765 -0.295733471619603 0
2173 0.008394721932705254 -0.2669786105379197 0
2174 0.01690938888201771 -0.2619902021425664 0
2175 0.01706536133385804 -0.2521838836429058 0
2176 0.02553990146022452 -0.257098910653907 0
2177 0.02564677007613867 -0.247259588219913 0
2178 0.008547285773704432 -0.2275233318529424 0
2179 0.01709456165851434 -0.222588576225344 0
2180 0.01709460018107319 -0.2127190976746734 0
2181 0.02564179084368741 -0.2176538685140487 0
2182 0.02564174185772027 -0.2275232425705789 0
2183 0.02564184308951539 -0.207784494457787 0
2184 0.01709460304505014 -0.2028494951784056 0
2185 0.02564195146942624 -0.1979151384082618 0
2186 0.008542362855856977 -0.2472600715888533 0
2187 0.008548065614935395 -0.188044809404452 0
2188 0.01709304178065987 -0.1831087004226778 0
2189 0.01709913424815097 -0.1732477653708951 0
2190 0.02563182475106486 -0.1781752517999896 0
2191 0.0256323431385672 -0.1683222485287806 0
2192 0.01706697346412935 -0.1628909833522062 0
2193 0.008553166164448865 -0.1681600692718493 0
2194 0.02563727770157403 -0.1880368714911118 0
2195 0.01709371228208921 -0.1929782543103931 0
2196 0.03353477164258351 -0.1624737524870671 0
2197 0.00832295353052832 -0.2863689103426008 0
2198 0.008547306819799545 -0.20778415854873 0
2199 0.04151380145604042 -0.257121168934458 0
2200 0.04145321681874929 -0.1979074701833617 0
2201 0.04164077846801219 -0.1781535023574101 0
2202 0.04145321681874928 -0.2176454204649636 0
2203 0.04145321681874924 -0.2373833707465656 0
2204 0.01709445344079587 -0.2324579103897518 0
2205 0.02564115218907857 -0.2373914161859939 0
2206 0.01709403701599739 -0.2423266306312146 0
2207 0.03308966047842386 -0.1330744260909254 0
2208 0.008303469645734741 -0.1382754054975334 0
2209 0.03244857683924928 -0.3010181049555615 0
2210 0.0415583814190463 -0.2768018790211155 0
2211 0.008498517946327638 -0.1479842207451579 0
2212 0.03664907415328993 -0.1108163392598545 0
2213 0.02495345760878472 -0.4333156532259621 0
2214 0.03330182725807064 -0.2717968022401132 0
2215 0.02197210035514308 -0.1048483513446511 0
2216 0.02508354780273944 -0.2668882062686379 0
2217 0.0328069309992273 -0.104834663528924 0
2218 0.04166768885740534 -0.1576834579178398 0
2219 0.01272435982397193 -0.1043304074253039 0
2220 0.03362343046425886 -0.1730634376849504 0
2221 0.007616328848519236 -0.1042972262635568 0
2222 0.0335885448191498 -0.1830733038537715 0
2223 0.03355403051069947 -0.192968872788805 0
2224 0.03354997543654822 -0.2028419577537622 0
2225 0.03355003991665843 -0.2127109328945631 0
2226 0.03355013807233634 -0.222579908035364 0
2227 0.03354969320579683 -0.2423178583169661 0
2228 0.03355023784771136 -0.2324488831761651 0
2229 0.03355225271385735 -0.2521868334577671 0
2230 0.03355360711212842 -0.2620558085985681 0
2231 0.04156999089839656 -0.1382247973226248 0
2232 0.01669169297105317 -0.2716683124640143 0
2233 0.04290624851163762 -0.1031248139912613 0
2234 0.03160559710886072 -0.311332348906034 0
2235 0.01656468846377891 -0.2810799512923612 0
2236 0.03346554943133429 -0.1522854830982931 0
2237 0.01637726990733445 -0.2912127594295917 0
2238 0.01657882698923619 -0.3014580237616142 0
2239 0.02500667952540811 -0.4753148961740508 0
2240 0.03033617067500242 -0.1093812713971423 0
2241 0.0435925308046097 -0.1163001979235598 0
2242 0.01511802446691045 -0.3721818840228339 0
2243 0.01877584049810538 -0.1145377913327249 0
2244 0.01701946040060219 -0.1086956227379047 0
2245 0.02640691180877375 -0.3431359861525496 0
2246 0.0172629259729902 -0.3865028422210712 0
2247 0.02484971485845733 -0.3040993266401557 0
2248 0.01117605714958897 -0.1083618715729893 0
2249 0.003731204760448914 -0.1039883775441003 0
2250 0.04673377141621905 -0.1033278199708074 0
2251 0.04208100373462844 -0.1224225849953322 0
2252 0.02785364303507838 -0.3615177348942508 0
2253 0.01547852839819421 -0.1182604731111832 0
2254 0.06796560945051149 -0.1044820417351662 0
2255 0.05814752866244195 -0.1188741186881947 0
2256 0.05832687680524991 -0.1979751515257778 0
2257 0.05714969996338851 -0.1677795671845821 0
2258 0.05832588228800244 -0.1386219457082993 0
2259 0.05854678318125076 -0.2669902961689686 0
2260 0.05854678318125076 -0.2472523458873666 0
2261 0.05854678318125076 -0.2275143956057646 0
2262 0.05854678318125078 -0.2867282464505705 0
2263 0.07084578777431792 -0.3071793502113176 0
2264 0.05728183400899794 -0.1046384557033572 0
2265 0.07262742784179983 -0.1281136178015622 0
2266 0.07145321681874926 -0.2077764453241626 0
2267 0.07159901737993343 -0.1581618954386451 0
2268 0.07180532141775152 -0.1880384950425607 0
2269 0.07145321681874925 -0.2571213210281675 0
2270 0.07145321681874925 -0.2373833707465656 0
2271 0.07145321681874925 -0.2768592713097696 0
2272 0.05977708904793425 -0.3197290920126876 0
2273 0.07317445472418797 -0.1091999748765097 0
2274 0.06523291319794336 -0.3324704915256587 0
2275 0.07320549331484227 -0.1175899973958494 0
2276 0.06583163607229978 -0.1144788273152454 0
2277 0.0650388188663239 -0.3536421618130011 0
2278 0.06037259991076827 -0.3078916554104374 0
2279 0.07144303683344363 -0.2966089764258846 0
2280 0.0579262936194295 -0.1283218932784495 0
2281 0.06563581206542042 -0.1228133978428637 0
2282 0.05942644539929716 -0.1115871751679874 0
2283 0.05880405901214804 -0.2968977865979232 0
2284 0.07209853075511115 -0.1385825656590966 0
2285 0.07193741682446274 -0.1484868590605286 0
2286 0.06440633337434967 -0.1529068250726544 0
2287 0.07197899485763892 -0.1679946261326891 0
2288 0.07195163519073348 -0.1781185334637148 0
2289 0.06290643363749855 -0.1831040074721602 0
2290 0.05854678318125076 -0.2571213210281676 0
2291 0.05854678318125074 -0.2077764453241626 0
2292 0.07163443266369655 -0.2867208729943329 0
2293 0.07165097723782449 -0.1979074701833616 0
2294 0.07145321681874925 -0.2669902961689686 0
2295 0.07145321681874925 -0.2176454204649636 0
2296 0.05854678318125072 -0.2373833707465656 0
2297 0.05854678318125078 -0.2768592713097696 0
2298 0.07145321681874924 -0.2275143956057646 0
2299 0.07145321681874925 -0.2472523458873666 0
2300 0.05854678318125076 -0.2176454204649636 0
2301 0.07262961989080542 -0.1041361570595404 0
2302 0.06240767657442008 -0.1043087916707386 0
2303 0.065 -0.4776200221001241 0
2304 0.07083877667203989 -0.3174528315434585 0
2305 0.065 -0.3759189475876798 0
2306 0.05428837114245118 -0.1085710842326368 0
2307 0.06443057849492162 -0.1630849192966813 0
2308 0.0572504743348521 -0.1900258263392041 0
2309 0.0570150389664798 -0.1760915293583242 0
2310 0.05736456617418283 -0.1484412514322691 0
2311 0.06519509092735729 -0.1334506079245875 0
2312 0.065 -0.2620558085985681 0
2313 0.065 -0.2127109328945631 0
2314 0.06500000000000002 -0.2028419577537621 0
2315 0.065 -0.2423178583169661 0
2316 0.065 -0.2324488831761651 0
2317 0.065 -0.252186833457767 0
2318 0.065 -0.2225799080353641 0
2319 0.065 -0.2719247837393691 0
2320 0.065 -0.2817937588801701 0
2321 0.06502481722003763 -0.1435619792337891 0
2322 0.06481593465758395 -0.1730945955741051 0
2323 0.06482625972787406 -0.1930978011648963 0
2324 0.05722519633447377 -0.1581792837044171 0
2325 0.065 -0.4033927545642055 0
2326 0.06514155638767671 -0.2917200701593499 0
2327 0.065 -0.436860434666085 0
2328 0.06552984419350141 -0.1087432783432646 0
2329 0.06542102663552125 -0.3015707796072179 0
2330 0.07617188628372333 -0.103840892206764 0
2331 0.05330296966956518 -0.1038155738067528 0
2332 0.08854678318125078 -0.2373833707465656 0
2333 0.08836404770590339 -0.2862290295594134 0
2334 0.2071051182876593 -0.1090457637566949 0
2335 0.0930064439623553 -0.3355244459154325 0
2336 0.08929611154253614 -0.1978115053572889 0
2337 0.16796154973018 -0.1085391088063782 0
2338 0.2535882809008258 -0.1158148554913747 0
2339 0.08807317163067035 -0.1585904411266692 0
2340 0.1378292552374387 -0.1092826831031191 0
2341 0.3685761404965093 -0.2989410906738791 0
2342 0.3029486607495926 -0.1263848088478655 0
2343 0.09953152691707273 -0.3759189475876798 0
2344 0.2408369797031752 -0.4613347067143281 0
2345 0.08852049369513282 -0.128824644197755 0
2346 0.08877844777350585 -0.3052123109435083 0
2347 0.0884233605341711 -0.1778003503713764 0
2348 0.1181036563126521 -0.1079004658307706 0
2349 0.1874422064041343 -0.1082383612419063 0
2350 0.0892784041685018 -0.267755077930675 0
2351 0.08854831212876016 -0.2184340170021645 0
2352 0.3625297413462964 -0.2131453680972379 0
2353 0.3630152249896018 -0.3890524846446334 0
2354 0.09828217944786097 -0.1068704935772482 0
2355 0.1085149548788542 -0.4373685007654278 0
2356 0.332350791452818 -0.4565552881547839 0
2357 0.08609763916533164 -0.1099751117759359 0
2358 0.2335821390898854 -0.1149695577245551 0
2359 0.2424246657115961 -0.1306818543673268 0
2360 0.2611174409508628 -0.1338903624586038 0
2361 0.2486261438431422 -0.1481642193454756 0
2362 0.2295149756493639 -0.1442159575310715 0
2363 0.2356723459290825 -0.1607237236311355 0
2364 0.219478827827644 -0.1576690991680889 0
2365 0.2238178083830197 -0.1715342417585507 0
2366 0.2091285039947604 -0.1678118879966232 0
2367 0.2134291976514801 -0.1804878399050269 0
2368 0.2017534026681835 -0.1780799580381823 0
2369 0.2047251832112183 -0.1888304489740812 0
2370 0.1944132825556191 -0.1861107290803901 0
2371 0.1971111343623837 -0.1963568564505093 0
2372 0.1872676262453585 -0.1934500077023207 0
2373 0.1844654129837802 -0.183767963907294 0
2374 0.1775443746501027 -0.1910250317731363 0
2375 0.1802467373171504 -0.2007807052318689 0
2376 0.1747102070307848 -0.1814223461753376 0
2377 0.2071596376419855 -0.1991557927542682 0
2378 0.1706230348280796 -0.1982794925524207 0
2379 0.1733353424758817 -0.2079055234580812 0
2380 0.1637271147313313 -0.2054898441380245 0
2381 0.1665316303414773 -0.2150892605198717 0
2382 0.1761801407511448 -0.2176832432840664 0
2383 0.1693496888652711 -0.2247158973797665 0
2384 0.1787869723105777 -0.2273770462831411 0
2385 0.1596442658806131 -0.2223219297863098 0
2386 0.1624615741587231 -0.2319171187884693 0
2387 0.1527465345041428 -0.2295512400372896 0
2388 0.1555621212524359 -0.2391458751342466 0
2389 0.1458451781922118 -0.2367845725971711 0
2390 0.1486601743805814 -0.246379891053778 0
2391 0.1583776994479961 -0.2487400091203212 0
2392 0.1430361475811977 -0.2272125028407897 0
2393 0.2385518036538283 -0.1765920267110291 0
2394 0.1389428156600349 -0.2440194651125972 0
2395 0.1417576441447888 -0.2536150435617636 0
2396 0.2063313261550741 -0.1567488591894864 0
2397 0.1320401881970233 -0.2512548070520241 0
2398 0.1348549725265366 -0.2608504604051928 0
2399 0.1445724622837737 -0.2632106342875455 0
2400 0.1292254313853516 -0.2416591045877719 0
2401 0.1609202782650467 -0.1958954847029421 0
2402 0.1223227233317793 -0.2488945886670518 0
2403 0.1195030770779111 -0.2393189973486591 0
2404 0.2684197990550803 -0.1526702673258489 0
2405 0.1815847392681196 -0.1741602023368186 0
2406 0.1718605501839502 -0.1718315895979478 0
2407 0.1787395873328648 -0.1645735986965737 0
2408 0.1690146743651965 -0.1622442638337274 0
2409 0.1758942302038967 -0.1549867928906209 0
2410 0.1661693345117239 -0.1526574679744313 0
2411 0.1592896126587074 -0.1599148022617802 0
2412 0.156444392172216 -0.1503281074560794 0
2413 0.1495646556186707 -0.1575854640926745 0
2414 0.1467194560192622 -0.1479987611858312 0
2415 0.1398397238282174 -0.1552561203794768 0
2416 0.1426849147917289 -0.1648428241564731 0
2417 0.1329599892110797 -0.1625134798161555 0
2418 0.1358051797716208 -0.1721001836335556 0
2419 0.1301147981981801 -0.1529267760454093 0
2420 0.173049042758544 -0.1454000926184165 0
2421 0.1260802551571577 -0.1697708391959424 0
2422 0.128925445811553 -0.1793575430038586 0
2423 0.1535991915361543 -0.1407414021744378 0
2424 0.1438742656027277 -0.1384120574416433 0
2425 0.1540188671178802 -0.2031244666005012 0
2426 0.1192005213737698 -0.1770281985484508 0
2427 0.122045712073249 -0.186614902351822 0
2428 0.1163553306476385 -0.1674414947477664 0
2429 0.1507539993201764 -0.1311546981048823 0
2430 0.19963763970297 -0.2066963234648765 0
2431 0.2099800571109625 -0.2095513819262209 0
2432 0.1126044286414957 -0.2465377488504931 0
2433 0.1154198761421111 -0.2561306371307286 0
2434 0.2021931317541533 -0.2173753873111299 0
2435 0.212632866726296 -0.2201735869002664 0
2436 0.2047732285073499 -0.2284455184499119 0
2437 0.2158002740827474 -0.2315137965513065 0
2438 0.2077677421694614 -0.2390713888171695 0
2439 0.2190663045693406 -0.2431082372041637 0
2440 0.2098243575400269 -0.2516100341634951 0
2441 0.2226020118934795 -0.2554684560115339 0
2442 0.2115200050780306 -0.2655482080896325 0
2443 0.2271742004658395 -0.2326223363454539 0
2444 0.2263287752014118 -0.2685482010038829 0
2445 0.2164773778885383 -0.2783715131470927 0
2446 0.2301202798322633 -0.2819891798335054 0
2447 0.2433967419823371 -0.2718545409169333 0
2448 0.2198178439419968 -0.2916097715882762 0
2449 0.205650836276575 -0.2882422440001116 0
2450 0.2097879798043886 -0.3001307500184969 0
2451 0.1984240892058479 -0.2976094830843579 0
2452 0.2012836767135344 -0.3079407262896887 0
2453 0.1903381935416362 -0.3046917309734918 0
2454 0.1931202696590473 -0.3158706141375901 0
2455 0.2120625626946371 -0.3116594069193175 0
2456 0.181309056242464 -0.3123277429619039 0
2457 0.1844917315472643 -0.3245182322056351 0
2458 0.2342380889840288 -0.2962729835714071 0
2459 0.1712004328887204 -0.3207979358686249 0
2460 0.1743713350176538 -0.335050763649065 0
2461 0.1887937182629703 -0.339382769837956 0
2462 0.1878483121466642 -0.2944522543274454 0
2463 0.1784139484673127 -0.351813299272533 0
2464 0.1954359124344325 -0.356841444555433 0
2465 0.2013561304275935 -0.2608425713075166 0
2466 0.1600544625972565 -0.3304035656816937 0
2467 0.1586215976299374 -0.3140922005756643 0
2468 0.1376697571346955 -0.2704461125201245 0
2469 0.1473872422346803 -0.2728062947424069 0
2470 0.1404845260172148 -0.2800417931428553 0
2471 0.1307670390725006 -0.277681614281885 0
2472 0.1335818083021452 -0.2872772942721105 0
2473 0.1817545137116246 -0.371852590804375 0
2474 0.1238643211078294 -0.2849171158659417 0
2475 0.1266790903537289 -0.2945127958265496 0
2476 0.1463230236796981 -0.3250586588509197 0
2477 0.1484154142912333 -0.3409714199775916 0
2478 0.1502020131999606 -0.2824019715701085 0
2479 0.1571047311927319 -0.2751664699348495 0
2480 0.2227831064759219 -0.2118780806926497 0
2481 0.1598882480541736 -0.2847323341309141 0
2482 0.1667857573255229 -0.2774918631845805 0
2483 0.1169616031266278 -0.2921526174801162 0
2484 0.1198655629770667 -0.3018959441678248 0
2485 0.2025872664354491 -0.377913943649634 0
2486 0.2170620927997116 -0.3576593384595671 0
2487 0.1858061051920814 -0.3958723482829354 0
2488 0.1143734255521216 -0.2825131256858838 0
2489 0.2254630764358666 -0.3828531039104639 0
2490 0.2416930251269883 -0.3650146112213879 0
2491 0.2494207095472229 -0.3884600655121853 0
2492 0.2656649098575713 -0.3705200339839709 0
2493 0.2575486732021535 -0.3476648126134427 0
2494 0.28180429052983 -0.3527198201913027 0
2495 0.273228754702628 -0.3293771607626759 0
2496 0.1455246436115244 -0.1744243517050227 0
2497 0.1317706364416197 -0.1889442468142221 0
2498 0.1248855286926299 -0.1962032011021874 0
2499 0.1151650827043089 -0.1938725275193099 0
2500 0.1180101241395293 -0.2034592756251776 0
2501 0.1277287704222489 -0.2057904833337831 0
2502 0.1208504262202812 -0.2130311236638918 0
2503 0.2744038165014932 -0.3943619184350241 0
2504 0.1827739579800388 -0.1477294275933589 0
2505 0.1799287698267152 -0.1381427288566077 0
2506 0.1896536939325651 -0.1404720706766063 0
2507 0.1618576947340072 -0.3831267807735697 0
2508 0.1361719498259396 -0.296658677715398 0
2509 0.1097875233088953 -0.2369508679360104 0
2510 0.1335798379214412 -0.3355047310996648 0
2511 0.1111302723343086 -0.2107139522536442 0
2512 0.1868085019679849 -0.130885368054776 0
2513 0.1965685391481834 -0.1332479959337006 0
2514 0.1770835777798938 -0.1285560259129182 0
2515 0.165475143022923 -0.4123601647369955 0
2516 0.1410290745689032 -0.1288253535868878 0
2517 0.1350260621825805 -0.3538351986894949 0
2518 0.1057023673686925 -0.2537705499469687 0
2519 0.2978418064574845 -0.3336215053617325 0
2520 0.2907358496552763 -0.3055415693015274 0
2521 0.109475596956082 -0.17469885409102 0
2522 0.1530115739858859 -0.2919926817432559 0
2523 0.162373543633681 -0.2940210435251594 0
2524 0.1085172825631128 -0.2633656302142947 0
2525 0.1640013726281496 -0.2679251702519846 0
2526 0.1737178471091989 -0.27028438223252 0
2527 0.1709079731664637 -0.2606933723772751 0
2528 0.1341493409547254 -0.1360827129410515 0
2529 0.1313041501860911 -0.1264960091352721 0
2530 0.1244244165209424 -0.1337533684750623 0
2531 0.1649824365371407 -0.179082202360695 0
2532 0.1512003734969983 -0.1935497397984108 0
2533 0.1264144153873555 -0.2321142920006622 0
2534 0.1805550126346629 -0.2629863430072444 0
2535 0.1778004128455609 -0.2534480650916911 0
2536 0.1834613156181941 -0.2723403326000307 0
2537 0.109921376591989 -0.2994284554917906 0
2538 0.1120092926918455 -0.3095694570918805 0
2539 0.197193748951755 -0.2343487310722698 0
2540 0.1066686278560716 -0.1651483831086782 0
2541 0.1135165101745698 -0.1578608297519495 0
2542 0.1883888756711845 -0.1668311976538263 0
2543 0.1477891324956433 -0.1220676361563219 0
2544 0.1575875534774084 -0.1240901335105404 0
2545 0.1221348031017397 -0.3112423991888787 0
2546 0.1153096043751068 -0.3206987465792288 0
2547 0.3080911648110293 -0.3598867476194141 0
2548 0.1040492370341867 -0.1555039162362234 0
2549 0.1107100144782923 -0.1482655052400831 0
2550 0.1012099071796536 -0.1458699156524924 0
2551 0.1078722497387699 -0.1386694818571741 0
2552 0.1182347576313039 -0.2657258581943205 0
2553 0.1443064844472449 -0.2008030387577335 0
2554 0.147124604493298 -0.2103767938454758 0
2555 0.2501332223288285 -0.3269315827211276 0
2556 0.1938858994818319 -0.1240054875217794 0
2557 0.2034659520329104 -0.1260334494420387 0
2558 0.2078210071527425 -0.135531379957043 0
2559 0.2140109299210687 -0.1280184466758095 0
2560 0.1305383993568464 -0.2153431582204028 0
2561 0.1139188804705242 -0.2202607113771639 0
2562 0.1207873941079527 -0.1233607058987166 0
2563 0.1923354302563632 -0.2141333882910067 0
2564 0.1045991045520142 -0.2178105283729907 0
2565 0.1017536657148363 -0.2082801375095627 0
2566 0.1941195649146854 -0.4238001165747238 0
2567 0.122956340346575 -0.3460022058532062 0
2568 0.1870992490932643 -0.2554088474950446 0
2569 0.1842578206184584 -0.246266527865495 0
2570 0.1749197402802381 -0.2438693120977782 0
2571 0.1520495619242446 -0.3609068703590814 0
2572 0.1048794341716161 -0.3173015428220485 0
2573 0.1532757137687124 -0.1155568399497196 0
2574 0.2349709270015737 -0.4081312148397983 0
2575 0.2039283469879107 -0.2763983700705639 0
2576 0.1464582523898343 -0.3108499317457601 0
2577 0.137762617156284 -0.375485471058346 0
2578 0.3262002875599579 -0.3389601333011364 0
2579 0.1929843351857377 -0.2488686039535423 0
2580 0.1921276787338206 -0.1497068902168543 0
2581 0.1290366533725561 -0.1169372366158556 0
2582 0.1708703253981299 -0.30769770133805 0
2583 0.1968496701576475 -0.2822736729190758 0
2584 0.1711702206446249 -0.4466568981313563 0
2585 0.09828005882162263 -0.1732370087853315 0
2586 0.1025958632725016 -0.1819562134334708 0
2587 0.1949338938386512 -0.2242114623862737 0
2588 0.09677738152224952 -0.1351420150574645 0
2589 0.1055307128027762 -0.1285315129443749 0
2590 0.2355103025235927 -0.3428084105217187 0
2591 0.2301073205248057 -0.3261495813266169 0
2592 0.2191810331404254 -0.3377912835744921 0
2593 0.09822482836940291 -0.2606705629349688 0
2594 0.1011621900376237 -0.2703432901505058 0
2595 0.09626355386756438 -0.2509706830313505 0
2596 0.1550419776562813 -0.3020587676437534 0
2597 0.3607341022962841 -0.2574890617630521 0
2598 0.3282977001408297 -0.2323929146561731 0
2599 0.3274504833933641 -0.1958776232411075 0
2600 0.2992886356054543 -0.2160812451376114 0
2601 0.2988388833924877 -0.2470184867584339 0
2602 0.2743750424391937 -0.2317158130270076 0
2603 0.273379041727044 -0.2047073591396081 0
2604 0.2727904009064417 -0.259225000409452 0
2605 0.2518058548220173 -0.2192192595277944 0
2606 0.2516389834705655 -0.2432491801290489 0
2607 0.3632363454288305 -0.1736794097315802 0
2608 0.3264602699840431 -0.1564847255635137 0
2609 0.2967349070366704 -0.1822082824816726 0
2610 0.2966859722958879 -0.2760198880540067 0
2611 0.2537247270620023 -0.1979523947761319 0
2612 0.2682903002505804 -0.182660354978752 0
2613 0.0942201847854762 -0.2774684670886322 0
2614 0.09878550023716809 -0.2867727158202766 0
2615 0.09446102214400942 -0.2957320983101645 0
2616 0.333893759547215 -0.1246548197145777 0
2617 0.1089112791453871 -0.40411671635491 0
2618 0.09121510040005504 -0.1436093982274961 0
2619 0.2861455957671129 -0.4557532610349406 0
2620 0.3111493394207482 -0.426657921008765 0
2621 0.08736084285135881 -0.1188920316408484 0
2622 0.09638954092140581 -0.3543875487656811 0
2623 0.09194482320803232 -0.3193886845132434 0
2624 0.2191235506321062 -0.1097631723828065 0
2625 0.09670838923522981 -0.1226240935808379 0
2626 0.1060760875966682 -0.1189067679510527 0
2627 0.2739772872844392 -0.1184813996078135 0
2628 0.1800779791860913 -0.3009166025328123 0
2629 0.1786093571488599 -0.2900503542847378 0
2630 0.2959655928606783 -0.1521173841585925 0
2631 0.2118185789054352 -0.1463506281767399 0
2632 0.1936084274096314 -0.2740862997433018 0
2633 0.2570475102813542 -0.4309711280141258 0
2634 0.2639310508827145 -0.3077362683642691 0
2635 0.1314424360350275 -0.3181458481281739 0
2636 0.1076449485242388 -0.1091295762854287 0
2637 0.3229789541443732 -0.2644214064171436 0
2638 0.3166938268832203 -0.2925802347572334 0
2639 0.1898627888550771 -0.2036323323346363 0
2640 0.1542889469769416 -0.2655698276604828 0
2641 0.1432609893640889 -0.2896009284800526 0
2642 0.1763737640114487 -0.2798867963287569 0
2643 0.1031957355013937 -0.244273914697217 0
2644 0.09850041006550367 -0.234483934336718 0
2645 0.108343586533769 -0.2011115144531442 0
2646 0.0992786259980443 -0.1988327424577215 0
2647 0.145301387241023 -0.2993906438083055 0
2648 0.1123206383950873 -0.1842856021965062 0
2649 0.1055699877507697 -0.1915453621391443 0
2650 0.09600078208072937 -0.189496456324953 0
2651 0.1251374646202004 -0.2584903809417695 0
2652 0.1279522571458326 -0.2680859770329881 0
2653 0.1210873108595171 -0.275314158099472 0
2654 0.1381838838435389 -0.1192386497875476 0
2655 0.138646376988291 -0.1816710291989053 0
2656 0.1115095297975515 -0.2728485515937318 0
2657 0.1680798558783555 -0.2510983586880659 0
2658 0.123236126159625 -0.1601851418609142 0
2659 0.1203986231817518 -0.1505981754969887 0
2660 0.1604712264088453 -0.13351617525874 0
2661 0.1514751931400344 -0.2559751092136262 0
2662 0.1611911594240837 -0.2583346875638769 0
2663 0.136125929865956 -0.234451269027678 0
2664 0.1844586882432398 -0.1219763354965999 0
2665 0.1744807372929393 -0.1178795696797348 0
2666 0.165264056251711 -0.2415065463804079 0
2667 0.1369945319737 -0.1456694167111959 0
2668 0.1996643744805905 -0.1425976502977508 0
2669 0.1272710656116759 -0.1433401962465868 0
2670 0.1524089171836352 -0.167171251824033 0
2671 0.1175575119605084 -0.141009106912957 0
2672 0.1147191833752701 -0.1314985673433277 0
2673 0.163322838927665 -0.1430761054785953 0
2674 0.1721138110097947 -0.2343357840529479 0
2675 0.1812955150928354 -0.2368292989733685 0
2676 0.1702023517039135 -0.1358196353353787 0
2677 0.1673586545218175 -0.1262266838869946 0
2678 0.1855447097879258 -0.1572455490286866 0
2679 0.1568347106003034 -0.212719372082333 0
2680 0.1499429987402717 -0.2199711915883888 0
2681 0.1961121231812554 -0.1588968196865847 0
2682 0.1621351774788051 -0.1695004727108427 0
2683 0.1552501035462997 -0.1767467998726707 0
2684 0.08865190042655538 -0.1682048487579782 0
2685 0.1678182037510646 -0.1886679261389014 0
2686 0.158085680199726 -0.1863212454434027 0
2687 0.1345835826740252 -0.1985405202981991 0
2688 0.1913621489630565 -0.1763436024875857 0
2689 0.1483694747557436 -0.1839879493780648 0
2690 0.1776140205698027 -0.1085192310879493 0
2691 0.1374221571337811 -0.2080970807100122 0
2692 0.08863592322624919 -0.2277397584834843 0
2693 0.08823701709896226 -0.2086511426756113 0
2694 0.1873404655833896 -0.2834202698200357 0
2695 0.1969539274483539 -0.108321278522121 0
2696 0.1415018139242244 -0.1912236125223665 0
2697 0.1402259830491632 -0.2176530673720242 0
2698 0.1333358653703997 -0.2248861508750165 0
2699 0.1236203158794632 -0.2225765370730909 0
2700 0.1166727337158874 -0.229813278266711 0
2701 0.1290262370862684 -0.3046064234247396 0
2702 0.3666043517084809 -0.4319465243787133 0
2703 0.1005773332057881 -0.306089164920342 0
2704 0.1068697480343353 -0.2273783508022489 0
2705 0.1078542577045422 -0.2896115725298037 0
2706 0.2260447384354494 -0.1851651107584943 0
2707 0.1692587514605775 -0.287012498139371 0
2708 0.09684891573358148 -0.1622486416655459 0
2709 0.08858971750445674 -0.256815218640116 0
2710 0.3620859379018541 -0.342574563325955 0
2711 0.0974992707670487 -0.2242036346500426 0
2712 0.2232996332367176 -0.3043733649659738 0
2713 0.239698847025816 -0.3093491775597797 0
2714 0.2560153372472035 -0.1670181726601887 0
2715 0.1916171546395446 -0.2643681410891526 0
2716 0.1391310533600492 -0.4258590828901908 0
2717 0.1375139017877714 -0.4631607819115332 0
2718 0.1163038822502893 -0.3618605759217401 0
2719 0.183023583839718 -0.210859521162793 0
2720 0.237623688023493 -0.2067156657748369 0
2721 0.1977669735361461 -0.1688316661130864 0
2722 0.1482658846064294 -0.107745943205698 0
2723 0.1637155499090976 -0.1168861103730831 0
2724 0.2152694447693621 -0.1918230713034746 0
2725 0.1857644308044513 -0.2208584029111899 0
2726 0.08777151862127111 -0.2472523458873666 0
2727 0.1279587826704954 -0.1079428805498854 0
2728 0.2742286714082147 -0.284395194854173 0
2729 0.2495529925909667 -0.2893463766876812 0
2730 0.3640403467964025 -0.1367149070103444 0
2731 0.2271179144855582 -0.1990274363877862 0
2732 0.2025775061948748 -0.4609848050770468 0
2733 0.227676947019565 -0.129437719486942 0
2734 0.1057511263163174 -0.3298993792122335 0
2735 0.2003587224401377 -0.1172442340402789 0
2736 0.2107080214349563 -0.1183347924426779 0
2737 0.209122651950676 -0.4007131897633064 0
2738 0.1054137395982755 -0.2798545075070883 0
2739 0.1710137146294965 -0.2966671463539535 0
2740 0.09307797969260181 -0.1129784316554985 0
2741 0.113467388465261 -0.1156080724638518 0
2742 0.0950780051444039 -0.1527690129542308 0
2743 0.1090959841401125 -0.4690802096822242 0
2744 0.1973524020467468 -0.3281436036537149 0
2745 0.3376119599527515 -0.3678340396779987 0
2746 0.3062528046146737 -0.3934325295218395 0
2747 0.08764363058672209 -0.1875885668854704 0
2748 0.2331477712620537 -0.2207220194620248 0
2749 0.2379948092768215 -0.2574712586122524 0
2750 0.2534156407315116 -0.2611254543562774 0
2751 0.1634988240967035 -0.3470601731487644 0
2752 0.09016400142598108 -0.1053492061338535 0
2753 0.2168592141677395 -0.2021640049416944 0
2754 0.2035912024642842 -0.3175733739647568 0
2755 0.2130399936735252 -0.3250414143066597 0
2756 0.2879347131537022 -0.3746733320557092 0
2757 0.2334870686692437 -0.2437521738910856 0
2758 0.3378629434825617 -0.4123375884225751 0
2759 0.2800839132425477 -0.1370201731858377 0
2760 0.2035064687400057 -0.3409937394999939 0
2761 0.08632070352468374 -0.2960782783329711 0
2762 0.1580638404083513 -0.1074041062551488 0
2763 0.1878816302196717 -0.2305482479592423 0
2764 0.1912999571491298 -0.1155698265341349 0
2765 0.09610167947949047 -0.2141176420401413 0
2766 0.09477271917614152 -0.2428449271375138 0
2767 0.3663971503259037 -0.4665476236573054 0
2768 0.1121428151206707 -0.1236672279716813 0
2769 0.2403065833383644 -0.2315360170633612 0
2770 0.2809268852442799 -0.1676237733878437 0
2771 0.1899891815706696 -0.2398405096628227 0
2772 0.08687325543502586 -0.150418808253422 0
2773 0.08737559908398357 -0.1366712386672568 0
2774 0.1026097261101286 -0.2962880551682535 0
2775 0.1200276791503831 -0.3834801509412731 0
2776 0.2210203176195163 -0.1201047377425582 0
2777 0.219677502858151 -0.1370806161959565 0
2778 0.2387008465141849 -0.1913364963313376 0
2779 0.2223868919314117 -0.431882883652836 0
2780 0.1999083361924451 -0.2521434216835179 0
2781 0.2001553555743725 -0.2685913244554882 0
2782 0.1203765269798468 -0.3325209662682314 0
2783 0.1376800525156185 -0.3059303049644754 0
2784 0.2522760981793723 -0.1819007429568332 0
2785 0.2236416714311003 -0.3153145890156695 0
2786 0.138860911094839 -0.3974047277925475 0
2787 0.202334731716809 -0.1630723082464452 0
2788 0.08492644329480403 -0.1049299060711066 0
2789 0.2605855743267084 -0.2736612207357753 0
2790 0.1945930411077171 -0.2563263171057548 0
2791 0.1214513930621 -0.1149949636820848 0
2792 0.1999880311756995 -0.243602845137302 0
2793 0.282931728064082 -0.4180387941439831 0
2794 0.1446091236745638 -0.1149059671516371 0
2795 0.09511536837841347 -0.1817545129892423 0
2796 0.08611725207566245 -0.2769842371168284 0
2797 0.1636728334449619 -0.3021635958360934 0
2798 0.1826696586681125 -0.1141451021432659 0
2799 0.2223500394292462 -0.2234831687583468 0
2800 0.3141339445740195 -0.3169726514705944 0
2801 0.2597549382791452 -0.4079926241890233 0
2802 0.2012108162912352 -0.1508601695134832 0
2803 0.1079419638158257 -0.3434891066185238 0
2804 0.1003579168993199 -0.1141018726100132 0
2805 0.19493356671513 -0.2900090184824646 0
2806 0.09512120860560475 -0.2050368074166559 0
2807 0.16768822228252 -0.3632151199526218 0
2808 0.3416361952269091 -0.2855183216485301 0
2809 0.3382210554404117 -0.312591165862888 0
$EndNodes
$Elements
5616
1 1 2 2 4 4 69
2 1 2 2 4 69 70
3 1 2 2 4 70 71
4 1 2 2 4 71 72
5 1 2 2 4 72 73
6 1 2 2 4 73 74
7 1 2 2 4 74 75
8 1 2 2 4 75 76
9 1 2 2 4 76 77
10 1 2 2 4 77 78
11 1 2 2 4 78 79
12 1 2 2 4 79 80
13 1 2 2 4 80 81
14 1 2 2 4 81 82
15 1 2 2 4 82 83
16 1 2 2 4 83 84
17 1 2 2 4 84 85
18 1 2 2 4 85 86
19 1 2 2 4 86 87
20 1 2 2 4 87 88
21 1 2 2 4 88 89
22 1 2 2 4 89 90
23 1 2 2 4 90 91
24 1 2 2 4 91 92
25 1 2 2 4 92 93
26 1 2 2 4 93 94
27 1 2 2 4 94 95
28 1 2 2 4 95 96
29 1 2 2 4 96 97
30 1 2 2 4 97 98
31 1 2 2 4 98 99
32 1 2 2 4 99 100
33 1 2 2 4 100 1
34 1 2 1 9 7 165
35 1 2 1 9 165 166
36 1 2 1 9 166 167
37 1 2 1 9 167 168
38 1 2 1 9 168 8
39 1 2 1 12 9 10
40 1 2 2 13 10 217
41 1 2 2 13 217 218
42 1 2 2 13 218 219
43 1 2 2 13 219 220
44 1 2 2 13 220 221
45 1 2 2 13 221 222
46 1 2 2 13 222 223
47 1 2 2 13 223 224
48 1 2 2 13 224 225
49 1 2 2 13 225 226
50 1 2 2 13 226 227
51 1 2 2 13 227 228
52 1 2 2 13 228 229
53 1 2 2 13 229 230
54 1 2 2 13 230 231
55 1 2 2 13 231 232
56 1 2 2 13 232 233
57 1 2 2 13 233 234
58 1 2 2 13 234 235
59 1 2 2 13 235 236
60 1 2 2 13 236 237
61 1 2 2 13 237 238
62 1 2 2 13 238 239
63 1 2 2 13 239 240
64 1 2 2 13 240 241
65 1 2 2 13 241 242
66 1 2 2 13 242 243
67 1 2 2 13 243 244
68 1 2 2 13 244 4
69 1 2 1 15 11 9
70 1 2 1 16 8 273
71 1 2 1 16 273 274
72 1 2 1 16 274 275
73 1 2 1 16 275 276
74 1 2 1 16 276 277
75 1 2 1 16 277 278
76 1 2 1 16 278 279
77 1 2 1 16 279 280
78 1 2 1 16 280 12
79 1 2 1 17 12 281
80 1 2 1 17 281 282
81 1 2 1 17 282 283
82 1 2 1 17 283 284
83 1 2 1 17 284 285
84 1 2 1 17 285 286
85 1 2 1 17 286 11
86 1 2 1 18 13 14
87 1 2 2 20 1 315
88 1 2 2 20 315 316
89 1 2 2 20 316 317
90 1 2 2 20 317 318
91 1 2 2 20 318 319
92 1 2 2 20 319 320
93 1 2 2 20 320 321
94 1 2 2 20 321 322
95 1 2 2 20 322 323
96 1 2 2 20 323 324
97 1 2 2 20 324 325
98 1 2 2 20 325 326
99 1 2 2 20 326 327
100 1 2 2 20 327 328
101 1 2 2 20 328 329
102 1 2 2 20 329 330
103 1 2 2 20 330 331
104 1 2 2 20 331 332
105 1 2 2 20 332 333
106 1 2 2 20 333 334
107 1 2 2 20 334 335
108 1 2 2 20 335 336
109 1 2 2 20 336 337
110 1 2 2 20 337 338
111 1 2 2 20 338 339
112 1 2 2 20 339 340
113 1 2 2 20 340 341
114 1 2 2 20 341 342
115 1 2 2 20 342 13
116 1 2 1 21 14 15
117 1 2 1 23 15 371
118 1 2 1 23 371 372
119 1 2 1 23 372 373
120 1 2 1 23 373 374
121 1 2 1 23 374 375
122 1 2 1 23 375 376
123 1 2 1 23 376 16
124 1 2 1 24 16 377
125 1 2 1 24 377 378
126 1 2 1 24 378 379
127 1 2 1 24 379 380
128 1 2 1 24 380 381
129 1 2 1 24 381 382
130 1 2 1 24 382 383
131 1 2 1 24 383 384
132 1 2 1 24 384 7
133 2 2 1 1 469 558 460
134 2 2 1 1 420 620 532
135 2 2 1 1 81 580 406
136 2 2 1 1 410 528 526
137 2 2 1 1 670 677 556
138 2 2 1 1 526 529 410
139 2 2 1 1 580 717 406
140 2 2 1 1 460 558 462
141 2 2 1 1 524 717 580
142 2 2 1 1 524 580 536
143 2 2 1 1 578 626 527
144 2 2 1 1 618 687 665
145 2 2 1 1 86 539 398
146 2 2 1 1 665 687 572
147 2 2 1 1 596 659 481
148 2 2 1 1 420 532 401
149 2 2 1 1 521 677 670
150 2 2 1 1 536 654 524
151 2 2 1 1 411 646 531
152 2 2 1 1 82 580 81
153 2 2 1 1 512 616 615
154 2 2 1 1 595 659 596
155 2 2 1 1 87 539 86
156 2 2 1 1 538 644 413
157 2 2 1 1 682 693 582
158 2 2 1 1 412 651 585
159 2 2 1 1 392 611 610
160 2 2 1 1 588 695 680
161 2 2 1 1 680 695 441
162 2 2 1 1 435 602 439
163 2 2 1 1 552 679 499
164 2 2 1 1 404 592 541
165 2 2 1 1 512 615 614
166 2 2 1 1 404 626 578
167 2 2 1 1 499 704 552
168 2 2 1 1 572 680 441
169 2 2 1 1 416 569 542
170 2 2 1 1 471 666 609
171 2 2 1 1 83 400 82
172 2 2 1 1 620 692 532
173 2 2 1 1 586 683 530
174 2 2 1 1 651 683 585
175 2 2 1 1 531 675 411
176 2 2 1 1 89 401 88
177 2 2 1 1 611 662 607
178 2 2 1 1 579 699 686
179 2 2 1 1 686 699 468
180 2 2 1 1 539 540 398
181 2 2 1 1 478 636 540
182 2 2 1 1 441 665 572
183 2 2 1 1 507 654 652
184 2 2 1 1 402 657 655
185 2 2 1 1 505 693 682
186 2 2 1 1 477 602 435
187 2 2 1 1 584 627 417
188 2 2 1 1 532 539 87
189 2 2 1 1 514 626 513
190 2 2 1 1 527 709 578
191 2 2 1 1 537 690 406
192 2 2 1 1 392 610 78
193 2 2 1 1 78 610 77
194 2 2 1 1 546 571 570
195 2 2 1 1 609 701 471
196 2 2 1 1 540 692 478
197 2 2 1 1 469 719 558
198 2 2 1 1 470 654 579
199 2 2 1 1 519 657 568
200 2 2 1 1 392 685 611
201 2 2 1 1 608 701 609
202 2 2 1 1 608 724 701
203 2 2 1 1 576 629 551
204 2 2 1 1 417 627 99
205 2 2 1 1 88 532 87
206 2 2 1 1 515 529 526
207 2 2 1 1 413 705 538
208 2 2 1 1 561 613 583
209 2 2 1 1 401 532 88
210 2 2 1 1 406 717 537
211 2 2 1 1 577 681 674
212 2 2 1 1 515 530 529
213 2 2 1 1 577 663 574
214 2 2 1 1 402 569 71
215 2 2 1 1 83 533 400
216 2 2 1 1 655 657 519
217 2 2 1 1 595 673 517
218 2 2 1 1 546 570 544
219 2 2 1 1 548 629 96
220 2 2 1 1 661 667 604
221 2 2 1 1 410 689 528
222 2 2 1 1 541 626 404
223 2 2 1 1 439 602 506
224 2 2 1 1 73 543 72
225 2 2 1 1 97 548 96
226 2 2 1 1 546 572 571
227 2 2 1 1 29 592 404
228 2 2 1 1 43 387 42
229 2 2 1 1 396 563 74
230 2 2 1 1 551 629 548
231 2 2 1 1 55 600 386
232 2 2 1 1 54 554 53
233 2 2 1 1 56 600 55
234 2 2 1 1 392 690 537
235 2 2 1 1 402 655 569
236 2 2 1 1 92 598 399
237 2 2 1 1 554 597 53
238 2 2 1 1 32 559 31
239 2 2 1 1 30 592 29
240 2 2 1 1 386 600 556
241 2 2 1 1 506 601 590
242 2 2 1 1 544 570 41
243 2 2 1 1 557 597 554
244 2 2 1 1 71 569 70
245 2 2 1 1 593 667 661
246 2 2 1 1 598 599 399
247 2 2 1 1 565 567 564
248 2 2 1 1 517 659 595
249 2 2 1 1 625 632 596
250 2 2 1 1 533 589 535
251 2 2 1 1 656 709 528
252 2 2 1 1 404 578 28
253 2 2 1 1 99 627 98
254 2 2 1 1 575 603 599
255 2 2 1 1 579 654 536
256 2 2 1 1 396 565 563
257 2 2 1 1 683 702 530
258 2 2 1 1 45 407 44
259 2 2 1 1 604 639 510
260 2 2 1 1 409 607 606
261 2 2 1 1 41 570 40
262 2 2 1 1 568 657 564
263 2 2 1 1 28 578 27
264 2 2 1 1 607 662 608
265 2 2 1 1 95 397 94
266 2 2 1 1 75 396 74
267 2 2 1 1 563 565 564
268 2 2 1 1 575 599 598
269 2 2 1 1 533 534 400
270 2 2 1 1 527 626 514
271 2 2 1 1 498 619 504
272 2 2 1 1 52 388 51
273 2 2 1 1 34 389 33
274 2 2 1 1 674 681 501
275 2 2 1 1 652 654 470
276 2 2 1 1 390 587 46
277 2 2 1 1 603 639 604
278 2 2 1 1 513 626 541
279 2 2 1 1 600 670 556
280 2 2 1 1 512 725 616
281 2 2 1 1 557 688 597
282 2 2 1 1 419 593 423
283 2 2 1 1 409 606 605
284 2 2 1 1 93 598 92
285 2 2 1 1 524 654 507
286 2 2 1 1 537 685 392
287 2 2 1 1 396 605 566
288 2 2 1 1 418 593 419
289 2 2 1 1 75 605 396
290 2 2 1 1 593 661 423
291 2 2 1 1 423 648 421
292 2 2 1 1 569 655 542
293 2 2 1 1 538 664 644
294 2 2 1 1 499 619 498
295 2 2 1 1 636 637 540
296 2 2 1 1 72 543 402
297 2 2 1 1 37 615 391
298 2 2 1 1 390 590 587
299 2 2 1 1 50 594 408
300 2 2 1 1 559 613 561
301 2 2 1 1 642 663 577
302 2 2 1 1 611 671 662
303 2 2 1 1 85 589 84
304 2 2 1 1 528 689 656
305 2 2 1 1 77 610 409
306 2 2 1 1 419 421 420
307 2 2 1 1 84 589 533
308 2 2 1 1 500 639 603
309 2 2 1 1 47 390 46
310 2 2 1 1 590 601 587
311 2 2 1 1 557 698 688
312 2 2 1 1 539 692 540
313 2 2 1 1 583 613 389
314 2 2 1 1 614 669 512
315 2 2 1 1 606 609 566
316 2 2 1 1 546 680 572
317 2 2 1 1 31 559 385
318 2 2 1 1 74 563 73
319 2 2 1 1 43 645 387
320 2 2 1 1 558 677 462
321 2 2 1 1 405 696 562
322 2 2 1 1 89 418 401
323 2 2 1 1 559 560 385
324 2 2 1 1 594 595 408
325 2 2 1 1 418 419 401
326 2 2 1 1 542 705 416
327 2 2 1 1 32 613 559
328 2 2 1 1 95 629 397
329 2 2 1 1 506 602 601
330 2 2 1 1 504 619 515
331 2 2 1 1 482 618 437
332 2 2 1 1 419 420 401
333 2 2 1 1 421 422 420
334 2 2 1 1 499 715 619
335 2 2 1 1 52 597 388
336 2 2 1 1 407 645 44
337 2 2 1 1 609 666 566
338 2 2 1 1 605 606 566
339 2 2 1 1 419 423 421
340 2 2 1 1 615 616 391
341 2 2 1 1 77 409 76
342 2 2 1 1 389 613 33
343 2 2 1 1 573 598 93
344 2 2 1 1 397 629 576
345 2 2 1 1 568 684 519
346 2 2 1 1 39 614 38
347 2 2 1 1 42 544 41
348 2 2 1 1 510 661 604
349 2 2 1 1 533 535 534
350 2 2 1 1 634 648 423
351 2 2 1 1 602 623 601
352 2 2 1 1 551 681 576
353 2 2 1 1 624 632 625
354 2 2 1 1 34 581 389
355 2 2 1 1 390 624 591
356 2 2 1 1 505 682 617
357 2 2 1 1 581 582 389
358 2 2 1 1 418 622 593
359 2 2 1 1 556 677 558
360 2 2 1 1 565 666 567
361 2 2 1 1 36 621 35
362 2 2 1 1 574 663 575
363 2 2 1 1 38 615 37
364 2 2 1 1 567 568 564
365 2 2 1 1 422 620 420
366 2 2 1 1 50 408 49
367 2 2 1 1 425 427 426
368 2 2 1 1 529 676 410
369 2 2 1 1 409 605 76
370 2 2 1 1 23 410 22
371 2 2 1 1 46 587 45
372 2 2 1 1 387 645 547
373 2 2 1 1 617 621 391
374 2 2 1 1 73 563 543
375 2 2 1 1 40 570 395
376 2 2 1 1 585 683 586
377 2 2 1 1 623 645 407
378 2 2 1 1 94 573 93
379 2 2 1 1 421 424 422
380 2 2 1 1 530 715 586
381 2 2 1 1 47 624 390
382 2 2 1 1 425 426 422
383 2 2 1 1 424 425 422
384 2 2 1 1 589 708 535
385 2 2 1 1 535 708 637
386 2 2 1 1 570 571 395
387 2 2 1 1 596 632 408
388 2 2 1 1 607 608 606
389 2 2 1 1 70 569 416
390 2 2 1 1 543 657 402
391 2 2 1 1 387 544 42
392 2 2 1 1 437 618 425
393 2 2 1 1 534 536 400
394 2 2 1 1 515 619 530
395 2 2 1 1 427 428 426
396 2 2 1 1 396 566 565
397 2 2 1 1 76 605 75
398 2 2 1 1 92 399 91
399 2 2 1 1 592 660 541
400 2 2 1 1 675 700 643
401 2 2 1 1 658 681 551
402 2 2 1 1 51 594 50
403 2 2 1 1 100 417 99
404 2 2 1 1 512 669 482
405 2 2 1 1 424 437 425
406 2 2 1 1 27 578 414
407 2 2 1 1 482 687 618
408 2 2 1 1 517 673 518
409 2 2 1 1 594 673 595
410 2 2 1 1 531 628 479
411 2 2 1 1 400 580 82
412 2 2 1 1 409 610 607
413 2 2 1 1 624 625 591
414 2 2 1 1 427 429 428
415 2 2 1 1 485 486 484
416 2 2 1 1 70 416 69
417 2 2 1 1 35 621 581
418 2 2 1 1 534 579 536
419 2 2 1 1 679 715 499
420 2 2 1 1 425 618 427
421 2 2 1 1 473 482 437
422 2 2 1 1 397 573 94
423 2 2 1 1 473 512 482
424 2 2 1 1 438 473 437
425 2 2 1 1 646 703 531
426 2 2 1 1 584 585 553
427 2 2 1 1 550 553 552
428 2 2 1 1 27 414 26
429 2 2 1 1 487 488 486
430 2 2 1 1 486 505 484
431 2 2 1 1 59 415 58
432 2 2 1 1 45 587 407
433 2 2 1 1 485 487 486
434 2 2 1 1 429 441 431
435 2 2 1 1 479 628 475
436 2 2 1 1 455 631 458
437 2 2 1 1 428 478 426
438 2 2 1 1 515 526 514
439 2 2 1 1 501 681 658
440 2 2 1 1 590 672 506
441 2 2 1 1 438 474 473
442 2 2 1 1 489 490 488
443 2 2 1 1 433 477 435
444 2 2 1 1 483 485 484
445 2 2 1 1 428 636 478
446 2 2 1 1 458 631 469
447 2 2 1 1 497 499 498
448 2 2 1 1 483 484 474
449 2 2 1 1 603 604 599
450 2 2 1 1 391 621 36
451 2 2 1 1 585 691 412
452 2 2 1 1 608 609 606
453 2 2 1 1 408 632 49
454 2 2 1 1 487 489 488
455 2 2 1 1 617 706 505
456 2 2 1 1 492 630 502
457 2 2 1 1 585 586 553
458 2 2 1 1 390 591 590
459 2 2 1 1 466 479 475
460 2 2 1 1 466 475 465
461 2 2 1 1 424 438 437
462 2 2 1 1 497 498 496
463 2 2 1 1 511 531 479
464 2 2 1 1 475 628 508
465 2 2 1 1 498 504 503
466 2 2 1 1 491 492 490
467 2 2 1 1 504 514 513
468 2 2 1 1 463 466 465
469 2 2 1 1 403 550 549
470 2 2 1 1 582 583 389
471 2 2 1 1 504 515 514
472 2 2 1 1 489 491 490
473 2 2 1 1 388 594 51
474 2 2 1 1 563 564 543
475 2 2 1 1 48 632 624
476 2 2 1 1 462 463 461
477 2 2 1 1 429 431 430
478 2 2 1 1 421 648 424
479 2 2 1 1 550 552 549
480 2 2 1 1 492 502 490
481 2 2 1 1 547 645 623
482 2 2 1 1 595 596 408
483 2 2 1 1 616 617 391
484 2 2 1 1 429 430 428
485 2 2 1 1 532 692 539
486 2 2 1 1 612 707 583
487 2 2 1 1 460 461 459
488 2 2 1 1 439 506 442
489 2 2 1 1 397 574 573
490 2 2 1 1 454 631 455
491 2 2 1 1 493 494 492
492 2 2 1 1 460 462 461
493 2 2 1 1 397 576 574
494 2 2 1 1 495 496 494
495 2 2 1 1 491 493 492
496 2 2 1 1 72 402 71
497 2 2 1 1 550 584 553
498 2 2 1 1 433 435 434
499 2 2 1 1 472 635 523
500 2 2 1 1 494 630 492
501 2 2 1 1 614 615 38
502 2 2 1 1 475 508 476
503 2 2 1 1 458 460 459
504 2 2 1 1 576 681 577
505 2 2 1 1 452 454 453
506 2 2 1 1 463 465 464
507 2 2 1 1 399 622 91
508 2 2 1 1 450 452 451
509 2 2 1 1 559 561 560
510 2 2 1 1 49 632 48
511 2 2 1 1 560 660 385
512 2 2 1 1 517 518 454
513 2 2 1 1 495 497 496
514 2 2 1 1 37 391 36
515 2 2 1 1 455 458 457
516 2 2 1 1 508 538 509
517 2 2 1 1 458 459 457
518 2 2 1 1 498 503 496
519 2 2 1 1 454 455 453
520 2 2 1 1 550 627 584
521 2 2 1 1 518 631 454
522 2 2 1 1 516 640 503
523 2 2 1 1 493 495 494
524 2 2 1 1 431 433 432
525 2 2 1 1 452 453 451
526 2 2 1 1 435 439 436
527 2 2 1 1 494 640 630
528 2 2 1 1 57 405 56
529 2 2 1 1 403 627 550
530 2 2 1 1 98 403 97
531 2 2 1 1 673 688 518
532 2 2 1 1 450 451 449
533 2 2 1 1 98 627 403
534 2 2 1 1 439 442 440
535 2 2 1 1 504 513 503
536 2 2 1 1 604 667 599
537 2 2 1 1 452 517 454
538 2 2 1 1 459 633 471
539 2 2 1 1 430 636 428
540 2 2 1 1 576 577 574
541 2 2 1 1 405 600 56
542 2 2 1 1 458 469 460
543 2 2 1 1 29 404 28
544 2 2 1 1 403 548 97
545 2 2 1 1 579 686 470
546 2 2 1 1 403 549 548
547 2 2 1 1 455 457 456
548 2 2 1 1 448 450 449
549 2 2 1 1 503 640 496
550 2 2 1 1 48 624 47
551 2 2 1 1 463 464 461
552 2 2 1 1 480 511 479
553 2 2 1 1 91 622 90
554 2 2 1 1 610 611 607
555 2 2 1 1 435 436 434
556 2 2 1 1 439 440 436
557 2 2 1 1 438 483 474
558 2 2 1 1 442 443 440
559 2 2 1 1 442 444 443
560 2 2 1 1 79 392 78
561 2 2 1 1 475 476 465
562 2 2 1 1 472 523 522
563 2 2 1 1 445 448 447
564 2 2 1 1 86 398 85
565 2 2 1 1 444 445 443
566 2 2 1 1 451 638 467
567 2 2 1 1 433 434 432
568 2 2 1 1 526 528 527
569 2 2 1 1 489 500 491
570 2 2 1 1 513 541 516
571 2 2 1 1 564 657 543
572 2 2 1 1 451 467 449
573 2 2 1 1 466 480 479
574 2 2 1 1 455 456 453
575 2 2 1 1 448 449 447
576 2 2 1 1 90 418 89
577 2 2 1 1 628 664 508
578 2 2 1 1 21 394 20
579 2 2 1 1 459 471 457
580 2 2 1 1 495 501 497
581 2 2 1 1 431 432 430
582 2 2 1 1 445 447 446
583 2 2 1 1 447 635 472
584 2 2 1 1 671 685 523
585 2 2 1 1 386 556 555
586 2 2 1 1 523 537 522
587 2 2 1 1 526 527 514
588 2 2 1 1 448 481 450
589 2 2 1 1 601 623 407
590 2 2 1 1 444 641 445
591 2 2 1 1 445 641 448
592 2 2 1 1 462 653 463
593 2 2 1 1 55 386 54
594 2 2 1 1 31 385 30
595 2 2 1 1 496 640 494
596 2 2 1 1 684 710 464
597 2 2 1 1 449 635 447
598 2 2 1 1 461 633 459
599 2 2 1 1 549 551 548
600 2 2 1 1 556 558 555
601 2 2 1 1 587 601 407
602 2 2 1 1 96 629 95
603 2 2 1 1 513 516 503
604 2 2 1 1 385 592 30
605 2 2 1 1 53 597 52
606 2 2 1 1 618 665 427
607 2 2 1 1 35 581 34
608 2 2 1 1 634 661 510
609 2 2 1 1 417 691 584
610 2 2 1 1 574 575 573
611 2 2 1 1 485 510 487
612 2 2 1 1 612 693 488
613 2 2 1 1 445 446 443
614 2 2 1 1 453 638 451
615 2 2 1 1 500 642 491
616 2 2 1 1 447 472 446
617 2 2 1 1 387 545 544
618 2 2 1 1 480 520 511
619 2 2 1 1 90 622 418
620 2 2 1 1 467 635 449
621 2 2 1 1 386 554 54
622 2 2 1 1 448 641 481
623 2 2 1 1 456 638 453
624 2 2 1 1 491 642 493
625 2 2 1 1 582 612 583
626 2 2 1 1 426 620 422
627 2 2 1 1 520 525 511
628 2 2 1 1 669 687 482
629 2 2 1 1 386 555 554
630 2 2 1 1 44 645 43
631 2 2 1 1 508 509 476
632 2 2 1 1 489 639 500
633 2 2 1 1 414 709 656
634 2 2 1 1 536 580 400
635 2 2 1 1 33 613 32
636 2 2 1 1 466 653 480
637 2 2 1 1 443 652 440
638 2 2 1 1 415 696 58
639 2 2 1 1 487 639 489
640 2 2 1 1 483 634 485
641 2 2 1 1 555 557 554
642 2 2 1 1 464 633 461
643 2 2 1 1 387 547 545
644 2 2 1 1 429 665 441
645 2 2 1 1 477 695 588
646 2 2 1 1 472 522 507
647 2 2 1 1 463 653 466
648 2 2 1 1 63 411 62
649 2 2 1 1 485 634 510
650 2 2 1 1 440 470 436
651 2 2 1 1 575 598 573
652 2 2 1 1 538 705 542
653 2 2 1 1 472 507 446
654 2 2 1 1 65 393 64
655 2 2 1 1 64 646 63
656 2 2 1 1 538 542 509
657 2 2 1 1 616 706 617
658 2 2 1 1 66 644 65
659 2 2 1 1 446 652 443
660 2 2 1 1 67 413 66
661 2 2 1 1 477 718 602
662 2 2 1 1 617 682 621
663 2 2 1 1 452 659 517
664 2 2 1 1 434 468 432
665 2 2 1 1 84 533 83
666 2 2 1 1 480 521 520
667 2 2 1 1 480 653 521
668 2 2 1 1 62 643 61
669 2 2 1 1 520 562 525
670 2 2 1 1 583 707 561
671 2 2 1 1 19 412 18
672 2 2 1 1 510 639 487
673 2 2 1 1 411 675 643
674 2 2 1 1 602 718 623
675 2 2 1 1 509 519 476
676 2 2 1 1 522 524 507
677 2 2 1 1 40 395 39
678 2 2 1 1 481 659 450
679 2 2 1 1 440 652 470
680 2 2 1 1 424 648 438
681 2 2 1 1 398 589 85
682 2 2 1 1 507 652 446
683 2 2 1 1 545 546 544
684 2 2 1 1 478 620 426
685 2 2 1 1 438 648 483
686 2 2 1 1 547 588 545
687 2 2 1 1 549 658 551
688 2 2 1 1 57 696 405
689 2 2 1 1 63 646 411
690 2 2 1 1 423 661 634
691 2 2 1 1 415 723 696
692 2 2 1 1 393 646 64
693 2 2 1 1 509 655 519
694 2 2 1 1 65 644 393
695 2 2 1 1 61 649 60
696 2 2 1 1 413 644 66
697 2 2 1 1 68 647 67
698 2 2 1 1 483 648 634
699 2 2 1 1 411 643 62
700 2 2 1 1 79 690 392
701 2 2 1 1 636 668 637
702 2 2 1 1 18 650 17
703 2 2 1 1 697 707 502
704 2 2 1 1 20 651 19
705 2 2 1 1 542 655 509
706 2 2 1 1 616 725 706
707 2 2 1 1 385 660 592
708 2 2 1 1 394 651 20
709 2 2 1 1 450 659 452
710 2 2 1 1 552 658 549
711 2 2 1 1 25 656 24
712 2 2 1 1 603 663 500
713 2 2 1 1 395 614 39
714 2 2 1 1 399 667 622
715 2 2 1 1 1 713 100
716 2 2 1 1 622 667 593
717 2 2 1 1 506 672 442
718 2 2 1 1 67 647 413
719 2 2 1 1 612 722 707
720 2 2 1 1 575 663 603
721 2 2 1 1 511 675 531
722 2 2 1 1 643 649 61
723 2 2 1 1 430 668 636
724 2 2 1 1 81 406 80
725 2 2 1 1 541 660 516
726 2 2 1 1 69 712 4
727 2 2 1 1 412 650 18
728 2 2 1 1 19 651 412
729 2 2 1 1 638 662 467
730 2 2 1 1 611 685 671
731 2 2 1 1 410 676 22
732 2 2 1 1 635 671 523
733 2 2 1 1 582 693 612
734 2 2 1 1 581 682 582
735 2 2 1 1 488 722 612
736 2 2 1 1 640 678 630
737 2 2 1 1 599 667 399
738 2 2 1 1 23 689 410
739 2 2 1 1 562 721 405
740 2 2 1 1 553 679 552
741 2 2 1 1 560 678 660
742 2 2 1 1 495 674 501
743 2 2 1 1 468 668 432
744 2 2 1 1 80 690 79
745 2 2 1 1 596 720 625
746 2 2 1 1 26 716 2
747 2 2 1 1 488 693 486
748 2 2 1 1 642 674 493
749 2 2 1 1 500 663 642
750 2 2 1 1 3 714 59
751 2 2 1 1 577 674 642
752 2 2 1 1 568 710 684
753 2 2 1 1 631 698 469
754 2 2 1 1 508 664 538
755 2 2 1 1 395 669 614
756 2 2 1 1 427 665 429
757 2 2 1 1 406 690 80
758 2 2 1 1 441 695 431
759 2 2 1 1 433 695 477
760 2 2 1 1 525 700 675
761 2 2 1 1 566 666 565
762 2 2 1 1 630 697 502
763 2 2 1 1 591 672 590
764 2 2 1 1 662 671 467
765 2 2 1 1 540 708 398
766 2 2 1 1 462 677 653
767 2 2 1 1 21 676 394
768 2 2 1 1 465 684 464
769 2 2 1 1 473 725 512
770 2 2 1 1 505 706 484
771 2 2 1 1 644 664 393
772 2 2 1 1 481 720 596
773 2 2 1 1 588 718 477
774 2 2 1 1 578 709 414
775 2 2 1 1 660 678 516
776 2 2 1 1 519 684 476
777 2 2 1 1 571 669 395
778 2 2 1 1 434 686 468
779 2 2 1 1 58 696 57
780 2 2 1 1 490 722 488
781 2 2 1 1 432 668 430
782 2 2 1 1 470 686 436
783 2 2 1 1 501 704 497
784 2 2 1 1 698 719 469
785 2 2 1 1 405 670 600
786 2 2 1 1 588 680 545
787 2 2 1 1 471 701 457
788 2 2 1 1 628 703 664
789 2 2 1 1 442 672 444
790 2 2 1 1 467 671 635
791 2 2 1 1 388 673 594
792 2 2 1 1 591 694 672
793 2 2 1 1 558 719 555
794 2 2 1 1 22 676 21
795 2 2 1 1 493 674 495
796 2 2 1 1 537 717 522
797 2 2 1 1 534 699 579
798 2 2 1 1 658 704 501
799 2 2 1 1 597 688 388
800 2 2 1 1 656 689 24
801 2 2 1 1 637 711 535
802 2 2 1 1 525 675 511
803 2 2 1 1 521 721 520
804 2 2 1 1 571 687 669
805 2 2 1 1 516 678 640
806 2 2 1 1 552 704 658
807 2 2 1 1 561 707 697
808 2 2 1 1 653 677 521
809 2 2 1 1 388 688 673
810 2 2 1 1 650 691 417
811 2 2 1 1 60 714 3
812 2 2 1 1 637 708 540
813 2 2 1 1 4 712 68
814 2 2 1 1 621 682 581
815 2 2 1 1 2 716 25
816 2 2 1 1 638 724 662
817 2 2 1 1 662 724 608
818 2 2 1 1 17 713 1
819 2 2 1 1 572 687 571
820 2 2 1 1 100 713 417
821 2 2 1 1 586 679 553
822 2 2 1 1 672 694 444
823 2 2 1 1 531 703 628
824 2 2 1 1 678 697 630
825 2 2 1 1 547 718 588
826 2 2 1 1 649 700 415
827 2 2 1 1 666 726 567
828 2 2 1 1 416 705 647
829 2 2 1 1 584 691 585
830 2 2 1 1 416 712 69
831 2 2 1 1 545 680 546
832 2 2 1 1 664 703 393
833 2 2 1 1 688 698 518
834 2 2 1 1 417 713 650
835 2 2 1 1 670 721 521
836 2 2 1 1 414 716 26
837 2 2 1 1 24 689 23
838 2 2 1 1 523 685 537
839 2 2 1 1 476 684 465
840 2 2 1 1 436 686 434
841 2 2 1 1 676 702 394
842 2 2 1 1 59 714 415
843 2 2 1 1 625 694 591
844 2 2 1 1 530 702 529
845 2 2 1 1 486 693 505
846 2 2 1 1 394 683 651
847 2 2 1 1 647 712 416
848 2 2 1 1 412 691 650
849 2 2 1 1 444 694 641
850 2 2 1 1 535 699 534
851 2 2 1 1 696 723 562
852 2 2 1 1 478 692 620
853 2 2 1 1 431 695 433
854 2 2 1 1 518 698 631
855 2 2 1 1 656 716 414
856 2 2 1 1 561 697 560
857 2 2 1 1 625 720 694
858 2 2 1 1 415 714 649
859 2 2 1 1 560 697 678
860 2 2 1 1 457 701 456
861 2 2 1 1 623 718 547
862 2 2 1 1 557 719 698
863 2 2 1 1 694 720 641
864 2 2 1 1 484 706 474
865 2 2 1 1 497 704 499
866 2 2 1 1 567 710 568
867 2 2 1 1 529 702 676
868 2 2 1 1 468 711 668
869 2 2 1 1 706 725 474
870 2 2 1 1 394 702 683
871 2 2 1 1 710 726 633
872 2 2 1 1 393 703 646
873 2 2 1 1 643 700 649
874 2 2 1 1 464 710 633
875 2 2 1 1 567 726 710
876 2 2 1 1 619 715 530
877 2 2 1 1 701 724 456
878 2 2 1 1 474 725 473
879 2 2 1 1 528 709 527
880 2 2 1 1 405 721 670
881 2 2 1 1 398 708 589
882 2 2 1 1 633 726 471
883 2 2 1 1 502 722 490
884 2 2 1 1 555 719 557
885 2 2 1 1 641 720 481
886 2 2 1 1 647 705 413
887 2 2 1 1 522 717 524
888 2 2 1 1 520 721 562
889 2 2 1 1 562 723 525
890 2 2 1 1 700 723 415
891 2 2 1 1 68 712 647
892 2 2 1 1 649 714 60
893 2 2 1 1 456 724 638
894 2 2 1 1 650 713 17
895 2 2 1 1 25 716 656
896 2 2 1 1 668 711 637
897 2 2 1 1 471 726 666
898 2 2 1 1 707 722 502
899 2 2 1 1 586 715 679
900 2 2 1 1 699 711 468
901 2 2 1 1 535 711 699
902 2 2 1 1 525 723 700
903 2 2 2 2 827 828 745
904 2 2 2 2 842 879 838
905 2 2 2 2 837 858 739
906 2 2 2 2 768 849 732
907 2 2 2 2 745 832 827
908 2 2 2 2 868 900 792
909 2 2 2 2 771 773 737
910 2 2 2 2 839 858 837
911 2 2 2 2 737 849 771
912 2 2 2 2 121 832 120
913 2 2 2 2 835 837 739
914 2 2 2 2 773 866 737
915 2 2 2 2 748 879 842
916 2 2 2 2 828 855 745
917 2 2 2 2 830 833 752
918 2 2 2 2 755 866 775
919 2 2 2 2 752 855 830
920 2 2 2 2 739 861 835
921 2 2 2 2 775 900 755
922 2 2 2 2 847 889 774
923 2 2 2 2 775 866 773
924 2 2 2 2 873 903 854
925 2 2 2 2 833 861 752
926 2 2 2 2 755 900 868
927 2 2 2 2 843 859 763
928 2 2 2 2 792 918 868
929 2 2 2 2 119 855 118
930 2 2 2 2 916 929 848
931 2 2 2 2 753 889 847
932 2 2 2 2 771 849 768
933 2 2 2 2 120 832 745
934 2 2 2 2 732 920 768
935 2 2 2 2 854 903 879
936 2 2 2 2 742 916 848
937 2 2 2 2 832 859 843
938 2 2 2 2 838 879 840
939 2 2 2 2 879 903 840
940 2 2 2 2 121 859 832
941 2 2 2 2 805 892 887
942 2 2 2 2 800 903 873
943 2 2 2 2 835 861 833
944 2 2 2 2 817 899 756
945 2 2 2 2 45 849 46
946 2 2 2 2 830 855 828
947 2 2 2 2 57 812 740
948 2 2 2 2 824 843 826
949 2 2 2 2 819 929 916
950 2 2 2 2 108 844 741
951 2 2 2 2 794 921 907
952 2 2 2 2 920 923 767
953 2 2 2 2 757 845 28
954 2 2 2 2 776 889 878
955 2 2 2 2 756 876 817
956 2 2 2 2 44 820 732
957 2 2 2 2 733 821 41
958 2 2 2 2 745 855 119
959 2 2 2 2 792 900 776
960 2 2 2 2 794 907 793
961 2 2 2 2 789 898 896
962 2 2 2 2 42 749 43
963 2 2 2 2 123 727 122
964 2 2 2 2 732 849 45
965 2 2 2 2 134 729 133
966 2 2 2 2 112 728 111
967 2 2 2 2 132 846 735
968 2 2 2 2 46 849 737
969 2 2 2 2 842 894 888
970 2 2 2 2 764 877 766
971 2 2 2 2 887 892 844
972 2 2 2 2 826 863 822
973 2 2 2 2 776 906 792
974 2 2 2 2 29 730 30
975 2 2 2 2 110 750 109
976 2 2 2 2 55 731 56
977 2 2 2 2 888 894 754
978 2 2 2 2 767 923 770
979 2 2 2 2 812 813 740
980 2 2 2 2 848 870 742
981 2 2 2 2 847 885 753
982 2 2 2 2 44 732 45
983 2 2 2 2 40 733 41
984 2 2 2 2 785 890 882
985 2 2 2 2 733 822 821
986 2 2 2 2 125 856 124
987 2 2 2 2 137 851 742
988 2 2 2 2 118 855 752
989 2 2 2 2 841 905 734
990 2 2 2 2 117 861 116
991 2 2 2 2 911 919 811
992 2 2 2 2 57 740 58
993 2 2 2 2 816 867 813
994 2 2 2 2 136 870 135
995 2 2 2 2 812 816 813
996 2 2 2 2 774 889 776
997 2 2 2 2 138 851 137
998 2 2 2 2 132 735 131
999 2 2 2 2 114 734 113
1000 2 2 2 2 108 741 107
1001 2 2 2 2 822 863 821
1002 2 2 2 2 27 757 28
1003 2 2 2 2 51 852 52
1004 2 2 2 2 34 853 748
1005 2 2 2 2 878 906 776
1006 2 2 2 2 856 877 764
1007 2 2 2 2 33 853 34
1008 2 2 2 2 827 843 824
1009 2 2 2 2 777 870 779
1010 2 2 2 2 734 931 841
1011 2 2 2 2 832 843 827
1012 2 2 2 2 807 897 892
1013 2 2 2 2 916 922 818
1014 2 2 2 2 811 919 810
1015 2 2 2 2 763 859 727
1016 2 2 2 2 728 860 797
1017 2 2 2 2 739 858 115
1018 2 2 2 2 130 857 738
1019 2 2 2 2 854 926 873
1020 2 2 2 2 754 893 37
1021 2 2 2 2 58 865 59
1022 2 2 2 2 753 885 127
1023 2 2 2 2 793 907 744
1024 2 2 2 2 842 888 748
1025 2 2 2 2 752 861 117
1026 2 2 2 2 896 898 857
1027 2 2 2 2 27 850 757
1028 2 2 2 2 733 862 823
1029 2 2 2 2 43 820 44
1030 2 2 2 2 41 821 42
1031 2 2 2 2 819 916 818
1032 2 2 2 2 761 856 764
1033 2 2 2 2 116 861 739
1034 2 2 2 2 38 736 39
1035 2 2 2 2 46 737 47
1036 2 2 2 2 914 915 788
1037 2 2 2 2 727 859 122
1038 2 2 2 2 728 795 111
1039 2 2 2 2 134 777 729
1040 2 2 2 2 809 897 807
1041 2 2 2 2 112 860 728
1042 2 2 2 2 728 796 795
1043 2 2 2 2 123 761 727
1044 2 2 2 2 777 778 729
1045 2 2 2 2 110 795 750
1046 2 2 2 2 761 762 727
1047 2 2 2 2 779 870 848
1048 2 2 2 2 795 880 750
1049 2 2 2 2 853 879 748
1050 2 2 2 2 734 905 860
1051 2 2 2 2 766 877 769
1052 2 2 2 2 736 884 862
1053 2 2 2 2 864 893 754
1054 2 2 2 2 807 892 805
1055 2 2 2 2 841 903 800
1056 2 2 2 2 40 862 733
1057 2 2 2 2 734 860 113
1058 2 2 2 2 124 856 761
1059 2 2 2 2 818 899 817
1060 2 2 2 2 882 890 846
1061 2 2 2 2 52 852 744
1062 2 2 2 2 742 870 136
1063 2 2 2 2 806 904 808
1064 2 2 2 2 810 919 730
1065 2 2 2 2 135 870 777
1066 2 2 2 2 786 914 788
1067 2 2 2 2 746 856 125
1068 2 2 2 2 56 812 57
1069 2 2 2 2 813 867 815
1070 2 2 2 2 109 844 108
1071 2 2 2 2 127 885 126
1072 2 2 2 2 28 845 29
1073 2 2 2 2 815 867 819
1074 2 2 2 2 133 846 132
1075 2 2 2 2 904 913 808
1076 2 2 2 2 49 868 50
1077 2 2 2 2 48 866 755
1078 2 2 2 2 747 852 51
1079 2 2 2 2 116 739 115
1080 2 2 2 2 130 738 129
1081 2 2 2 2 813 814 740
1082 2 2 2 2 128 869 753
1083 2 2 2 2 736 862 39
1084 2 2 2 2 740 865 58
1085 2 2 2 2 731 812 56
1086 2 2 2 2 800 905 841
1087 2 2 2 2 874 930 816
1088 2 2 2 2 107 872 106
1089 2 2 2 2 769 891 772
1090 2 2 2 2 911 926 743
1091 2 2 2 2 750 844 109
1092 2 2 2 2 29 845 730
1093 2 2 2 2 749 820 43
1094 2 2 2 2 845 925 730
1095 2 2 2 2 42 821 749
1096 2 2 2 2 846 890 735
1097 2 2 2 2 844 892 741
1098 2 2 2 2 729 846 133
1099 2 2 2 2 115 858 114
1100 2 2 2 2 131 857 130
1101 2 2 2 2 50 868 747
1102 2 2 2 2 746 877 856
1103 2 2 2 2 760 851 138
1104 2 2 2 2 816 927 874
1105 2 2 2 2 129 869 128
1106 2 2 2 2 768 920 767
1107 2 2 2 2 733 823 822
1108 2 2 2 2 741 872 107
1109 2 2 2 2 787 890 785
1110 2 2 2 2 809 924 871
1111 2 2 2 2 862 884 823
1112 2 2 2 2 921 927 731
1113 2 2 2 2 736 886 884
1114 2 2 2 2 139 760 138
1115 2 2 2 2 26 850 27
1116 2 2 2 2 755 868 49
1117 2 2 2 2 730 925 917
1118 2 2 2 2 104 871 103
1119 2 2 2 2 47 866 48
1120 2 2 2 2 814 865 740
1121 2 2 2 2 114 858 734
1122 2 2 2 2 735 857 131
1123 2 2 2 2 791 898 789
1124 2 2 2 2 777 779 778
1125 2 2 2 2 111 795 110
1126 2 2 2 2 135 777 134
1127 2 2 2 2 854 879 853
1128 2 2 2 2 815 817 814
1129 2 2 2 2 762 763 727
1130 2 2 2 2 813 815 814
1131 2 2 2 2 728 797 796
1132 2 2 2 2 731 816 812
1133 2 2 2 2 730 917 810
1134 2 2 2 2 808 809 807
1135 2 2 2 2 761 764 762
1136 2 2 2 2 840 841 839
1137 2 2 2 2 838 839 837
1138 2 2 2 2 838 840 839
1139 2 2 2 2 836 838 837
1140 2 2 2 2 738 869 129
1141 2 2 2 2 806 808 807
1142 2 2 2 2 737 866 47
1143 2 2 2 2 915 918 790
1144 2 2 2 2 36 754 37
1145 2 2 2 2 48 755 49
1146 2 2 2 2 880 887 750
1147 2 2 2 2 836 837 835
1148 2 2 2 2 821 863 749
1149 2 2 2 2 824 826 822
1150 2 2 2 2 767 770 765
1151 2 2 2 2 806 807 805
1152 2 2 2 2 779 780 778
1153 2 2 2 2 865 908 59
1154 2 2 2 2 836 842 838
1155 2 2 2 2 764 765 762
1156 2 2 2 2 804 806 805
1157 2 2 2 2 834 836 835
1158 2 2 2 2 797 798 796
1159 2 2 2 2 137 742 136
1160 2 2 2 2 798 799 796
1161 2 2 2 2 118 752 117
1162 2 2 2 2 128 753 127
1163 2 2 2 2 877 891 769
1164 2 2 2 2 804 805 803
1165 2 2 2 2 823 824 822
1166 2 2 2 2 779 781 780
1167 2 2 2 2 798 801 799
1168 2 2 2 2 781 874 780
1169 2 2 2 2 780 874 783
1170 2 2 2 2 802 804 803
1171 2 2 2 2 780 782 778
1172 2 2 2 2 780 783 782
1173 2 2 2 2 783 794 793
1174 2 2 2 2 801 810 802
1175 2 2 2 2 801 802 799
1176 2 2 2 2 796 880 795
1177 2 2 2 2 778 882 729
1178 2 2 2 2 783 793 784
1179 2 2 2 2 802 803 799
1180 2 2 2 2 779 848 781
1181 2 2 2 2 766 767 765
1182 2 2 2 2 783 874 794
1183 2 2 2 2 39 862 40
1184 2 2 2 2 801 811 810
1185 2 2 2 2 750 887 844
1186 2 2 2 2 113 860 112
1187 2 2 2 2 783 784 782
1188 2 2 2 2 878 889 869
1189 2 2 2 2 52 744 53
1190 2 2 2 2 32 743 33
1191 2 2 2 2 834 835 833
1192 2 2 2 2 55 921 731
1193 2 2 2 2 730 919 30
1194 2 2 2 2 120 745 119
1195 2 2 2 2 126 746 125
1196 2 2 2 2 825 827 824
1197 2 2 2 2 798 873 801
1198 2 2 2 2 50 747 51
1199 2 2 2 2 34 748 35
1200 2 2 2 2 122 859 121
1201 2 2 2 2 801 873 811
1202 2 2 2 2 797 800 798
1203 2 2 2 2 32 911 743
1204 2 2 2 2 764 766 765
1205 2 2 2 2 788 915 790
1206 2 2 2 2 784 785 782
1207 2 2 2 2 744 907 53
1208 2 2 2 2 886 893 864
1209 2 2 2 2 124 761 123
1210 2 2 2 2 831 864 834
1211 2 2 2 2 815 818 817
1212 2 2 2 2 772 847 774
1213 2 2 2 2 766 768 767
1214 2 2 2 2 31 911 32
1215 2 2 2 2 831 834 833
1216 2 2 2 2 800 873 798
1217 2 2 2 2 823 825 824
1218 2 2 2 2 871 902 809
1219 2 2 2 2 825 828 827
1220 2 2 2 2 784 786 785
1221 2 2 2 2 743 854 853
1222 2 2 2 2 843 933 826
1223 2 2 2 2 53 907 54
1224 2 2 2 2 774 776 775
1225 2 2 2 2 766 769 768
1226 2 2 2 2 743 853 33
1227 2 2 2 2 786 787 785
1228 2 2 2 2 142 756 141
1229 2 2 2 2 765 881 762
1230 2 2 2 2 143 876 142
1231 2 2 2 2 748 888 35
1232 2 2 2 2 763 933 843
1233 2 2 2 2 831 833 830
1234 2 2 2 2 144 758 143
1235 2 2 2 2 790 792 791
1236 2 2 2 2 769 771 768
1237 2 2 2 2 825 829 828
1238 2 2 2 2 762 881 763
1239 2 2 2 2 790 791 789
1240 2 2 2 2 799 880 796
1241 2 2 2 2 786 788 787
1242 2 2 2 2 738 878 869
1243 2 2 2 2 754 894 864
1244 2 2 2 2 788 790 789
1245 2 2 2 2 769 772 771
1246 2 2 2 2 829 830 828
1247 2 2 2 2 772 773 771
1248 2 2 2 2 788 789 787
1249 2 2 2 2 782 882 778
1250 2 2 2 2 774 775 773
1251 2 2 2 2 829 831 830
1252 2 2 2 2 815 819 818
1253 2 2 2 2 772 774 773
1254 2 2 2 2 776 900 775
1255 2 2 2 2 103 871 751
1256 2 2 2 2 744 928 793
1257 2 2 2 2 36 888 754
1258 2 2 2 2 103 751 102
1259 2 2 2 2 141 875 140
1260 2 2 2 2 729 882 846
1261 2 2 2 2 823 884 825
1262 2 2 2 2 142 876 756
1263 2 2 2 2 105 759 104
1264 2 2 2 2 758 876 143
1265 2 2 2 2 37 893 38
1266 2 2 2 2 770 881 765
1267 2 2 2 2 736 893 886
1268 2 2 2 2 803 880 799
1269 2 2 2 2 820 920 732
1270 2 2 2 2 35 888 36
1271 2 2 2 2 102 883 101
1272 2 2 2 2 785 882 782
1273 2 2 2 2 756 875 141
1274 2 2 2 2 759 871 104
1275 2 2 2 2 825 884 829
1276 2 2 2 2 831 886 864
1277 2 2 2 2 126 885 746
1278 2 2 2 2 869 889 753
1279 2 2 2 2 836 894 842
1280 2 2 2 2 885 891 746
1281 2 2 2 2 803 887 880
1282 2 2 2 2 757 904 845
1283 2 2 2 2 864 894 834
1284 2 2 2 2 735 896 857
1285 2 2 2 2 772 891 847
1286 2 2 2 2 751 883 102
1287 2 2 2 2 884 886 829
1288 2 2 2 2 106 910 5
1289 2 2 2 2 59 908 3
1290 2 2 2 2 758 908 865
1291 2 2 2 2 2 912 26
1292 2 2 2 2 878 898 791
1293 2 2 2 2 6 909 139
1294 2 2 2 2 790 918 792
1295 2 2 2 2 847 891 885
1296 2 2 2 2 738 898 878
1297 2 2 2 2 840 903 841
1298 2 2 2 2 805 887 803
1299 2 2 2 2 872 910 106
1300 2 2 2 2 892 897 741
1301 2 2 2 2 851 916 742
1302 2 2 2 2 829 886 831
1303 2 2 2 2 820 923 920
1304 2 2 2 2 839 931 858
1305 2 2 2 2 759 910 872
1306 2 2 2 2 872 902 759
1307 2 2 2 2 857 898 738
1308 2 2 2 2 865 901 758
1309 2 2 2 2 38 893 736
1310 2 2 2 2 834 894 836
1311 2 2 2 2 789 896 787
1312 2 2 2 2 746 891 877
1313 2 2 2 2 811 926 911
1314 2 2 2 2 797 905 800
1315 2 2 2 2 810 917 802
1316 2 2 2 2 850 913 757
1317 2 2 2 2 794 927 921
1318 2 2 2 2 883 895 850
1319 2 2 2 2 814 901 865
1320 2 2 2 2 741 897 872
1321 2 2 2 2 770 923 863
1322 2 2 2 2 826 932 863
1323 2 2 2 2 787 896 890
1324 2 2 2 2 871 924 751
1325 2 2 2 2 751 895 883
1326 2 2 2 2 3 908 144
1327 2 2 2 2 848 929 781
1328 2 2 2 2 929 930 781
1329 2 2 2 2 140 909 6
1330 2 2 2 2 5 910 105
1331 2 2 2 2 875 899 760
1332 2 2 2 2 101 912 2
1333 2 2 2 2 932 933 881
1334 2 2 2 2 781 930 874
1335 2 2 2 2 851 922 916
1336 2 2 2 2 743 926 854
1337 2 2 2 2 863 923 749
1338 2 2 2 2 31 919 911
1339 2 2 2 2 907 921 54
1340 2 2 2 2 860 905 797
1341 2 2 2 2 890 896 735
1342 2 2 2 2 863 932 770
1343 2 2 2 2 808 924 809
1344 2 2 2 2 881 933 763
1345 2 2 2 2 876 901 817
1346 2 2 2 2 26 912 850
1347 2 2 2 2 139 909 760
1348 2 2 2 2 897 902 872
1349 2 2 2 2 731 927 816
1350 2 2 2 2 852 914 744
1351 2 2 2 2 852 915 914
1352 2 2 2 2 747 915 852
1353 2 2 2 2 817 901 814
1354 2 2 2 2 858 931 734
1355 2 2 2 2 756 899 875
1356 2 2 2 2 850 912 883
1357 2 2 2 2 793 928 784
1358 2 2 2 2 770 932 881
1359 2 2 2 2 747 918 915
1360 2 2 2 2 760 909 875
1361 2 2 2 2 895 924 808
1362 2 2 2 2 868 918 747
1363 2 2 2 2 895 913 850
1364 2 2 2 2 758 901 876
1365 2 2 2 2 784 928 786
1366 2 2 2 2 760 922 851
1367 2 2 2 2 867 929 819
1368 2 2 2 2 816 930 867
1369 2 2 2 2 804 925 806
1370 2 2 2 2 759 902 871
1371 2 2 2 2 30 919 31
1372 2 2 2 2 826 933 932
1373 2 2 2 2 792 906 791
1374 2 2 2 2 791 906 878
1375 2 2 2 2 749 923 820
1376 2 2 2 2 802 917 804
1377 2 2 2 2 54 921 55
1378 2 2 2 2 144 908 758
1379 2 2 2 2 841 931 839
1380 2 2 2 2 867 930 929
1381 2 2 2 2 757 913 904
1382 2 2 2 2 875 909 140
1383 2 2 2 2 874 927 794
1384 2 2 2 2 899 922 760
1385 2 2 2 2 105 910 759
1386 2 2 2 2 873 926 811
1387 2 2 2 2 883 912 101
1388 2 2 2 2 809 902 897
1389 2 2 2 2 808 913 895
1390 2 2 2 2 917 925 804
1391 2 2 2 2 751 924 895
1392 2 2 2 2 786 928 914
1393 2 2 2 2 818 922 899
1394 2 2 2 2 806 925 904
1395 2 2 2 2 904 925 845
1396 2 2 2 2 914 928 744
1397 2 2 1 3 1220 1221 1122
1398 2 2 1 3 1219 1220 1122
1399 2 2 1 3 1212 1263 1168
1400 2 2 1 3 936 1254 1181
1401 2 2 1 3 1202 1391 940
1402 2 2 1 3 1176 1398 1231
1403 2 2 1 3 1209 1263 1212
1404 2 2 1 3 1203 1270 965
1405 2 2 1 3 1250 1371 952
1406 2 2 1 3 1144 1319 1234
1407 2 2 1 3 1226 1319 1144
1408 2 2 1 3 939 1209 174
1409 2 2 1 3 178 1255 177
1410 2 2 1 3 1222 1306 1153
1411 2 2 1 3 159 1210 942
1412 2 2 1 3 170 1205 964
1413 2 2 1 3 1181 1255 936
1414 2 2 1 3 956 1213 1198
1415 2 2 1 3 1166 1320 1259
1416 2 2 1 3 1104 1334 1301
1417 2 2 1 3 1129 1331 1148
1418 2 2 1 3 1176 1231 1106
1419 2 2 1 3 1214 1359 1218
1420 2 2 1 3 954 1229 1211
1421 2 2 1 3 1218 1257 1214
1422 2 2 1 3 1219 1329 1267
1423 2 2 1 3 949 1193 1191
1424 2 2 1 3 940 1364 1202
1425 2 2 1 3 1122 1329 1219
1426 2 2 1 3 1259 1320 1075
1427 2 2 1 3 1149 1271 1151
1428 2 2 1 3 1269 1309 1295
1429 2 2 1 3 1198 1324 956
1430 2 2 1 3 1172 1327 1241
1431 2 2 1 3 1205 1258 964
1432 2 2 1 3 1224 1353 1042
1433 2 2 1 3 1042 1353 1265
1434 2 2 1 3 1203 1271 1149
1435 2 2 1 3 1208 1384 950
1436 2 2 1 3 1330 1416 1262
1437 2 2 1 3 965 1270 163
1438 2 2 1 3 1186 1371 1250
1439 2 2 1 3 1223 1306 1222
1440 2 2 1 3 1235 1271 965
1441 2 2 1 3 1196 1268 951
1442 2 2 1 3 979 980 978
1443 2 2 1 3 1215 1337 1240
1444 2 2 1 3 1262 1416 950
1445 2 2 1 3 149 1357 1325
1446 2 2 1 3 174 1209 173
1447 2 2 1 3 160 1210 159
1448 2 2 1 3 1325 1357 1195
1449 2 2 1 3 1295 1309 1132
1450 2 2 1 3 186 1208 950
1451 2 2 1 3 1144 1363 1226
1452 2 2 1 3 937 1293 1216
1453 2 2 1 3 1082 1314 1201
1454 2 2 1 3 1096 1207 1177
1455 2 2 1 3 959 1239 1215
1456 2 2 1 3 979 1206 980
1457 2 2 1 3 1275 1363 1144
1458 2 2 1 3 1082 1258 970
1459 2 2 1 3 184 1326 1200
1460 2 2 1 3 980 1206 983
1461 2 2 1 3 1150 1314 1295
1462 2 2 1 3 1359 1401 1294
1463 2 2 1 3 976 979 978
1464 2 2 1 3 1295 1314 1003
1465 2 2 1 3 1254 1281 1181
1466 2 2 1 3 936 1255 178
1467 2 2 1 3 177 1255 958
1468 2 2 1 3 1191 1333 949
1469 2 2 1 3 1372 1381 1259
1470 2 2 1 3 1072 1381 1372
1471 2 2 1 3 1241 1266 1172
1472 2 2 1 3 1141 1350 1323
1473 2 2 1 3 147 1204 146
1474 2 2 1 3 939 1263 1209
1475 2 2 1 3 1128 1331 1129
1476 2 2 1 3 1198 1364 940
1477 2 2 1 3 1204 1403 146
1478 2 2 1 3 976 978 977
1479 2 2 1 3 1216 1288 937
1480 2 2 1 3 938 1359 1294
1481 2 2 1 3 1081 1207 1096
1482 2 2 1 3 1200 1389 184
1483 2 2 1 3 1211 1252 954
1484 2 2 1 3 950 1384 1262
1485 2 2 1 3 1012 1223 1004
1486 2 2 1 3 1052 1399 1251
1487 2 2 1 3 1233 1286 1111
1488 2 2 1 3 146 1403 966
1489 2 2 1 3 940 1324 1198
1490 2 2 1 3 965 1271 1203
1491 2 2 1 3 1212 1404 972
1492 2 2 1 3 970 1258 1205
1493 2 2 1 3 1301 1334 1147
1494 2 2 1 3 951 1378 1196
1495 2 2 1 3 1116 1327 1172
1496 2 2 1 3 1150 1295 1133
1497 2 2 1 3 1210 1388 942
1498 2 2 1 3 1065 1304 1072
1499 2 2 1 3 1111 1315 1233
1500 2 2 1 3 1141 1323 1079
1501 2 2 1 3 1188 1403 1204
1502 2 2 1 3 1091 1217 1108
1503 2 2 1 3 1144 1234 999
1504 2 2 1 3 1112 1281 1254
1505 2 2 1 3 1119 1334 1104
1506 2 2 1 3 1043 1321 1287
1507 2 2 1 3 980 982 981
1508 2 2 1 3 1127 1337 1215
1509 2 2 1 3 1217 1218 1108
1510 2 2 1 3 965 1348 1235
1511 2 2 1 3 1304 1313 1072
1512 2 2 1 3 1240 1337 1180
1513 2 2 1 3 167 1236 961
1514 2 2 1 3 1334 1399 1052
1515 2 2 1 3 1207 1410 1177
1516 2 2 1 3 1063 1340 1065
1517 2 2 1 3 1217 1257 1218
1518 2 2 1 3 1121 1221 1142
1519 2 2 1 3 1103 1286 1233
1520 2 2 1 3 1287 1321 1174
1521 2 2 1 3 980 981 978
1522 2 2 1 3 1215 1240 959
1523 2 2 1 3 1331 1392 1148
1524 2 2 1 3 7 1348 164
1525 2 2 1 3 1012 1306 1223
1526 2 2 1 3 1204 1333 1188
1527 2 2 1 3 949 1204 147
1528 2 2 1 3 1227 1228 1124
1529 2 2 1 3 949 1325 1193
1530 2 2 1 3 1087 1299 1127
1531 2 2 1 3 146 966 145
1532 2 2 1 3 188 967 187
1533 2 2 1 3 969 1212 972
1534 2 2 1 3 966 1347 1338
1535 2 2 1 3 1287 1417 1027
1536 2 2 1 3 1088 1227 1124
1537 2 2 1 3 1245 1377 1367
1538 2 2 1 3 974 1231 976
1539 2 2 1 3 171 1205 170
1540 2 2 1 3 1122 1221 1121
1541 2 2 1 3 1027 1417 1032
1542 2 2 1 3 1218 1252 1108
1543 2 2 1 3 1105 1211 1178
1544 2 2 1 3 172 968 947
1545 2 2 1 3 968 969 947
1546 2 2 1 3 1338 1347 962
1547 2 2 1 3 122 934 123
1548 2 2 1 3 1087 1127 1126
1549 2 2 1 3 969 972 971
1550 2 2 1 3 1053 1217 1091
1551 2 2 1 3 974 1406 1231
1552 2 2 1 3 952 1362 1250
1553 2 2 1 3 1236 1246 961
1554 2 2 1 3 1206 1311 983
1555 2 2 1 3 948 1175 161
1556 2 2 1 3 1004 1223 1005
1557 2 2 1 3 972 974 973
1558 2 2 1 3 169 1341 8
1559 2 2 1 3 170 964 169
1560 2 2 1 3 164 965 163
1561 2 2 1 3 1256 1345 1312
1562 2 2 1 3 974 976 975
1563 2 2 1 3 1102 1216 1190
1564 2 2 1 3 1229 1386 1211
1565 2 2 1 3 1014 1222 1050
1566 2 2 1 3 175 1256 939
1567 2 2 1 3 173 1209 968
1568 2 2 1 3 133 945 134
1569 2 2 1 3 111 946 112
1570 2 2 1 3 1200 1326 1154
1571 2 2 1 3 1163 1244 1165
1572 2 2 1 3 1115 1170 1093
1573 2 2 1 3 980 983 982
1574 2 2 1 3 1267 1329 1034
1575 2 2 1 3 1046 1227 1088
1576 2 2 1 3 1140 1141 1079
1577 2 2 1 3 1081 1096 1062
1578 2 2 1 3 1153 1385 1222
1579 2 2 1 3 1177 1202 1156
1580 2 2 1 3 961 1235 166
1581 2 2 1 3 1039 1225 1054
1582 2 2 1 3 999 1234 998
1583 2 2 1 3 1085 1352 1130
1584 2 2 1 3 124 954 125
1585 2 2 1 3 120 953 121
1586 2 2 1 3 1103 1233 1232
1587 2 2 1 3 1367 1377 1220
1588 2 2 1 3 175 939 174
1589 2 2 1 3 159 942 158
1590 2 2 1 3 173 968 172
1591 2 2 1 3 162 948 161
1592 2 2 1 3 172 947 171
1593 2 2 1 3 1001 1234 1011
1594 2 2 1 3 1050 1083 1049
1595 2 2 1 3 1052 1251 1227
1596 2 2 1 3 1166 1337 1320
1597 2 2 1 3 1175 1210 160
1598 2 2 1 3 1093 1207 1081
1599 2 2 1 3 1044 1062 1043
1600 2 2 1 3 1092 1116 1083
1601 2 2 1 3 949 1333 1204
1602 2 2 1 3 161 1175 160
1603 2 2 1 3 1201 1382 1082
1604 2 2 1 3 1239 1370 942
1605 2 2 1 3 1127 1215 1126
1606 2 2 1 3 1108 1211 1105
1607 2 2 1 3 1299 1320 1127
1608 2 2 1 3 1096 1177 1156
1609 2 2 1 3 1115 1196 1170
1610 2 2 1 3 1232 1274 1103
1611 2 2 1 3 1065 1340 1304
1612 2 2 1 3 1054 1217 1053
1613 2 2 1 3 1273 1410 1207
1614 2 2 1 3 1014 1050 1049
1615 2 2 1 3 122 1230 934
1616 2 2 1 3 1116 1172 1117
1617 2 2 1 3 976 977 975
1618 2 2 1 3 944 1245 182
1619 2 2 1 3 151 1242 943
1620 2 2 1 3 1050 1092 1083
1621 2 2 1 3 1136 1308 1265
1622 2 2 1 3 1096 1156 1097
1623 2 2 1 3 167 961 166
1624 2 2 1 3 1105 1178 1119
1625 2 2 1 3 1108 1252 1211
1626 2 2 1 3 1352 1368 1130
1627 2 2 1 3 1265 1308 1042
1628 2 2 1 3 1044 1081 1062
1629 2 2 1 3 1013 1045 1012
1630 2 2 1 3 1046 1088 1045
1631 2 2 1 3 1054 1257 1217
1632 2 2 1 3 1091 1105 1104
1633 2 2 1 3 1124 1216 1102
1634 2 2 1 3 1228 1288 1124
1635 2 2 1 3 109 952 110
1636 2 2 1 3 135 951 136
1637 2 2 1 3 1170 1207 1093
1638 2 2 1 3 1177 1346 1202
1639 2 2 1 3 1011 1012 1004
1640 2 2 1 3 1231 1398 979
1641 2 2 1 3 978 1199 977
1642 2 2 1 3 1053 1091 1089
1643 2 2 1 3 935 1247 154
1644 2 2 1 3 1092 1169 1116
1645 2 2 1 3 1026 1027 1025
1646 2 2 1 3 972 973 971
1647 2 2 1 3 168 1236 167
1648 2 2 1 3 1039 1053 1040
1649 2 2 1 3 1052 1227 1046
1650 2 2 1 3 1013 1046 1045
1651 2 2 1 3 959 1370 1239
1652 2 2 1 3 1254 1322 1112
1653 2 2 1 3 1009 1222 1014
1654 2 2 1 3 1011 1013 1012
1655 2 2 1 3 1143 1144 999
1656 2 2 1 3 113 1241 114
1657 2 2 1 3 1027 1032 1029
1658 2 2 1 3 1312 1345 1173
1659 2 2 1 3 1088 1124 1102
1660 2 2 1 3 1091 1108 1105
1661 2 2 1 3 974 975 973
1662 2 2 1 3 1326 1416 1154
1663 2 2 1 3 1157 1198 1159
1664 2 2 1 3 1039 1054 1053
1665 2 2 1 3 1213 1214 1161
1666 2 2 1 3 1024 1025 1023
1667 2 2 1 3 1001 1011 1004
1668 2 2 1 3 1001 1004 1002
1669 2 2 1 3 998 1234 1001
1670 2 2 1 3 998 1001 1000
1671 2 2 1 3 1196 1351 1268
1672 2 2 1 3 1088 1102 1100
1673 2 2 1 3 1033 1225 1039
1674 2 2 1 3 1026 1028 1027
1675 2 2 1 3 997 999 998
1676 2 2 1 3 1102 1190 1152
1677 2 2 1 3 1033 1039 1036
1678 2 2 1 3 186 950 185
1679 2 2 1 3 148 949 147
1680 2 2 1 3 1038 1044 1043
1681 2 2 1 3 1032 1225 1033
1682 2 2 1 3 132 1391 1346
1683 2 2 1 3 942 1260 1239
1684 2 2 1 3 1014 1049 1041
1685 2 2 1 3 989 1274 988
1686 2 2 1 3 1170 1273 1207
1687 2 2 1 3 1124 1288 1216
1688 2 2 1 3 1038 1043 1028
1689 2 2 1 3 997 998 996
1690 2 2 1 3 1082 1380 1314
1691 2 2 1 3 1123 1276 1055
1692 2 2 1 3 1133 1295 1132
1693 2 2 1 3 1035 1315 1296
1694 2 2 1 3 1159 1213 1161
1695 2 2 1 3 942 1370 158
1696 2 2 1 3 1141 1349 1292
1697 2 2 1 3 1096 1097 1062
1698 2 2 1 3 1234 1319 1011
1699 2 2 1 3 1034 1272 1267
1700 2 2 1 3 1116 1117 1083
1701 2 2 1 3 1105 1119 1104
1702 2 2 1 3 1027 1029 1025
1703 2 2 1 3 1028 1287 1027
1704 2 2 1 3 1198 1213 1159
1705 2 2 1 3 1009 1014 1010
1706 2 2 1 3 1172 1182 1117
1707 2 2 1 3 187 1208 186
1708 2 2 1 3 1091 1104 1089
1709 2 2 1 3 976 1231 979
1710 2 2 1 3 1024 1026 1025
1711 2 2 1 3 1053 1089 1040
1712 2 2 1 3 1132 1407 1086
1713 2 2 1 3 1243 1400 1145
1714 2 2 1 3 1178 1179 1119
1715 2 2 1 3 1156 1157 1097
1716 2 2 1 3 166 1235 165
1717 2 2 1 3 1032 1033 1029
1718 2 2 1 3 1005 1223 1009
1719 2 2 1 3 1023 1296 1111
1720 2 2 1 3 1101 1315 1035
1721 2 2 1 3 118 937 119
1722 2 2 1 3 126 938 127
1723 2 2 1 3 1039 1040 1036
1724 2 2 1 3 983 984 982
1725 2 2 1 3 1130 1388 1210
1726 2 2 1 3 1051 1052 1046
1727 2 2 1 3 179 1253 936
1728 2 2 1 3 1005 1009 1007
1729 2 2 1 3 1154 1317 1123
1730 2 2 1 3 1186 1250 1188
1731 2 2 1 3 1214 1401 1359
1732 2 2 1 3 1180 1337 1166
1733 2 2 1 3 1029 1296 1025
1734 2 2 1 3 154 1247 153
1735 2 2 1 3 1092 1366 1169
1736 2 2 1 3 998 1000 996
1737 2 2 1 3 181 1245 960
1738 2 2 1 3 957 1242 152
1739 2 2 1 3 977 1365 1269
1740 2 2 1 3 1001 1002 1000
1741 2 2 1 3 1022 1024 1023
1742 2 2 1 3 151 943 150
1743 2 2 1 3 183 944 182
1744 2 2 1 3 1057 1143 999
1745 2 2 1 3 1202 1364 1156
1746 2 2 1 3 1227 1251 1228
1747 2 2 1 3 1088 1100 1045
1748 2 2 1 3 111 1237 946
1749 2 2 1 3 1035 1296 1029
1750 2 2 1 3 163 1270 162
1751 2 2 1 3 1034 1318 1024
1752 2 2 1 3 1169 1366 1335
1753 2 2 1 3 120 1248 953
1754 2 2 1 3 968 1212 969
1755 2 2 1 3 1049 1305 1056
1756 2 2 1 3 1102 1152 1100
1757 2 2 1 3 988 1274 991
1758 2 2 1 3 1103 1274 989
1759 2 2 1 3 121 1230 122
1760 2 2 1 3 1180 1411 1240
1761 2 2 1 3 1256 1312 939
1762 2 2 1 3 1167 1220 1219
1763 2 2 1 3 1244 1342 1165
1764 2 2 1 3 1315 1394 1233
1765 2 2 1 3 1117 1305 1083
1766 2 2 1 3 1253 1254 936
1767 2 2 1 3 1084 1093 1081
1768 2 2 1 3 994 1261 1063
1769 2 2 1 3 1167 1219 1110
1770 2 2 1 3 960 1253 180
1771 2 2 1 3 153 1247 957
1772 2 2 1 3 957 1243 1242
1773 2 2 1 3 939 1312 1263
1774 2 2 1 3 1023 1111 1021
1775 2 2 1 3 181 960 180
1776 2 2 1 3 153 957 152
1777 2 2 1 3 1094 1297 1176
1778 2 2 1 3 1004 1005 1002
1779 2 2 1 3 1022 1023 1021
1780 2 2 1 3 1037 1038 1028
1781 2 2 1 3 1267 1272 1107
1782 2 2 1 3 1073 1299 1087
1783 2 2 1 3 1136 1265 1138
1784 2 2 1 3 1138 1146 1145
1785 2 2 1 3 1107 1272 1030
1786 2 2 1 3 1145 1373 1243
1787 2 2 1 3 1225 1328 1054
1788 2 2 1 3 1062 1321 1043
1789 2 2 1 3 1009 1223 1222
1790 2 2 1 3 152 1242 151
1791 2 2 1 3 182 1245 181
1792 2 2 1 3 1114 1115 1093
1793 2 2 1 3 1112 1167 1110
1794 2 2 1 3 110 1237 111
1795 2 2 1 3 1009 1010 1007
1796 2 2 1 3 982 1298 981
1797 2 2 1 3 1049 1056 1041
1798 2 2 1 3 1344 1369 1335
1799 2 2 1 3 934 1229 123
1800 2 2 1 3 1242 1373 943
1801 2 2 1 3 1210 1408 1130
1802 2 2 1 3 115 1290 116
1803 2 2 1 3 119 1248 120
1804 2 2 1 3 1276 1317 1084
1805 2 2 1 3 1143 1275 1144
1806 2 2 1 3 1121 1123 1055
1807 2 2 1 3 155 935 154
1808 2 2 1 3 179 936 178
1809 2 2 1 3 1100 1306 1045
1810 2 2 1 3 1138 1265 1146
1811 2 2 1 3 1016 1286 1103
1812 2 2 1 3 1013 1051 1046
1813 2 2 1 3 1014 1041 1010
1814 2 2 1 3 1157 1159 1158
1815 2 2 1 3 1030 1272 1020
1816 2 2 1 3 1183 1305 1117
1817 2 2 1 3 984 985 982
1818 2 2 1 3 180 1253 179
1819 2 2 1 3 1211 1386 1178
1820 2 2 1 3 964 1376 1341
1821 2 2 1 3 1159 1161 1160
1822 2 2 1 3 1022 1034 1024
1823 2 2 1 3 1026 1037 1028
1824 2 2 1 3 1292 1349 1298
1825 2 2 1 3 1085 1130 1128
1826 2 2 1 3 1043 1287 1028
1827 2 2 1 3 1033 1036 1035
1828 2 2 1 3 993 997 996
1829 2 2 1 3 1157 1364 1198
1830 2 2 1 3 1084 1317 1114
1831 2 2 1 3 1018 1286 1016
1832 2 2 1 3 997 1057 999
1833 2 2 1 3 1054 1328 1257
1834 2 2 1 3 124 1229 954
1835 2 2 1 3 997 1316 1057
1836 2 2 1 3 137 963 138
1837 2 2 1 3 107 962 108
1838 2 2 1 3 1275 1302 1090
1839 2 2 1 3 165 1348 7
1840 2 2 1 3 117 1293 118
1841 2 2 1 3 127 1294 128
1842 2 2 1 3 1025 1296 1023
1843 2 2 1 3 1051 1147 1052
1844 2 2 1 3 1219 1267 1110
1845 2 2 1 3 961 1358 1235
1846 2 2 1 3 1123 1317 1276
1847 2 2 1 3 1153 1306 1100
1848 2 2 1 3 984 986 985
1849 2 2 1 3 1138 1145 1139
1850 2 2 1 3 1142 1154 1123
1851 2 2 1 3 1269 1365 1309
1852 2 2 1 3 984 987 986
1853 2 2 1 3 1087 1126 1113
1854 2 2 1 3 1057 1155 1143
1855 2 2 1 3 983 1300 984
1856 2 2 1 3 987 988 986
1857 2 2 1 3 988 990 986
1858 2 2 1 3 987 989 988
1859 2 2 1 3 988 991 990
1860 2 2 1 3 987 1015 989
1861 2 2 1 3 1015 1016 989
1862 2 2 1 3 991 992 990
1863 2 2 1 3 1015 1017 1016
1864 2 2 1 3 991 993 992
1865 2 2 1 3 1016 1103 989
1866 2 2 1 3 1015 1118 1017
1867 2 2 1 3 993 994 992
1868 2 2 1 3 1017 1018 1016
1869 2 2 1 3 1017 1019 1018
1870 2 2 1 3 994 995 992
1871 2 2 1 3 993 996 994
1872 2 2 1 3 1058 1297 1059
1873 2 2 1 3 994 1063 995
1874 2 2 1 3 1019 1020 1018
1875 2 2 1 3 1019 1030 1020
1876 2 2 1 3 1020 1021 1018
1877 2 2 1 3 1063 1064 995
1878 2 2 1 3 1019 1031 1030
1879 2 2 1 3 1063 1065 1064
1880 2 2 1 3 1020 1022 1021
1881 2 2 1 3 1067 1282 1064
1882 2 2 1 3 1064 1282 995
1883 2 2 1 3 1065 1066 1064
1884 2 2 1 3 1031 1047 1030
1885 2 2 1 3 1031 1048 1047
1886 2 2 1 3 1066 1067 1064
1887 2 2 1 3 1047 1107 1030
1888 2 2 1 3 1065 1072 1066
1889 2 2 1 3 1048 1280 1047
1890 2 2 1 3 1066 1068 1067
1891 2 2 1 3 1047 1109 1107
1892 2 2 1 3 1031 1058 1048
1893 2 2 1 3 1068 1069 1067
1894 2 2 1 3 1109 1110 1107
1895 2 2 1 3 1058 1059 1048
1896 2 2 1 3 1109 1112 1110
1897 2 2 1 3 1059 1060 1048
1898 2 2 1 3 1068 1070 1069
1899 2 2 1 3 1059 1061 1060
1900 2 2 1 3 1070 1071 1069
1901 2 2 1 3 1068 1075 1070
1902 2 2 1 3 1071 1076 1069
1903 2 2 1 3 1061 1098 1060
1904 2 2 1 3 1098 1099 1060
1905 2 2 1 3 1171 1181 1099
1906 2 2 1 3 1098 1171 1099
1907 2 2 1 3 1278 1279 1277
1908 2 2 1 3 1075 1299 1070
1909 2 2 1 3 1076 1278 1277
1910 2 2 1 3 1069 1277 1067
1911 2 2 1 3 1076 1277 1069
1912 2 2 1 3 1047 1280 1109
1913 2 2 1 3 1060 1280 1048
1914 2 2 1 3 1099 1280 1060
1915 2 2 1 3 1181 1281 1099
1916 2 2 1 3 1109 1281 1112
1917 2 2 1 3 1280 1281 1109
1918 2 2 1 3 1099 1281 1280
1919 2 2 1 3 1277 1282 1067
1920 2 2 1 3 1279 1282 1277
1921 2 2 1 3 992 1285 990
1922 2 2 1 3 1118 1283 1017
1923 2 2 1 3 1031 1283 1058
1924 2 2 1 3 1017 1283 1019
1925 2 2 1 3 1019 1283 1031
1926 2 2 1 3 1279 1285 1282
1927 2 2 1 3 995 1285 992
1928 2 2 1 3 1284 1297 1058
1929 2 2 1 3 1283 1284 1058
1930 2 2 1 3 1282 1285 995
1931 2 2 1 3 1118 1284 1283
1932 2 2 1 3 986 1289 985
1933 2 2 1 3 1279 1291 1289
1934 2 2 1 3 1279 1289 1285
1935 2 2 1 3 990 1289 986
1936 2 2 1 3 1121 1142 1123
1937 2 2 1 3 1289 1291 985
1938 2 2 1 3 1285 1289 990
1939 2 2 1 3 955 1293 117
1940 2 2 1 3 128 1294 956
1941 2 2 1 3 1278 1291 1279
1942 2 2 1 3 953 1230 121
1943 2 2 1 3 954 1249 125
1944 2 2 1 3 1196 1378 1170
1945 2 2 1 3 1332 1406 974
1946 2 2 1 3 1166 1259 1164
1947 2 2 1 3 1165 1180 1166
1948 2 2 1 3 1005 1007 1006
1949 2 2 1 3 1112 1322 1167
1950 2 2 1 3 1296 1315 1111
1951 2 2 1 3 985 1298 982
1952 2 2 1 3 969 971 970
1953 2 2 1 3 1278 1292 1291
1954 2 2 1 3 966 1396 145
1955 2 2 1 3 188 1397 967
1956 2 2 1 3 1136 1138 1137
1957 2 2 1 3 1147 1363 1301
1958 2 2 1 3 1222 1385 1050
1959 2 2 1 3 1291 1298 985
1960 2 2 1 3 1194 1224 1192
1961 2 2 1 3 1163 1400 1244
1962 2 2 1 3 1008 1136 1135
1963 2 2 1 3 1021 1286 1018
1964 2 2 1 3 8 1341 168
1965 2 2 1 3 1154 1330 1317
1966 2 2 1 3 1037 1055 1038
1967 2 2 1 3 1015 1300 1118
1968 2 2 1 3 984 1300 987
1969 2 2 1 3 157 959 156
1970 2 2 1 3 177 958 176
1971 2 2 1 3 937 1248 119
1972 2 2 1 3 1165 1166 1164
1973 2 2 1 3 1368 1388 1130
1974 2 2 1 3 957 1247 1244
1975 2 2 1 3 1042 1412 1224
1976 2 2 1 3 1044 1084 1081
1977 2 2 1 3 1292 1298 1291
1978 2 2 1 3 1209 1212 968
1979 2 2 1 3 116 955 117
1980 2 2 1 3 128 956 129
1981 2 2 1 3 1032 1374 1225
1982 2 2 1 3 1182 1184 1183
1983 2 2 1 3 1020 1272 1022
1984 2 2 1 3 1317 1330 1114
1985 2 2 1 3 1169 1327 1116
1986 2 2 1 3 1094 1176 1106
1987 2 2 1 3 1073 1087 1077
1988 2 2 1 3 957 1244 1243
1989 2 2 1 3 1138 1139 1137
1990 2 2 1 3 946 1266 112
1991 2 2 1 3 1214 1257 1161
1992 2 2 1 3 1110 1267 1107
1993 2 2 1 3 1059 1297 1094
1994 2 2 1 3 1059 1094 1061
1995 2 2 1 3 1010 1308 1007
1996 2 2 1 3 1292 1350 1141
1997 2 2 1 3 1261 1340 1063
1998 2 2 1 3 1038 1276 1044
1999 2 2 1 3 1146 1307 1145
2000 2 2 1 3 1042 1308 1010
2001 2 2 1 3 1007 1008 1006
2002 2 2 1 3 1070 1073 1071
2003 2 2 1 3 1070 1299 1073
2004 2 2 1 3 987 1300 1015
2005 2 2 1 3 1247 1342 1244
2006 2 2 1 3 126 1249 938
2007 2 2 1 3 1083 1305 1049
2008 2 2 1 3 1309 1407 1132
2009 2 2 1 3 1305 1355 1056
2010 2 2 1 3 1300 1311 1118
2011 2 2 1 3 1163 1165 1164
2012 2 2 1 3 1000 1261 996
2013 2 2 1 3 1055 1276 1038
2014 2 2 1 3 1045 1306 1012
2015 2 2 1 3 116 1290 955
2016 2 2 1 3 1257 1328 1161
2017 2 2 1 3 1008 1308 1136
2018 2 2 1 3 1114 1330 1262
2019 2 2 1 3 1089 1090 1040
2020 2 2 1 3 945 1238 134
2021 2 2 1 3 185 1326 184
2022 2 2 1 3 1005 1006 1002
2023 2 2 1 3 1044 1276 1084
2024 2 2 1 3 1033 1035 1029
2025 2 2 1 3 118 1293 937
2026 2 2 1 3 129 1324 130
2027 2 2 1 3 938 1294 127
2028 2 2 1 3 948 1331 1175
2029 2 2 1 3 1111 1286 1021
2030 2 2 1 3 1118 1311 1284
2031 2 2 1 3 1157 1158 1097
2032 2 2 1 3 958 1345 1256
2033 2 2 1 3 1120 1121 1055
2034 2 2 1 3 113 1266 1241
2035 2 2 1 3 1226 1363 1147
2036 2 2 1 3 1139 1163 1162
2037 2 2 1 3 1022 1272 1034
2038 2 2 1 3 1250 1362 962
2039 2 2 1 3 1013 1319 1051
2040 2 2 1 3 996 1261 994
2041 2 2 1 3 1115 1197 1196
2042 2 2 1 3 983 1311 1300
2043 2 2 1 3 954 1252 1249
2044 2 2 1 3 1136 1137 1135
2045 2 2 1 3 148 1325 949
2046 2 2 1 3 1104 1301 1089
2047 2 2 1 3 132 1346 133
2048 2 2 1 3 1264 1336 1230
2049 2 2 1 3 1159 1160 1158
2050 2 2 1 3 1057 1316 1232
2051 2 2 1 3 1184 1186 1185
2052 2 2 1 3 1253 1322 1254
2053 2 2 1 3 1271 1358 1151
2054 2 2 1 3 993 1316 997
2055 2 2 1 3 1335 1369 1169
2056 2 2 1 3 1036 1101 1035
2057 2 2 1 3 123 1229 124
2058 2 2 1 3 125 1249 126
2059 2 2 1 3 1041 1042 1010
2060 2 2 1 3 114 1241 941
2061 2 2 1 3 1274 1316 991
2062 2 2 1 3 952 1237 110
2063 2 2 1 3 1346 1391 1202
2064 2 2 1 3 950 1326 185
2065 2 2 1 3 1098 1173 1171
2066 2 2 1 3 991 1316 993
2067 2 2 1 3 1115 1262 1197
2068 2 2 1 3 1084 1114 1093
2069 2 2 1 3 1036 1302 1101
2070 2 2 1 3 1139 1162 1137
2071 2 2 1 3 1152 1153 1100
2072 2 2 1 3 1120 1122 1121
2073 2 2 1 3 1037 1120 1055
2074 2 2 1 3 1232 1233 1155
2075 2 2 1 3 1155 1343 1143
2076 2 2 1 3 943 1373 1307
2077 2 2 1 3 1177 1410 1346
2078 2 2 1 3 176 1256 175
2079 2 2 1 3 1007 1308 1008
2080 2 2 1 3 1142 1200 1154
2081 2 2 1 3 1034 1329 1318
2082 2 2 1 3 1008 1135 1134
2083 2 2 1 3 1114 1262 1115
2084 2 2 1 3 1186 1188 1187
2085 2 2 1 3 1228 1360 1288
2086 2 2 1 3 1298 1349 981
2087 2 2 1 3 1000 1310 1261
2088 2 2 1 3 1179 1336 1264
2089 2 2 1 3 1008 1134 1006
2090 2 2 1 3 1230 1336 934
2091 2 2 1 3 1232 1316 1274
2092 2 2 1 3 135 1238 951
2093 2 2 1 3 1182 1183 1117
2094 2 2 1 3 1265 1353 1146
2095 2 2 1 3 1163 1164 1162
2096 2 2 1 3 1089 1301 1090
2097 2 2 1 3 1090 1363 1275
2098 2 2 1 3 112 1266 113
2099 2 2 1 3 114 941 115
2100 2 2 1 3 130 940 131
2101 2 2 1 3 1341 1376 1236
2102 2 2 1 3 1215 1239 1126
2103 2 2 1 3 1051 1319 1226
2104 2 2 1 3 956 1401 1213
2105 2 2 1 3 1011 1319 1013
2106 2 2 1 3 977 1269 975
2107 2 2 1 3 149 1325 148
2108 2 2 1 3 1293 1390 1216
2109 2 2 1 3 975 1003 973
2110 2 2 1 3 1193 1194 1192
2111 2 2 1 3 956 1324 129
2112 2 2 1 3 960 1322 1253
2113 2 2 1 3 1002 1310 1000
2114 2 2 1 3 1075 1320 1299
2115 2 2 1 3 1024 1318 1026
2116 2 2 1 3 1006 1310 1002
2117 2 2 1 3 1244 1400 1243
2118 2 2 1 3 941 1290 115
2119 2 2 1 3 1193 1195 1194
2120 2 2 1 3 972 1332 974
2121 2 2 1 3 945 1273 1238
2122 2 2 1 3 1040 1302 1036
2123 2 2 1 3 962 1347 1250
2124 2 2 1 3 150 1357 149
2125 2 2 1 3 134 1238 135
2126 2 2 1 3 1135 1304 1134
2127 2 2 1 3 1246 1358 961
2128 2 2 1 3 1216 1390 1190
2129 2 2 1 3 1137 1313 1135
2130 2 2 1 3 1051 1226 1147
2131 2 2 1 3 1201 1314 1150
2132 2 2 1 3 1057 1232 1155
2133 2 2 1 3 1075 1372 1259
2134 2 2 1 3 1235 1358 1271
2135 2 2 1 3 937 1288 1248
2136 2 2 1 3 953 1264 1230
2137 2 2 1 3 1201 1414 1382
2138 2 2 1 3 1278 1350 1292
2139 2 2 1 3 1151 1201 1150
2140 2 2 1 3 947 1205 171
2141 2 2 1 3 1311 1356 1284
2142 2 2 1 3 1240 1375 959
2143 2 2 1 3 130 1324 940
2144 2 2 1 3 1090 1302 1040
2145 2 2 1 3 935 1342 1247
2146 2 2 1 3 184 1389 183
2147 2 2 1 3 1061 1303 1098
2148 2 2 1 3 944 1377 1245
2149 2 2 1 3 981 1199 978
2150 2 2 1 3 1160 1174 1158
2151 2 2 1 3 969 970 947
2152 2 2 1 3 951 1268 136
2153 2 2 1 3 1149 1150 1133
2154 2 2 1 3 1071 1323 1076
2155 2 2 1 3 1162 1313 1137
2156 2 2 1 3 1241 1327 941
2157 2 2 1 3 1134 1310 1006
2158 2 2 1 3 1135 1313 1304
2159 2 2 1 3 1184 1185 1183
2160 2 2 1 3 1221 1361 1142
2161 2 2 1 3 1184 1371 1186
2162 2 2 1 3 1268 1351 963
2163 2 2 1 3 1206 1356 1311
2164 2 2 1 3 1288 1360 1248
2165 2 2 1 3 1026 1318 1037
2166 2 2 1 3 1190 1335 1152
2167 2 2 1 3 1097 1321 1062
2168 2 2 1 3 1191 1193 1192
2169 2 2 1 3 1129 1132 1086
2170 2 2 1 3 1168 1263 1131
2171 2 2 1 3 1037 1318 1120
2172 2 2 1 3 1068 1372 1075
2173 2 2 1 3 1072 1372 1066
2174 2 2 1 3 136 1268 137
2175 2 2 1 3 1224 1402 1192
2176 2 2 1 3 1193 1325 1195
2177 2 2 1 3 1191 1192 1189
2178 2 2 1 3 1186 1187 1185
2179 2 2 1 3 1175 1408 1210
2180 2 2 1 3 155 1375 935
2181 2 2 1 3 975 1269 1003
2182 2 2 1 3 1355 1402 1056
2183 2 2 1 3 1181 1413 1255
2184 2 2 1 3 1161 1328 1160
2185 2 2 1 3 1178 1336 1179
2186 2 2 1 3 971 1082 970
2187 2 2 1 3 1245 1367 960
2188 2 2 1 3 948 1392 1331
2189 2 2 1 3 1246 1414 1358
2190 2 2 1 3 1376 1382 1246
2191 2 2 1 3 109 1362 952
2192 2 2 1 3 1147 1334 1052
2193 2 2 1 3 1259 1381 1164
2194 2 2 1 3 1218 1395 1252
2195 2 2 1 3 1120 1329 1122
2196 2 2 1 3 1145 1400 1139
2197 2 2 1 3 1235 1348 165
2198 2 2 1 3 1158 1321 1097
2199 2 2 1 3 959 1375 156
2200 2 2 1 3 1195 1354 1194
2201 2 2 1 3 1076 1350 1278
2202 2 2 1 3 131 1391 132
2203 2 2 1 3 940 1391 131
2204 2 2 1 3 106 1338 107
2205 2 2 1 3 138 1339 139
2206 2 2 1 3 1080 1140 1079
2207 2 2 1 3 162 1270 948
2208 2 2 1 3 966 1403 1347
2209 2 2 1 3 1098 1303 1173
2210 2 2 1 3 157 1370 959
2211 2 2 1 3 168 1341 1236
2212 2 2 1 3 1263 1405 1131
2213 2 2 1 3 1187 1189 1185
2214 2 2 1 3 1382 1414 1246
2215 2 2 1 3 967 1208 187
2216 2 2 1 3 958 1256 176
2217 2 2 1 3 1125 1131 1095
2218 2 2 1 3 1094 1095 1061
2219 2 2 1 3 1199 1365 977
2220 2 2 1 3 1078 1079 1074
2221 2 2 1 3 1312 1405 1263
2222 2 2 1 3 1187 1191 1189
2223 2 2 1 3 5 1396 106
2224 2 2 1 3 139 1397 6
2225 2 2 1 3 1309 1365 1140
2226 2 2 1 3 1233 1394 1155
2227 2 2 1 3 1073 1074 1071
2228 2 2 1 3 1087 1113 1077
2229 2 2 1 3 1269 1295 1003
2230 2 2 1 3 1171 1413 1181
2231 2 2 1 3 137 1268 963
2232 2 2 1 3 1318 1329 1120
2233 2 2 1 3 1314 1380 1003
2234 2 2 1 3 1152 1366 1153
2235 2 2 1 3 1310 1340 1261
2236 2 2 1 3 1174 1321 1158
2237 2 2 1 3 164 1348 965
2238 2 2 1 3 1290 1344 955
2239 2 2 1 3 1188 1333 1187
2240 2 2 1 3 1149 1151 1150
2241 2 2 1 3 133 1346 945
2242 2 2 1 3 1168 1404 1212
2243 2 2 1 3 1134 1340 1310
2244 2 2 1 3 1131 1303 1095
2245 2 2 1 3 1224 1412 1402
2246 2 2 1 3 1313 1381 1072
2247 2 2 1 3 158 1370 157
2248 2 2 1 3 1156 1364 1157
2249 2 2 1 3 1275 1343 1302
2250 2 2 1 3 1079 1323 1074
2251 2 2 1 3 971 1380 1082
2252 2 2 1 3 145 1396 5
2253 2 2 1 3 6 1397 188
2254 2 2 1 3 1323 1350 1076
2255 2 2 1 3 1129 1133 1132
2256 2 2 1 3 1170 1378 1273
2257 2 2 1 3 1041 1412 1042
2258 2 2 1 3 962 1362 108
2259 2 2 1 3 1126 1260 1113
2260 2 2 1 3 1302 1343 1101
2261 2 2 1 3 1320 1337 1127
2262 2 2 1 3 1129 1148 1133
2263 2 2 1 3 1248 1360 953
2264 2 2 1 3 943 1357 150
2265 2 2 1 3 1249 1395 938
2266 2 2 1 3 1085 1128 1086
2267 2 2 1 3 1165 1342 1180
2268 2 2 1 3 963 1339 138
2269 2 2 1 3 107 1338 962
2270 2 2 1 3 1304 1340 1134
2271 2 2 1 3 1294 1401 956
2272 2 2 1 3 1189 1402 1355
2273 2 2 1 3 1155 1394 1343
2274 2 2 1 3 1182 1387 1184
2275 2 2 1 3 1173 1345 1171
2276 2 2 1 3 1148 1203 1149
2277 2 2 1 3 1142 1361 1200
2278 2 2 1 3 1179 1418 1251
2279 2 2 1 3 1347 1403 1188
2280 2 2 1 3 1094 1106 1095
2281 2 2 1 3 1148 1149 1133
2282 2 2 1 3 1073 1077 1074
2283 2 2 1 3 1220 1377 1221
2284 2 2 1 3 960 1367 1322
2285 2 2 1 3 108 1362 109
2286 2 2 1 3 1225 1374 1328
2287 2 2 1 3 1284 1356 1297
2288 2 2 1 3 1375 1411 935
2289 2 2 1 3 1258 1382 1376
2290 2 2 1 3 1128 1129 1086
2291 2 2 1 3 1194 1353 1224
2292 2 2 1 3 979 1398 1206
2293 2 2 1 3 1095 1303 1061
2294 2 2 1 3 1140 1383 1141
2295 2 2 1 3 970 1205 947
2296 2 2 1 3 1187 1333 1191
2297 2 2 1 3 1250 1347 1188
2298 2 2 1 3 1050 1385 1092
2299 2 2 1 3 1197 1351 1196
2300 2 2 1 3 1085 1086 1080
2301 2 2 1 3 1082 1382 1258
2302 2 2 1 3 964 1341 169
2303 2 2 1 3 1146 1354 1307
2304 2 2 1 3 1074 1323 1071
2305 2 2 1 3 1032 1417 1374
2306 2 2 1 3 1162 1381 1313
2307 2 2 1 3 1264 1418 1179
2308 2 2 1 3 1167 1367 1220
2309 2 2 1 3 1143 1343 1275
2310 2 2 1 3 1297 1356 1176
2311 2 2 1 3 1239 1260 1126
2312 2 2 1 3 1213 1401 1214
2313 2 2 1 3 1336 1386 934
2314 2 2 1 3 1322 1367 1167
2315 2 2 1 3 1184 1387 1371
2316 2 2 1 3 1078 1085 1080
2317 2 2 1 3 1125 1168 1131
2318 2 2 1 3 1172 1393 1182
2319 2 2 1 3 1078 1080 1079
2320 2 2 1 3 1125 1332 1168
2321 2 2 1 3 1273 1378 1238
2322 2 2 1 3 1327 1369 941
2323 2 2 1 3 1371 1387 1237
2324 2 2 1 3 1140 1407 1309
2325 2 2 1 3 1255 1413 958
2326 2 2 1 3 953 1360 1264
2327 2 2 1 3 981 1349 1199
2328 2 2 1 3 1003 1380 973
2329 2 2 1 3 1328 1374 1160
2330 2 2 1 3 1189 1355 1185
2331 2 2 1 3 1243 1373 1242
2332 2 2 1 3 1183 1355 1305
2333 2 2 1 3 934 1386 1229
2334 2 2 1 3 1190 1344 1335
2335 2 2 1 3 183 1389 944
2336 2 2 1 3 1066 1372 1068
2337 2 2 1 3 1106 1125 1095
2338 2 2 1 3 1077 1078 1074
2339 2 2 1 3 1251 1418 1228
2340 2 2 1 3 1290 1369 1344
2341 2 2 1 3 1130 1408 1128
2342 2 2 1 3 1206 1398 1356
2343 2 2 1 3 1301 1363 1090
2344 2 2 1 3 156 1375 155
2345 2 2 1 3 1221 1377 1361
2346 2 2 1 3 1344 1390 955
2347 2 2 1 3 1307 1373 1145
2348 2 2 1 3 1361 1377 944
2349 2 2 1 3 1178 1386 1336
2350 2 2 1 3 1365 1383 1140
2351 2 2 1 3 1237 1387 946
2352 2 2 1 3 1260 1368 1113
2353 2 2 1 3 938 1395 1359
2354 2 2 1 3 1236 1376 1246
2355 2 2 1 3 1231 1406 1106
2356 2 2 1 3 1356 1398 1176
2357 2 2 1 3 942 1388 1260
2358 2 2 1 3 973 1380 971
2359 2 2 1 3 941 1369 1290
2360 2 2 1 3 1238 1378 951
2361 2 2 1 3 1251 1399 1179
2362 2 2 1 3 1174 1417 1287
2363 2 2 1 3 1197 1384 1379
2364 2 2 1 3 1185 1355 1183
2365 2 2 1 3 1164 1381 1162
2366 2 2 1 3 952 1371 1237
2367 2 2 1 3 1160 1374 1174
2368 2 2 1 3 1266 1393 1172
2369 2 2 1 3 1169 1369 1327
2370 2 2 1 3 1194 1354 1353
2371 2 2 1 3 1343 1394 1101
2372 2 2 1 3 967 1379 1208
2373 2 2 1 3 1141 1383 1349
2374 2 2 1 3 1307 1409 943
2375 2 2 1 3 1262 1384 1197
2376 2 2 1 3 1203 1392 1270
2377 2 2 1 3 1353 1354 1146
2378 2 2 1 3 1078 1352 1085
2379 2 2 1 3 1154 1416 1330
2380 2 2 1 3 946 1393 1266
2381 2 2 1 3 955 1390 1293
2382 2 2 1 3 1139 1400 1163
2383 2 2 1 3 1366 1385 1153
2384 2 2 1 3 1125 1406 1332
2385 2 2 1 3 1335 1366 1152
2386 2 2 1 3 1190 1390 1344
2387 2 2 1 3 1195 1409 1354
2388 2 2 1 3 1173 1405 1312
2389 2 2 1 3 1360 1418 1264
2390 2 2 1 3 1148 1392 1203
2391 2 2 1 3 1101 1394 1315
2392 2 2 1 3 1346 1410 945
2393 2 2 1 3 1128 1408 1331
2394 2 2 1 3 1199 1383 1365
2395 2 2 1 3 935 1411 1342
2396 2 2 1 3 1113 1352 1077
2397 2 2 1 3 1179 1399 1119
2398 2 2 1 3 1361 1389 1200
2399 2 2 1 3 1092 1385 1366
2400 2 2 1 3 1197 1379 1351
2401 2 2 1 3 1240 1411 1375
2402 2 2 1 3 1086 1407 1080
2403 2 2 1 3 1113 1368 1352
2404 2 2 1 3 1258 1376 964
2405 2 2 1 3 958 1413 1345
2406 2 2 1 3 1342 1411 1180
2407 2 2 1 3 1192 1402 1189
2408 2 2 1 3 1252 1395 1249
2409 2 2 1 3 1270 1392 948
2410 2 2 1 3 1387 1393 946
2411 2 2 1 3 1119 1399 1334
2412 2 2 1 3 1077 1352 1078
2413 2 2 1 3 950 1416 1326
2414 2 2 1 3 1228 1418 1360
2415 2 2 1 3 1056 1412 1041
2416 2 2 1 3 1338 1396 966
2417 2 2 1 3 967 1397 1339
2418 2 2 1 3 1303 1405 1173
2419 2 2 1 3 1331 1408 1175
2420 2 2 1 3 1379 1384 1208
2421 2 2 1 3 944 1389 1361
2422 2 2 1 3 945 1410 1273
2423 2 2 1 3 1402 1412 1056
2424 2 2 1 3 1260 1388 1368
2425 2 2 1 3 943 1409 1357
2426 2 2 1 3 106 1396 1338
2427 2 2 1 3 1339 1397 139
2428 2 2 1 3 1358 1414 1151
2429 2 2 1 3 1351 1415 963
2430 2 2 1 3 1182 1393 1387
2431 2 2 1 3 1357 1409 1195
2432 2 2 1 3 1151 1414 1201
2433 2 2 1 3 1359 1395 1218
2434 2 2 1 3 972 1404 1332
2435 2 2 1 3 1080 1407 1140
2436 2 2 1 3 1345 1413 1171
2437 2 2 1 3 1131 1405 1303
2438 2 2 1 3 963 1415 1339
2439 2 2 1 3 1332 1404 1168
2440 2 2 1 3 1374 1417 1174
2441 2 2 1 3 1349 1383 1199
2442 2 2 1 3 1339 1415 967
2443 2 2 1 3 1379 1415 1351
2444 2 2 1 3 1354 1409 1307
2445 2 2 1 3 1106 1406 1125
2446 2 2 1 3 967 1415 1379
2447 2 2 1 4 1440 1533 1446
2448 2 2 1 4 1441 1462 222
2449 2 2 1 4 1443 1456 1448
2450 2 2 1 4 1443 1448 243
2451 2 2 1 4 1459 1554 1457
2452 2 2 1 4 1441 1469 1464
2453 2 2 1 4 1457 1554 1438
2454 2 2 1 4 1438 1510 1457
2455 2 2 1 4 1499 1500 1467
2456 2 2 1 4 1446 1515 1440
2457 2 2 1 4 222 1462 221
2458 2 2 1 4 1441 1463 1462
2459 2 2 1 4 1463 1468 1442
2460 2 2 1 4 1463 1536 1468
2461 2 2 1 4 1515 1522 1440
2462 2 2 1 4 1501 1539 1520
2463 2 2 1 4 1467 1500 1466
2464 2 2 1 4 1460 1523 1419
2465 2 2 1 4 243 1448 242
2466 2 2 1 4 244 1551 1443
2467 2 2 1 4 1446 1552 189
2468 2 2 1 4 1441 1464 1463
2469 2 2 1 4 214 1461 1445
2470 2 2 1 4 1438 1532 1510
2471 2 2 1 4 1443 1551 1538
2472 2 2 1 4 1466 1500 1431
2473 2 2 1 4 1533 1552 1446
2474 2 2 1 4 1467 1501 1499
2475 2 2 1 4 1515 1543 1522
2476 2 2 1 4 215 1461 214
2477 2 2 1 4 1453 1460 1458
2478 2 2 1 4 1510 1532 1465
2479 2 2 1 4 1516 1542 217
2480 2 2 1 4 216 1542 1516
2481 2 2 1 4 244 1443 243
2482 2 2 1 4 190 1446 189
2483 2 2 1 4 1464 1536 1463
2484 2 2 1 4 1419 1543 1460
2485 2 2 1 4 1469 1541 1464
2486 2 2 1 4 223 1469 1441
2487 2 2 1 4 242 1448 1420
2488 2 2 1 4 1431 1514 1466
2489 2 2 1 4 1520 1539 1421
2490 2 2 1 4 1453 1458 1457
2491 2 2 1 4 1442 1468 211
2492 2 2 1 4 221 1462 1444
2493 2 2 1 4 1442 1548 1463
2494 2 2 1 4 1467 1539 1501
2495 2 2 1 4 219 1461 218
2496 2 2 1 4 214 1445 213
2497 2 2 1 4 1448 1449 1420
2498 2 2 1 4 221 1444 220
2499 2 2 1 4 212 1442 211
2500 2 2 1 4 223 1441 222
2501 2 2 1 4 210 1468 1430
2502 2 2 1 4 1443 1518 1456
2503 2 2 1 4 239 1514 1431
2504 2 2 1 4 1449 1453 1451
2505 2 2 1 4 1446 1544 1515
2506 2 2 1 4 1465 1532 1421
2507 2 2 1 4 1461 1549 1445
2508 2 2 1 4 211 1468 210
2509 2 2 1 4 1463 1548 1462
2510 2 2 1 4 210 1430 209
2511 2 2 1 4 209 1470 208
2512 2 2 1 4 1429 1547 1518
2513 2 2 1 4 208 1470 1428
2514 2 2 1 4 242 1420 241
2515 2 2 1 4 1501 1521 1499
2516 2 2 1 4 1453 1457 1451
2517 2 2 1 4 1422 1521 1501
2518 2 2 1 4 1430 1470 209
2519 2 2 1 4 191 1544 190
2520 2 2 1 4 1458 1459 1457
2521 2 2 1 4 1421 1539 1465
2522 2 2 1 4 213 1447 212
2523 2 2 1 4 218 1516 217
2524 2 2 1 4 216 1516 215
2525 2 2 1 4 1519 1535 1478
2526 2 2 1 4 1540 1541 1439
2527 2 2 1 4 213 1555 1447
2528 2 2 1 4 1470 1471 1428
2529 2 2 1 4 220 1545 219
2530 2 2 1 4 1457 1510 1451
2531 2 2 1 4 1460 1547 1523
2532 2 2 1 4 240 1514 239
2533 2 2 1 4 1471 1472 1428
2534 2 2 1 4 192 1438 191
2535 2 2 1 4 10 1542 9
2536 2 2 1 4 1454 1511 1450
2537 2 2 1 4 1450 1511 1420
2538 2 2 1 4 1466 1514 1454
2539 2 2 1 4 1496 1500 1499
2540 2 2 1 4 1473 1474 1472
2541 2 2 1 4 1496 1499 1498
2542 2 2 1 4 1495 1500 1496
2543 2 2 1 4 1471 1473 1472
2544 2 2 1 4 1431 1500 1495
2545 2 2 1 4 1496 1498 1497
2546 2 2 1 4 1495 1496 1432
2547 2 2 1 4 1497 1498 1487
2548 2 2 1 4 1483 1497 1487
2549 2 2 1 4 1477 1480 1479
2550 2 2 1 4 1482 1497 1483
2551 2 2 1 4 1454 1514 1511
2552 2 2 1 4 1496 1497 1432
2553 2 2 1 4 1477 1492 1480
2554 2 2 1 4 1489 1494 1493
2555 2 2 1 4 1489 1493 1488
2556 2 2 1 4 1488 1493 1434
2557 2 2 1 4 1434 1503 1488
2558 2 2 1 4 1476 1492 1477
2559 2 2 1 4 1493 1494 1491
2560 2 2 1 4 1490 1493 1491
2561 2 2 1 4 1476 1477 1436
2562 2 2 1 4 1482 1483 1433
2563 2 2 1 4 1434 1493 1490
2564 2 2 1 4 233 1503 1434
2565 2 2 1 4 229 1476 1436
2566 2 2 1 4 235 1482 1433
2567 2 2 1 4 227 1481 1437
2568 2 2 1 4 1434 1490 232
2569 2 2 1 4 1431 1495 238
2570 2 2 1 4 1484 1503 1433
2571 2 2 1 4 1435 1492 1476
2572 2 2 1 4 1488 1503 1484
2573 2 2 1 4 1483 1485 1484
2574 2 2 1 4 1490 1491 1435
2575 2 2 1 4 1483 1484 1433
2576 2 2 1 4 1485 1486 1484
2577 2 2 1 4 1483 1487 1485
2578 2 2 1 4 1491 1492 1435
2579 2 2 1 4 1432 1482 236
2580 2 2 1 4 1435 1476 230
2581 2 2 1 4 237 1495 1432
2582 2 2 1 4 1436 1481 228
2583 2 2 1 4 231 1490 1435
2584 2 2 1 4 237 1432 236
2585 2 2 1 4 233 1434 232
2586 2 2 1 4 227 1437 226
2587 2 2 1 4 239 1431 238
2588 2 2 1 4 231 1435 230
2589 2 2 1 4 235 1433 234
2590 2 2 1 4 229 1436 228
2591 2 2 1 4 1492 1509 1480
2592 2 2 1 4 236 1482 235
2593 2 2 1 4 230 1476 229
2594 2 2 1 4 228 1481 227
2595 2 2 1 4 238 1495 237
2596 2 2 1 4 232 1490 231
2597 2 2 1 4 1486 1489 1488
2598 2 2 1 4 1433 1503 234
2599 2 2 1 4 234 1503 233
2600 2 2 1 4 1486 1488 1484
2601 2 2 1 4 1491 1509 1492
2602 2 2 1 4 197 1507 196
2603 2 2 1 4 201 1505 200
2604 2 2 1 4 194 1421 193
2605 2 2 1 4 204 1426 203
2606 2 2 1 4 198 1423 197
2607 2 2 1 4 196 1422 195
2608 2 2 1 4 200 1424 199
2609 2 2 1 4 206 1427 205
2610 2 2 1 4 205 1506 204
2611 2 2 1 4 199 1504 198
2612 2 2 1 4 203 1508 202
2613 2 2 1 4 202 1425 201
2614 2 2 1 4 208 1428 207
2615 2 2 1 4 1423 1507 197
2616 2 2 1 4 1425 1505 201
2617 2 2 1 4 196 1507 1422
2618 2 2 1 4 1426 1508 203
2619 2 2 1 4 198 1504 1423
2620 2 2 1 4 1427 1506 205
2621 2 2 1 4 200 1505 1424
2622 2 2 1 4 204 1506 1426
2623 2 2 1 4 202 1508 1425
2624 2 2 1 4 1424 1504 199
2625 2 2 1 4 1494 1509 1491
2626 2 2 1 4 1477 1479 1478
2627 2 2 1 4 1432 1497 1482
2628 2 2 1 4 1478 1481 1436
2629 2 2 1 4 1477 1478 1436
2630 2 2 1 4 1420 1511 241
2631 2 2 1 4 1451 1510 1452
2632 2 2 1 4 1460 1543 1458
2633 2 2 1 4 219 1549 1461
2634 2 2 1 4 1437 1502 226
2635 2 2 1 4 226 1502 225
2636 2 2 1 4 1468 1536 1430
2637 2 2 1 4 225 1439 224
2638 2 2 1 4 224 1469 223
2639 2 2 1 4 1471 1475 1473
2640 2 2 1 4 1445 1555 213
2641 2 2 1 4 1472 1513 1428
2642 2 2 1 4 1428 1513 207
2643 2 2 1 4 206 1513 1427
2644 2 2 1 4 225 1502 1439
2645 2 2 1 4 241 1511 240
2646 2 2 1 4 1474 1535 1519
2647 2 2 1 4 1452 1465 1455
2648 2 2 1 4 1523 1547 1429
2649 2 2 1 4 1452 1510 1465
2650 2 2 1 4 1455 1467 1466
2651 2 2 1 4 1515 1544 1459
2652 2 2 1 4 1449 1451 1450
2653 2 2 1 4 192 1532 1438
2654 2 2 1 4 207 1513 206
2655 2 2 1 4 1511 1514 240
2656 2 2 1 4 1455 1466 1454
2657 2 2 1 4 1470 1512 1471
2658 2 2 1 4 1458 1515 1459
2659 2 2 1 4 1501 1520 1422
2660 2 2 1 4 194 1520 1421
2661 2 2 1 4 1422 1520 195
2662 2 2 1 4 1452 1455 1454
2663 2 2 1 4 1452 1454 1450
2664 2 2 1 4 1421 1532 193
2665 2 2 1 4 1430 1512 1470
2666 2 2 1 4 1471 1512 1475
2667 2 2 1 4 1449 1450 1420
2668 2 2 1 4 1475 1541 1540
2669 2 2 1 4 1513 1517 1427
2670 2 2 1 4 1478 1535 1481
2671 2 2 1 4 1451 1452 1450
2672 2 2 1 4 1449 1556 1453
2673 2 2 1 4 1474 1517 1472
2674 2 2 1 4 1472 1517 1513
2675 2 2 1 4 1479 1519 1478
2676 2 2 1 4 1437 1537 1502
2677 2 2 1 4 1518 1547 1456
2678 2 2 1 4 195 1520 194
2679 2 2 1 4 1517 1534 1427
2680 2 2 1 4 1502 1540 1439
2681 2 2 1 4 1499 1521 1498
2682 2 2 1 4 1439 1469 224
2683 2 2 1 4 1531 1534 1479
2684 2 2 1 4 1453 1556 1546
2685 2 2 1 4 1507 1521 1422
2686 2 2 1 4 1521 1524 1498
2687 2 2 1 4 1507 1524 1521
2688 2 2 1 4 1498 1524 1487
2689 2 2 1 4 1489 1528 1494
2690 2 2 1 4 1524 1525 1487
2691 2 2 1 4 1509 1530 1529
2692 2 2 1 4 1494 1530 1509
2693 2 2 1 4 1528 1530 1494
2694 2 2 1 4 1486 1527 1489
2695 2 2 1 4 1509 1529 1480
2696 2 2 1 4 1485 1526 1486
2697 2 2 1 4 1487 1525 1485
2698 2 2 1 4 1529 1531 1480
2699 2 2 1 4 1527 1528 1489
2700 2 2 1 4 1526 1527 1486
2701 2 2 1 4 1525 1526 1485
2702 2 2 1 4 1480 1531 1479
2703 2 2 1 4 1423 1524 1507
2704 2 2 1 4 1423 1525 1524
2705 2 2 1 4 1504 1525 1423
2706 2 2 1 4 1504 1526 1525
2707 2 2 1 4 1424 1526 1504
2708 2 2 1 4 1424 1527 1526
2709 2 2 1 4 1505 1527 1424
2710 2 2 1 4 1505 1528 1527
2711 2 2 1 4 1425 1528 1505
2712 2 2 1 4 1425 1530 1528
2713 2 2 1 4 1426 1529 1508
2714 2 2 1 4 1508 1530 1425
2715 2 2 1 4 1529 1530 1508
2716 2 2 1 4 1426 1531 1529
2717 2 2 1 4 1506 1531 1426
2718 2 2 1 4 1519 1534 1517
2719 2 2 1 4 215 1516 1461
2720 2 2 1 4 193 1532 192
2721 2 2 1 4 1506 1534 1531
2722 2 2 1 4 1465 1539 1455
2723 2 2 1 4 1427 1534 1506
2724 2 2 1 4 1473 1537 1474
2725 2 2 1 4 1481 1535 1437
2726 2 2 1 4 9 1542 216
2727 2 2 1 4 217 1542 10
2728 2 2 1 4 1474 1519 1517
2729 2 2 1 4 65 1429 66
2730 2 2 1 4 1430 1536 1512
2731 2 2 1 4 64 1523 65
2732 2 2 1 4 212 1447 1442
2733 2 2 1 4 1479 1534 1519
2734 2 2 1 4 4 1551 244
2735 2 2 1 4 189 1552 3
2736 2 2 1 4 1537 1540 1502
2737 2 2 1 4 63 1419 64
2738 2 2 1 4 62 1522 63
2739 2 2 1 4 1447 1555 1548
2740 2 2 1 4 1458 1543 1515
2741 2 2 1 4 67 1538 68
2742 2 2 1 4 60 1533 61
2743 2 2 1 4 61 1440 62
2744 2 2 1 4 1461 1516 218
2745 2 2 1 4 1474 1537 1535
2746 2 2 1 4 1548 1555 1444
2747 2 2 1 4 1518 1553 1429
2748 2 2 1 4 1455 1539 1467
2749 2 2 1 4 1448 1556 1449
2750 2 2 1 4 1475 1540 1473
2751 2 2 1 4 1453 1546 1460
2752 2 2 1 4 191 1554 1544
2753 2 2 1 4 1456 1556 1448
2754 2 2 1 4 1535 1537 1437
2755 2 2 1 4 1473 1540 1537
2756 2 2 1 4 1462 1548 1444
2757 2 2 1 4 65 1523 1429
2758 2 2 1 4 1419 1523 64
2759 2 2 1 4 1439 1541 1469
2760 2 2 1 4 1438 1554 191
2761 2 2 1 4 1443 1538 1518
2762 2 2 1 4 63 1522 1419
2763 2 2 1 4 1440 1522 62
2764 2 2 1 4 61 1533 1440
2765 2 2 1 4 1545 1549 219
2766 2 2 1 4 1429 1553 66
2767 2 2 1 4 1536 1550 1512
2768 2 2 1 4 1538 1551 68
2769 2 2 1 4 60 1552 1533
2770 2 2 1 4 1444 1545 220
2771 2 2 1 4 67 1553 1538
2772 2 2 1 4 1541 1550 1464
2773 2 2 1 4 190 1544 1446
2774 2 2 1 4 1522 1543 1419
2775 2 2 1 4 1512 1550 1475
2776 2 2 1 4 3 1552 60
2777 2 2 1 4 68 1551 4
2778 2 2 1 4 66 1553 67
2779 2 2 1 4 1464 1550 1536
2780 2 2 1 4 1447 1548 1442
2781 2 2 1 4 1475 1550 1541
2782 2 2 1 4 1456 1547 1546
2783 2 2 1 4 1546 1547 1460
2784 2 2 1 4 1538 1553 1518
2785 2 2 1 4 1444 1555 1545
2786 2 2 1 4 1546 1556 1456
2787 2 2 1 4 1544 1554 1459
2788 2 2 1 4 1445 1549 1545
2789 2 2 1 4 1545 1555 1445
2790 2 2 1 5 1567 1607 1581
2791 2 2 1 5 1576 1579 211
2792 2 2 1 5 211 1579 212
2793 2 2 1 5 1602 1630 1558
2794 2 2 1 5 1576 1607 1579
2795 2 2 1 5 1558 1630 1578
2796 2 2 1 5 1579 1607 267
2797 2 2 1 5 1581 1607 1576
2798 2 2 1 5 204 1611 1594
2799 2 2 1 5 1594 1610 204
2800 2 2 1 5 1578 1605 1558
2801 2 2 1 5 1577 1634 245
2802 2 2 1 5 1604 1634 1577
2803 2 2 1 5 1578 1635 1577
2804 2 2 1 5 1575 1578 1577
2805 2 2 1 5 215 1628 216
2806 2 2 1 5 272 1628 271
2807 2 2 1 5 246 1577 245
2808 2 2 1 5 269 1608 1580
2809 2 2 1 5 1575 1577 246
2810 2 2 1 5 1557 1630 1603
2811 2 2 1 5 1575 1605 1578
2812 2 2 1 5 1580 1608 213
2813 2 2 1 5 210 1581 1576
2814 2 2 1 5 189 1632 190
2815 2 2 1 5 193 1584 1574
2816 2 2 1 5 190 1558 191
2817 2 2 1 5 268 1579 267
2818 2 2 1 5 247 1575 246
2819 2 2 1 5 210 1576 211
2820 2 2 1 5 1579 1580 212
2821 2 2 1 5 269 1580 268
2822 2 2 1 5 265 1582 264
2823 2 2 1 5 209 1581 210
2824 2 2 1 5 266 1567 265
2825 2 2 1 5 208 1586 209
2826 2 2 1 5 1612 1617 1592
2827 2 2 1 5 254 1622 1609
2828 2 2 1 5 247 1585 1575
2829 2 2 1 5 1567 1582 265
2830 2 2 1 5 1559 1586 208
2831 2 2 1 5 1557 1635 1630
2832 2 2 1 5 212 1580 213
2833 2 2 1 5 1582 1587 264
2834 2 2 1 5 192 1584 193
2835 2 2 1 5 209 1586 1581
2836 2 2 1 5 248 1585 247
2837 2 2 1 5 1560 1585 248
2838 2 2 1 5 267 1607 266
2839 2 2 1 5 1583 1584 192
2840 2 2 1 5 1609 1622 1590
2841 2 2 1 5 1571 1617 1612
2842 2 2 1 5 264 1587 263
2843 2 2 1 5 263 1587 1569
2844 2 2 1 5 190 1602 1558
2845 2 2 1 5 1602 1632 1568
2846 2 2 1 5 1568 1630 1602
2847 2 2 1 5 196 1588 197
2848 2 2 1 5 1588 1589 197
2849 2 2 1 5 197 1589 198
2850 2 2 1 5 198 1589 1562
2851 2 2 1 5 199 1592 200
2852 2 2 1 5 200 1592 1565
2853 2 2 1 5 201 1595 202
2854 2 2 1 5 207 1559 208
2855 2 2 1 5 1564 1600 250
2856 2 2 1 5 258 1591 1570
2857 2 2 1 5 1589 1590 1562
2858 2 2 1 5 1572 1588 196
2859 2 2 1 5 202 1595 1563
2860 2 2 1 5 1566 1593 260
2861 2 2 1 5 207 1596 1559
2862 2 2 1 5 252 1598 251
2863 2 2 1 5 1574 1599 194
2864 2 2 1 5 202 1563 203
2865 2 2 1 5 259 1591 258
2866 2 2 1 5 1562 1592 199
2867 2 2 1 5 250 1600 249
2868 2 2 1 5 251 1564 250
2869 2 2 1 5 1561 1598 252
2870 2 2 1 5 260 1593 259
2871 2 2 1 5 263 1569 262
2872 2 2 1 5 195 1572 196
2873 2 2 1 5 206 1596 207
2874 2 2 1 5 256 1571 255
2875 2 2 1 5 1565 1595 201
2876 2 2 1 5 205 1573 206
2877 2 2 1 5 200 1565 201
2878 2 2 1 5 261 1566 260
2879 2 2 1 5 256 1601 1571
2880 2 2 1 5 1566 1594 1593
2881 2 2 1 5 251 1598 1564
2882 2 2 1 5 257 1601 256
2883 2 2 1 5 261 1597 1566
2884 2 2 1 5 194 1599 195
2885 2 2 1 5 249 1600 1560
2886 2 2 1 5 259 1593 1591
2887 2 2 1 5 1570 1601 257
2888 2 2 1 5 262 1597 261
2889 2 2 1 5 193 1574 194
2890 2 2 1 5 198 1562 199
2891 2 2 1 5 249 1560 248
2892 2 2 1 5 253 1561 252
2893 2 2 1 5 258 1570 257
2894 2 2 1 5 195 1599 1572
2895 2 2 1 5 1573 1596 206
2896 2 2 1 5 1569 1597 262
2897 2 2 1 5 191 1583 192
2898 2 2 1 5 268 1580 1579
2899 2 2 1 5 1558 1583 191
2900 2 2 1 5 1585 1605 1575
2901 2 2 1 5 1603 1630 1568
2902 2 2 1 5 1581 1631 1567
2903 2 2 1 5 1613 1614 1560
2904 2 2 1 5 213 1608 214
2905 2 2 1 5 270 1608 269
2906 2 2 1 5 254 1609 253
2907 2 2 1 5 204 1610 205
2908 2 2 1 5 203 1611 204
2909 2 2 1 5 1562 1612 1592
2910 2 2 1 5 1608 1627 214
2911 2 2 1 5 270 1627 1608
2912 2 2 1 5 1589 1625 1590
2913 2 2 1 5 1571 1622 255
2914 2 2 1 5 1594 1624 1593
2915 2 2 1 5 1566 1623 1594
2916 2 2 1 5 1584 1614 1613
2917 2 2 1 5 1558 1605 1583
2918 2 2 1 5 214 1627 215
2919 2 2 1 5 271 1627 270
2920 2 2 1 5 143 1568 144
2921 2 2 1 5 1584 1613 1574
2922 2 2 1 5 245 1634 6
2923 2 2 1 5 3 1633 189
2924 2 2 1 5 142 1603 143
2925 2 2 1 5 1560 1614 1585
2926 2 2 1 5 140 1604 141
2927 2 2 1 5 141 1557 142
2928 2 2 1 5 272 1606 216
2929 2 2 1 5 9 1606 11
2930 2 2 1 5 190 1632 1602
2931 2 2 1 5 1585 1614 1605
2932 2 2 1 5 1605 1614 1583
2933 2 2 1 5 266 1607 1567
2934 2 2 1 5 144 1633 3
2935 2 2 1 5 1600 1615 1613
2936 2 2 1 5 1590 1625 1609
2937 2 2 1 5 1611 1624 1594
2938 2 2 1 5 1612 1622 1571
2939 2 2 1 5 1594 1623 1610
2940 2 2 1 5 1613 1615 1574
2941 2 2 1 5 1583 1614 1584
2942 2 2 1 5 1590 1612 1562
2943 2 2 1 5 205 1610 1573
2944 2 2 1 5 253 1609 1561
2945 2 2 1 5 1563 1611 203
2946 2 2 1 5 1582 1631 1629
2947 2 2 1 5 1600 1613 1560
2948 2 2 1 5 1629 1631 1586
2949 2 2 1 5 1559 1629 1586
2950 2 2 1 5 143 1603 1568
2951 2 2 1 5 1561 1625 1621
2952 2 2 1 5 1573 1623 1620
2953 2 2 1 5 1619 1624 1563
2954 2 2 1 5 1618 1619 1595
2955 2 2 1 5 1561 1621 1598
2956 2 2 1 5 1570 1619 1618
2957 2 2 1 5 1591 1619 1570
2958 2 2 1 5 1574 1615 1599
2959 2 2 1 5 1592 1617 1565
2960 2 2 1 5 1573 1620 1596
2961 2 2 1 5 1601 1617 1571
2962 2 2 1 5 1615 1616 1599
2963 2 2 1 5 1598 1616 1564
2964 2 2 1 5 1595 1619 1563
2965 2 2 1 5 1565 1618 1595
2966 2 2 1 5 1599 1616 1572
2967 2 2 1 5 1601 1618 1617
2968 2 2 1 5 1570 1618 1601
2969 2 2 1 5 1617 1618 1565
2970 2 2 1 5 1564 1615 1600
2971 2 2 1 5 1564 1616 1615
2972 2 2 1 5 1569 1620 1597
2973 2 2 1 5 1598 1621 1616
2974 2 2 1 5 1572 1621 1588
2975 2 2 1 5 1616 1621 1572
2976 2 2 1 5 1620 1623 1597
2977 2 2 1 5 1621 1625 1588
2978 2 2 1 5 1591 1624 1619
2979 2 2 1 5 255 1622 254
2980 2 2 1 5 1597 1623 1566
2981 2 2 1 5 1588 1625 1589
2982 2 2 1 5 1593 1624 1591
2983 2 2 1 5 1587 1626 1569
2984 2 2 1 5 1596 1626 1559
2985 2 2 1 5 215 1627 271
2986 2 2 1 5 1620 1626 1596
2987 2 2 1 5 1569 1626 1620
2988 2 2 1 5 1557 1603 142
2989 2 2 1 5 1582 1629 1587
2990 2 2 1 5 141 1604 1557
2991 2 2 1 5 216 1628 272
2992 2 2 1 5 271 1628 215
2993 2 2 1 5 1626 1629 1559
2994 2 2 1 5 1587 1629 1626
2995 2 2 1 5 140 1634 1604
2996 2 2 1 5 1567 1631 1582
2997 2 2 1 5 1586 1631 1581
2998 2 2 1 5 6 1634 140
2999 2 2 1 5 1604 1635 1557
3000 2 2 1 5 1630 1635 1578
3001 2 2 1 5 1577 1635 1604
3002 2 2 1 5 1610 1623 1573
3003 2 2 1 5 1563 1624 1611
3004 2 2 1 5 1609 1625 1561
3005 2 2 1 5 1590 1622 1612
3006 2 2 1 5 1568 1633 144
3007 2 2 1 5 1632 1633 1568
3008 2 2 1 5 189 1633 1632
3009 2 2 1 5 216 1606 9
3010 2 2 1 5 11 1606 272
3011 2 2 1 6 2058 2100 1887
3012 2 2 1 6 1760 2046 1758
3013 2 2 1 6 1639 1923 1850
3014 2 2 1 6 1660 2042 1869
3015 2 2 1 6 1659 1908 1894
3016 2 2 1 6 1879 2102 1685
3017 2 2 1 6 1891 2105 1838
3018 2 2 1 6 1758 2046 1761
3019 2 2 1 6 1863 1915 1903
3020 2 2 1 6 1685 1925 1879
3021 2 2 1 6 1871 1941 1802
3022 2 2 1 6 1903 1939 1863
3023 2 2 1 6 2004 2036 1915
3024 2 2 1 6 1889 1917 1638
3025 2 2 1 6 2006 2032 1838
3026 2 2 1 6 1802 2071 1871
3027 2 2 1 6 1662 2047 174
3028 2 2 1 6 172 1902 1642
3029 2 2 1 6 1895 1902 1646
3030 2 2 1 6 1670 1868 1699
3031 2 2 1 6 1915 2036 1767
3032 2 2 1 6 1887 2064 2058
3033 2 2 1 6 1647 1907 270
3034 2 2 1 6 1804 2027 1871
3035 2 2 1 6 1869 2012 1660
3036 2 2 1 6 1878 2023 1666
3037 2 2 1 6 1850 1896 1639
3038 2 2 1 6 1866 2071 1932
3039 2 2 1 6 1978 2052 1988
3040 2 2 1 6 1868 2038 1921
3041 2 2 1 6 1868 1921 1699
3042 2 2 1 6 1894 2061 1659
3043 2 2 1 6 1679 1926 1681
3044 2 2 1 6 1903 1915 1767
3045 2 2 1 6 1892 2102 1879
3046 2 2 1 6 1666 2023 1814
3047 2 2 1 6 1884 1911 1832
3048 2 2 1 6 173 1662 174
3049 2 2 1 6 282 2042 1660
3050 2 2 1 6 1764 1900 1773
3051 2 2 1 6 1757 1903 1767
3052 2 2 1 6 171 1902 172
3053 2 2 1 6 1932 2006 1866
3054 2 2 1 6 1677 1934 1674
3055 2 2 1 6 1670 1699 1668
3056 2 2 1 6 1773 1900 1809
3057 2 2 1 6 1898 2063 1897
3058 2 2 1 6 270 1907 271
3059 2 2 1 6 1774 1782 1781
3060 2 2 1 6 1666 1814 1664
3061 2 2 1 6 1922 2101 1699
3062 2 2 1 6 1764 2019 1900
3063 2 2 1 6 1648 2100 2058
3064 2 2 1 6 1755 1757 1756
3065 2 2 1 6 1771 1932 1790
3066 2 2 1 6 1932 2071 1790
3067 2 2 1 6 1883 2037 1914
3068 2 2 1 6 1925 2095 1891
3069 2 2 1 6 1752 1755 1754
3070 2 2 1 6 1926 2095 1925
3071 2 2 1 6 1932 2032 2006
3072 2 2 1 6 1647 2063 1898
3073 2 2 1 6 1917 1919 1638
3074 2 2 1 6 1668 1878 1666
3075 2 2 1 6 1921 2038 1830
3076 2 2 1 6 1870 2076 1940
3077 2 2 1 6 262 2056 1930
3078 2 2 1 6 1889 2047 1662
3079 2 2 1 6 1988 2050 1978
3080 2 2 1 6 1762 1851 1774
3081 2 2 1 6 1930 2083 262
3082 2 2 1 6 1893 2073 1888
3083 2 2 1 6 1814 1918 1917
3084 2 2 1 6 1774 1781 1775
3085 2 2 1 6 2039 2043 1945
3086 2 2 1 6 2012 2060 1999
3087 2 2 1 6 274 2079 2021
3088 2 2 1 6 1838 2105 2006
3089 2 2 1 6 1644 2043 2039
3090 2 2 1 6 1755 1756 1754
3091 2 2 1 6 1781 1800 1783
3092 2 2 1 6 1672 1868 1670
3093 2 2 1 6 1674 1934 1672
3094 2 2 1 6 1699 2101 1878
3095 2 2 1 6 1669 1670 1668
3096 2 2 1 6 1914 2037 1649
3097 2 2 1 6 1671 1672 1670
3098 2 2 1 6 1667 1668 1666
3099 2 2 1 6 1809 1900 1812
3100 2 2 1 6 1888 2100 1893
3101 2 2 1 6 1756 2019 1754
3102 2 2 1 6 1679 1991 1926
3103 2 2 1 6 1757 1767 1759
3104 2 2 1 6 1714 1934 1677
3105 2 2 1 6 1814 1917 1889
3106 2 2 1 6 1895 2108 1902
3107 2 2 1 6 1645 1901 276
3108 2 2 1 6 1988 2052 1653
3109 2 2 1 6 1681 1926 1685
3110 2 2 1 6 1906 2020 1904
3111 2 2 1 6 1832 2045 1884
3112 2 2 1 6 1665 1666 1664
3113 2 2 1 6 1781 1916 1800
3114 2 2 1 6 2048 2049 1943
3115 2 2 1 6 1641 2049 2048
3116 2 2 1 6 1762 1774 1765
3117 2 2 1 6 1755 1903 1757
3118 2 2 1 6 1782 2099 1781
3119 2 2 1 6 1664 1889 1662
3120 2 2 1 6 1896 2068 1833
3121 2 2 1 6 1912 1913 1649
3122 2 2 1 6 1920 2051 1645
3123 2 2 1 6 1710 1967 1927
3124 2 2 1 6 1905 2079 1656
3125 2 2 1 6 2035 2070 1651
3126 2 2 1 6 1870 2085 2076
3127 2 2 1 6 2027 2082 1871
3128 2 2 1 6 1906 2079 1905
3129 2 2 1 6 1851 1852 1782
3130 2 2 1 6 1645 2051 1911
3131 2 2 1 6 1673 1674 1672
3132 2 2 1 6 1687 2102 1892
3133 2 2 1 6 1769 2088 2030
3134 2 2 1 6 274 2021 273
3135 2 2 1 6 1752 1939 1755
3136 2 2 1 6 1863 1939 1870
3137 2 2 1 6 247 1912 1649
3138 2 2 1 6 1646 2020 1895
3139 2 2 1 6 1927 1967 1910
3140 2 2 1 6 1892 2089 1687
3141 2 2 1 6 1833 1897 1896
3142 2 2 1 6 1761 2019 1756
3143 2 2 1 6 1800 1879 1815
3144 2 2 1 6 1711 2009 1713
3145 2 2 1 6 285 1894 1893
3146 2 2 1 6 1638 2047 1889
3147 2 2 1 6 2051 2103 1867
3148 2 2 1 6 1909 2030 1989
3149 2 2 1 6 1918 1936 1917
3150 2 2 1 6 1642 1662 173
3151 2 2 1 6 1781 2099 1916
3152 2 2 1 6 1804 2065 2027
3153 2 2 1 6 1762 2080 1851
3154 2 2 1 6 1852 1853 1782
3155 2 2 1 6 1904 2021 1906
3156 2 2 1 6 1900 1933 1812
3157 2 2 1 6 2046 2093 1761
3158 2 2 1 6 1699 1878 1668
3159 2 2 1 6 1781 1783 1775
3160 2 2 1 6 1800 1815 1783
3161 2 2 1 6 1929 2067 1993
3162 2 2 1 6 1924 2018 1938
3163 2 2 1 6 1656 1935 1905
3164 2 2 1 6 1672 1934 1868
3165 2 2 1 6 1814 1889 1664
3166 2 2 1 6 275 1901 1656
3167 2 2 1 6 1999 2060 1657
3168 2 2 1 6 286 1894 285
3169 2 2 1 6 1743 2016 1844
3170 2 2 1 6 1703 2015 2003
3171 2 2 1 6 1938 2024 1924
3172 2 2 1 6 1931 1932 1771
3173 2 2 1 6 1917 1936 1919
3174 2 2 1 6 1774 1775 1765
3175 2 2 1 6 1993 2078 1929
3176 2 2 1 6 275 1656 274
3177 2 2 1 6 1945 2044 1946
3178 2 2 1 6 170 1646 171
3179 2 2 1 6 277 1920 1645
3180 2 2 1 6 1931 2032 1932
3181 2 2 1 6 1910 1967 1703
3182 2 2 1 6 1647 2086 1907
3183 2 2 1 6 271 1659 272
3184 2 2 1 6 1646 1902 171
3185 2 2 1 6 170 1904 1646
3186 2 2 1 6 2043 2044 1945
3187 2 2 1 6 2003 2015 1864
3188 2 2 1 6 1843 2098 1993
3189 2 2 1 6 1899 2070 2035
3190 2 2 1 6 2016 2074 1844
3191 2 2 1 6 1752 1754 1753
3192 2 2 1 6 1703 2003 1910
3193 2 2 1 6 1993 2067 1843
3194 2 2 1 6 172 1642 173
3195 2 2 1 6 1750 1752 1751
3196 2 2 1 6 1774 1851 1782
3197 2 2 1 6 271 1907 1659
3198 2 2 1 6 1675 1676 1674
3199 2 2 1 6 245 1661 246
3200 2 2 1 6 2034 2106 1935
3201 2 2 1 6 1645 2034 1901
3202 2 2 1 6 1644 2039 1899
3203 2 2 1 6 267 1923 1639
3204 2 2 1 6 1843 2009 1741
3205 2 2 1 6 1671 1673 1672
3206 2 2 1 6 1667 1669 1668
3207 2 2 1 6 1669 1671 1670
3208 2 2 1 6 269 1647 270
3209 2 2 1 6 1845 2041 1895
3210 2 2 1 6 1902 2059 1642
3211 2 2 1 6 284 1893 1648
3212 2 2 1 6 1636 2026 1949
3213 2 2 1 6 1800 1880 1879
3214 2 2 1 6 1899 2035 1644
3215 2 2 1 6 1665 1667 1666
3216 2 2 1 6 169 1904 170
3217 2 2 1 6 1871 2082 1941
3218 2 2 1 6 1894 2073 1893
3219 2 2 1 6 1685 1926 1925
3220 2 2 1 6 1673 1675 1674
3221 2 2 1 6 1663 1664 1662
3222 2 2 1 6 282 1660 281
3223 2 2 1 6 284 1648 283
3224 2 2 1 6 1741 2009 1711
3225 2 2 1 6 1958 2056 1655
3226 2 2 1 6 1815 1925 1891
3227 2 2 1 6 277 1645 276
3228 2 2 1 6 2030 2088 1989
3229 2 2 1 6 1773 1809 1808
3230 2 2 1 6 1879 1925 1815
3231 2 2 1 6 1743 1844 1745
3232 2 2 1 6 1747 1750 1749
3233 2 2 1 6 1655 2109 1958
3234 2 2 1 6 1907 1909 1908
3235 2 2 1 6 1657 1920 278
3236 2 2 1 6 1911 2051 1832
3237 2 2 1 6 285 1893 284
3238 2 2 1 6 1908 2073 1894
3239 2 2 1 6 1852 1854 1853
3240 2 2 1 6 1934 2038 1868
3241 2 2 1 6 276 1901 275
3242 2 2 1 6 1652 2081 1919
3243 2 2 1 6 1921 1922 1699
3244 2 2 1 6 186 1658 187
3245 2 2 1 6 1914 2115 1883
3246 2 2 1 6 1766 1931 1771
3247 2 2 1 6 1676 1677 1674
3248 2 2 1 6 279 1657 278
3249 2 2 1 6 1840 1843 1741
3250 2 2 1 6 1913 2053 2018
3251 2 2 1 6 286 2061 1894
3252 2 2 1 6 1802 1941 1845
3253 2 2 1 6 1865 2096 1768
3254 2 2 1 6 246 1912 247
3255 2 2 1 6 1901 1935 1656
3256 2 2 1 6 1994 2110 2033
3257 2 2 1 6 1676 1991 1679
3258 2 2 1 6 267 1639 268
3259 2 2 1 6 1919 2072 1652
3260 2 2 1 6 269 2063 1647
3261 2 2 1 6 1757 1758 1756
3262 2 2 1 6 1675 1991 1676
3263 2 2 1 6 1949 2112 1636
3264 2 2 1 6 278 1920 277
3265 2 2 1 6 1651 1937 185
3266 2 2 1 6 1663 1665 1664
3267 2 2 1 6 1901 2034 1935
3268 2 2 1 6 272 2061 11
3269 2 2 1 6 1643 2050 1988
3270 2 2 1 6 1992 1993 1650
3271 2 2 1 6 1800 1916 1880
3272 2 2 1 6 1880 1892 1879
3273 2 2 1 6 1994 2033 1640
3274 2 2 1 6 1957 2005 2002
3275 2 2 1 6 1791 1991 1675
3276 2 2 1 6 1956 1998 1997
3277 2 2 1 6 265 1650 266
3278 2 2 1 6 1651 1938 1937
3279 2 2 1 6 1863 2087 1915
3280 2 2 1 6 1904 2020 1646
3281 2 2 1 6 175 1638 176
3282 2 2 1 6 1694 2029 1977
3283 2 2 1 6 1854 1855 1853
3284 2 2 1 6 280 1999 279
3285 2 2 1 6 1676 1678 1677
3286 2 2 1 6 1909 1989 1908
3287 2 2 1 6 1864 2015 1977
3288 2 2 1 6 279 1999 1657
3289 2 2 1 6 1757 1759 1758
3290 2 2 1 6 1641 2048 1946
3291 2 2 1 6 1911 2034 1645
3292 2 2 1 6 1697 2008 2007
3293 2 2 1 6 1688 2001 2000
3294 2 2 1 6 1855 1860 1853
3295 2 2 1 6 1854 1856 1855
3296 2 2 1 6 1676 1679 1678
3297 2 2 1 6 1678 1682 1677
3298 2 2 1 6 1997 1998 1690
3299 2 2 1 6 247 1649 248
3300 2 2 1 6 1828 1942 1936
3301 2 2 1 6 1790 2071 1802
3302 2 2 1 6 1854 1857 1856
3303 2 2 1 6 1856 1864 1855
3304 2 2 1 6 1679 1680 1678
3305 2 2 1 6 1682 1714 1677
3306 2 2 1 6 1936 2072 1919
3307 2 2 1 6 1857 1858 1856
3308 2 2 1 6 1682 1715 1714
3309 2 2 1 6 1679 1681 1680
3310 2 2 1 6 1986 1987 1980
3311 2 2 1 6 1924 2024 1806
3312 2 2 1 6 1857 1859 1858
3313 2 2 1 6 1682 1831 1715
3314 2 2 1 6 1681 1683 1680
3315 2 2 1 6 1715 1716 1714
3316 2 2 1 6 1859 1861 1858
3317 2 2 1 6 1681 1684 1683
3318 2 2 1 6 1715 1717 1716
3319 2 2 1 6 1861 1910 1858
3320 2 2 1 6 1684 1686 1683
3321 2 2 1 6 1681 1685 1684
3322 2 2 1 6 1717 1718 1716
3323 2 2 1 6 1825 1942 1828
3324 2 2 1 6 1842 1942 1825
3325 2 2 1 6 1842 1943 1942
3326 2 2 1 6 1861 1927 1910
3327 2 2 1 6 1686 1690 1683
3328 2 2 1 6 1684 1687 1686
3329 2 2 1 6 1717 1719 1718
3330 2 2 1 6 1718 1830 1716
3331 2 2 1 6 1717 1720 1719
3332 2 2 1 6 1687 1688 1686
3333 2 2 1 6 1720 1721 1719
3334 2 2 1 6 1687 1689 1688
3335 2 2 1 6 1720 1722 1721
3336 2 2 1 6 1721 1724 1719
3337 2 2 1 6 1689 1692 1688
3338 2 2 1 6 1723 1981 1721
3339 2 2 1 6 1689 1693 1692
3340 2 2 1 6 1722 1723 1721
3341 2 2 1 6 1969 1982 1981
3342 2 2 1 6 1721 1981 1724
3343 2 2 1 6 1693 1695 1692
3344 2 2 1 6 1689 1694 1693
3345 2 2 1 6 1722 1725 1723
3346 2 2 1 6 1970 1975 1974
3347 2 2 1 6 1725 1726 1723
3348 2 2 1 6 1693 1696 1695
3349 2 2 1 6 1722 1728 1725
3350 2 2 1 6 1695 1700 1692
3351 2 2 1 6 1726 1727 1723
3352 2 2 1 6 1696 1697 1695
3353 2 2 1 6 1728 1729 1725
3354 2 2 1 6 1726 1733 1727
3355 2 2 1 6 1728 1730 1729
3356 2 2 1 6 1696 1698 1697
3357 2 2 1 6 1733 1734 1727
3358 2 2 1 6 1728 1777 1730
3359 2 2 1 6 1698 1701 1697
3360 2 2 1 6 1726 1740 1733
3361 2 2 1 6 1730 1731 1729
3362 2 2 1 6 1733 1971 1735
3363 2 2 1 6 1698 1702 1701
3364 2 2 1 6 1733 1735 1734
3365 2 2 1 6 1730 1732 1731
3366 2 2 1 6 1740 1971 1733
3367 2 2 1 6 1735 1738 1734
3368 2 2 1 6 1702 1705 1701
3369 2 2 1 6 1732 1736 1731
3370 2 2 1 6 1698 1703 1702
3371 2 2 1 6 1735 1780 1738
3372 2 2 1 6 1702 1706 1705
3373 2 2 1 6 1738 1739 1734
3374 2 2 1 6 1705 1707 1701
3375 2 2 1 6 1736 1779 1731
3376 2 2 1 6 1732 1737 1736
3377 2 2 1 6 1788 1951 1785
3378 2 2 1 6 1847 1944 1794
3379 2 2 1 6 1813 1951 1788
3380 2 2 1 6 1794 1944 1819
3381 2 2 1 6 1798 1948 1813
3382 2 2 1 6 1799 1953 1817
3383 2 2 1 6 1785 1951 1784
3384 2 2 1 6 1950 1952 1951
3385 2 2 1 6 1824 1947 1822
3386 2 2 1 6 1819 1821 1820
3387 2 2 1 6 1706 1710 1709
3388 2 2 1 6 1823 1825 1824
3389 2 2 1 6 1829 1947 1824
3390 2 2 1 6 1816 1948 1798
3391 2 2 1 6 1801 1882 1881
3392 2 2 1 6 1706 1708 1705
3393 2 2 1 6 1737 1786 1785
3394 2 2 1 6 1798 1813 1788
3395 2 2 1 6 1817 1872 1816
3396 2 2 1 6 1948 1949 1813
3397 2 2 1 6 1819 1827 1821
3398 2 2 1 6 1950 1951 1813
3399 2 2 1 6 1732 1955 1737
3400 2 2 1 6 1835 1953 1799
3401 2 2 1 6 1890 1948 1816
3402 2 2 1 6 1735 1801 1780
3403 2 2 1 6 1793 1848 1847
3404 2 2 1 6 1949 1950 1813
3405 2 2 1 6 1821 1822 1820
3406 2 2 1 6 1823 1824 1822
3407 2 2 1 6 1828 1839 1826
3408 2 2 1 6 1875 1877 1876
3409 2 2 1 6 1794 1819 1818
3410 2 2 1 6 1737 1785 1784
3411 2 2 1 6 1737 1955 1786
3412 2 2 1 6 1787 1788 1785
3413 2 2 1 6 1786 1837 1836
3414 2 2 1 6 1819 1944 1827
3415 2 2 1 6 1737 1784 1736
3416 2 2 1 6 1787 1789 1788
3417 2 2 1 6 1799 1816 1798
3418 2 2 1 6 1817 1873 1872
3419 2 2 1 6 1805 1806 1780
3420 2 2 1 6 1801 1805 1780
3421 2 2 1 6 1789 1799 1798
3422 2 2 1 6 1738 1793 1739
3423 2 2 1 6 1825 1828 1826
3424 2 2 1 6 1877 1929 1928
3425 2 2 1 6 1963 1965 1964
3426 2 2 1 6 1944 1945 1827
3427 2 2 1 6 1709 1711 1708
3428 2 2 1 6 1793 1794 1739
3429 2 2 1 6 1963 1964 1779
3430 2 2 1 6 1786 1787 1785
3431 2 2 1 6 1789 1798 1788
3432 2 2 1 6 1817 1874 1873
3433 2 2 1 6 1789 1835 1799
3434 2 2 1 6 1872 1890 1816
3435 2 2 1 6 1835 1954 1953
3436 2 2 1 6 1877 1928 1876
3437 2 2 1 6 1928 1930 1876
3438 2 2 1 6 1787 1957 1789
3439 2 2 1 6 1786 1836 1787
3440 2 2 1 6 1789 1957 1835
3441 2 2 1 6 1945 1946 1827
3442 2 2 1 6 1874 1875 1873
3443 2 2 1 6 1951 1952 1784
3444 2 2 1 6 1821 1823 1822
3445 2 2 1 6 1706 1709 1708
3446 2 2 1 6 1799 1817 1816
3447 2 2 1 6 1801 1881 1805
3448 2 2 1 6 1826 1829 1824
3449 2 2 1 6 1848 1899 1847
3450 2 2 1 6 1794 1818 1739
3451 2 2 1 6 1819 1820 1818
3452 2 2 1 6 1825 1826 1824
3453 2 2 1 6 1955 1956 1837
3454 2 2 1 6 1817 1953 1874
3455 2 2 1 6 1875 1876 1873
3456 2 2 1 6 1965 1966 1964
3457 2 2 1 6 1793 1847 1794
3458 2 2 1 6 1881 1883 1805
3459 2 2 1 6 1711 1713 1708
3460 2 2 1 6 1823 1842 1825
3461 2 2 1 6 1930 1958 1876
3462 2 2 1 6 1708 1960 1705
3463 2 2 1 6 1836 1957 1787
3464 2 2 1 6 1837 1849 1836
3465 2 2 1 6 1734 1969 1727
3466 2 2 1 6 1786 1955 1837
3467 2 2 1 6 1705 1960 1707
3468 2 2 1 6 1946 1959 1827
3469 2 2 1 6 1731 1970 1729
3470 2 2 1 6 1876 1958 1873
3471 2 2 1 6 1821 1959 1823
3472 2 2 1 6 1827 1959 1821
3473 2 2 1 6 1823 1959 1842
3474 2 2 1 6 1793 1961 1848
3475 2 2 1 6 1780 1961 1738
3476 2 2 1 6 1784 1962 1736
3477 2 2 1 6 1873 1958 1872
3478 2 2 1 6 1738 1961 1793
3479 2 2 1 6 1736 1962 1779
3480 2 2 1 6 1962 1963 1779
3481 2 2 1 6 1713 1960 1708
3482 2 2 1 6 1806 1961 1780
3483 2 2 1 6 1952 1962 1784
3484 2 2 1 6 1702 1967 1706
3485 2 2 1 6 1703 1967 1702
3486 2 2 1 6 1706 1967 1710
3487 2 2 1 6 1962 1968 1963
3488 2 2 1 6 1952 1968 1962
3489 2 2 1 6 1739 1969 1734
3490 2 2 1 6 1779 1970 1731
3491 2 2 1 6 1818 1969 1739
3492 2 2 1 6 1964 1970 1779
3493 2 2 1 6 1777 1972 1730
3494 2 2 1 6 1735 1971 1801
3495 2 2 1 6 1955 1972 1956
3496 2 2 1 6 1730 1972 1732
3497 2 2 1 6 1801 1971 1882
3498 2 2 1 6 1732 1972 1955
3499 2 2 1 6 1972 1973 1956
3500 2 2 1 6 1777 1973 1972
3501 2 2 1 6 1720 1980 1722
3502 2 2 1 6 1974 1975 1740
3503 2 2 1 6 1725 1974 1726
3504 2 2 1 6 1729 1974 1725
3505 2 2 1 6 1970 1974 1729
3506 2 2 1 6 1726 1974 1740
3507 2 2 1 6 1964 1975 1970
3508 2 2 1 6 1966 1975 1964
3509 2 2 1 6 1971 1976 1882
3510 2 2 1 6 1740 1976 1971
3511 2 2 1 6 1975 1976 1740
3512 2 2 1 6 1966 1976 1975
3513 2 2 1 6 1822 1979 1820
3514 2 2 1 6 1694 1977 1693
3515 2 2 1 6 1693 1977 1696
3516 2 2 1 6 1722 1980 1728
3517 2 2 1 6 1976 1978 1882
3518 2 2 1 6 1966 1978 1976
3519 2 2 1 6 1947 1979 1822
3520 2 2 1 6 1728 1980 1777
3521 2 2 1 6 1979 1982 1820
3522 2 2 1 6 1981 1982 1724
3523 2 2 1 6 1727 1981 1723
3524 2 2 1 6 1724 1982 1979
3525 2 2 1 6 1818 1982 1969
3526 2 2 1 6 1969 1981 1727
3527 2 2 1 6 1820 1982 1818
3528 2 2 1 6 1831 1987 1986
3529 2 2 1 6 1719 1983 1718
3530 2 2 1 6 1947 1983 1979
3531 2 2 1 6 1724 1983 1719
3532 2 2 1 6 1979 1983 1724
3533 2 2 1 6 1829 1984 1947
3534 2 2 1 6 1718 1984 1830
3535 2 2 1 6 1983 1984 1718
3536 2 2 1 6 1947 1984 1983
3537 2 2 1 6 1683 1985 1680
3538 2 2 1 6 1831 1986 1715
3539 2 2 1 6 1690 1985 1683
3540 2 2 1 6 1720 1986 1980
3541 2 2 1 6 1715 1986 1717
3542 2 2 1 6 1980 1987 1777
3543 2 2 1 6 1717 1986 1720
3544 2 2 1 6 1777 1987 1973
3545 2 2 1 6 250 1643 251
3546 2 2 1 6 1828 1936 1918
3547 2 2 1 6 184 1651 185
3548 2 2 1 6 182 1644 183
3549 2 2 1 6 265 1992 1650
3550 2 2 1 6 1760 2096 2046
3551 2 2 1 6 1678 1990 1682
3552 2 2 1 6 1660 2012 1999
3553 2 2 1 6 1680 1990 1678
3554 2 2 1 6 1828 1918 1839
3555 2 2 1 6 251 1988 252
3556 2 2 1 6 1985 1990 1680
3557 2 2 1 6 1642 1663 1662
3558 2 2 1 6 1643 1988 251
3559 2 2 1 6 1682 1990 1831
3560 2 2 1 6 2002 2005 1700
3561 2 2 1 6 1987 1996 1973
3562 2 2 1 6 1956 1997 1837
3563 2 2 1 6 2000 2001 1849
3564 2 2 1 6 1973 1998 1956
3565 2 2 1 6 252 1653 253
3566 2 2 1 6 1637 2083 1928
3567 2 2 1 6 1985 1996 1990
3568 2 2 1 6 1990 1996 1831
3569 2 2 1 6 1920 2103 2051
3570 2 2 1 6 1977 2029 1864
3571 2 2 1 6 264 1992 265
3572 2 2 1 6 1809 1812 1811
3573 2 2 1 6 253 1994 254
3574 2 2 1 6 185 1937 186
3575 2 2 1 6 179 1641 180
3576 2 2 1 6 252 1988 1653
3577 2 2 1 6 1831 1996 1987
3578 2 2 1 6 1750 2085 1752
3579 2 2 1 6 1946 2044 1641
3580 2 2 1 6 1686 2000 1690
3581 2 2 1 6 263 1637 264
3582 2 2 1 6 258 1636 259
3583 2 2 1 6 256 1654 257
3584 2 2 1 6 260 1655 261
3585 2 2 1 6 254 1640 255
3586 2 2 1 6 255 1995 256
3587 2 2 1 6 1837 1997 1849
3588 2 2 1 6 1996 1998 1973
3589 2 2 1 6 1938 2018 1937
3590 2 2 1 6 2007 2008 1954
3591 2 2 1 6 1692 2001 1688
3592 2 2 1 6 1919 2081 1638
3593 2 2 1 6 1957 2002 1835
3594 2 2 1 6 177 1652 178
3595 2 2 1 6 2057 2088 1769
3596 2 2 1 6 1815 1891 1838
3597 2 2 1 6 1653 1994 253
3598 2 2 1 6 1910 2003 1858
3599 2 2 1 6 1690 1998 1985
3600 2 2 1 6 1658 2062 187
3601 2 2 1 6 1690 2000 1997
3602 2 2 1 6 1856 2003 1864
3603 2 2 1 6 1845 1895 1846
3604 2 2 1 6 188 2097 6
3605 2 2 1 6 1913 1924 1914
3606 2 2 1 6 1985 1998 1996
3607 2 2 1 6 6 2097 245
3608 2 2 1 6 1695 2007 1700
3609 2 2 1 6 1806 2115 1924
3610 2 2 1 6 1637 1992 264
3611 2 2 1 6 1701 2008 1697
3612 2 2 1 6 254 1994 1640
3613 2 2 1 6 1688 2000 1686
3614 2 2 1 6 256 1995 1654
3615 2 2 1 6 1640 1995 255
3616 2 2 1 6 1952 2010 1968
3617 2 2 1 6 1836 2005 1957
3618 2 2 1 6 174 2047 175
3619 2 2 1 6 1852 2004 1854
3620 2 2 1 6 1997 2000 1849
3621 2 2 1 6 1752 2085 1939
3622 2 2 1 6 1849 2005 1836
3623 2 2 1 6 1700 2001 1692
3624 2 2 1 6 1851 2036 1852
3625 2 2 1 6 1835 2002 1954
3626 2 2 1 6 1913 1914 1649
3627 2 2 1 6 1858 2003 1856
3628 2 2 1 6 1854 2004 1857
3629 2 2 1 6 1698 2015 1703
3630 2 2 1 6 1977 2015 1696
3631 2 2 1 6 1700 2007 2002
3632 2 2 1 6 1954 2011 1953
3633 2 2 1 6 1714 2038 1934
3634 2 2 1 6 1809 1810 1808
3635 2 2 1 6 1900 2093 1933
3636 2 2 1 6 1697 2007 1695
3637 2 2 1 6 1755 1939 1903
3638 2 2 1 6 1830 2054 1921
3639 2 2 1 6 2009 2028 1713
3640 2 2 1 6 2001 2005 1849
3641 2 2 1 6 1953 2011 1874
3642 2 2 1 6 1802 1845 1803
3643 2 2 1 6 1790 1802 1795
3644 2 2 1 6 1771 1790 1778
3645 2 2 1 6 2024 2070 1848
3646 2 2 1 6 281 2075 12
3647 2 2 1 6 1814 2023 1918
3648 2 2 1 6 2011 2013 1874
3649 2 2 1 6 266 1923 267
3650 2 2 1 6 1754 1764 1753
3651 2 2 1 6 1752 1753 1751
3652 2 2 1 6 1754 2019 1764
3653 2 2 1 6 1707 2008 1701
3654 2 2 1 6 1961 2024 1848
3655 2 2 1 6 1747 2076 1750
3656 2 2 1 6 12 2075 280
3657 2 2 1 6 1928 2078 1637
3658 2 2 1 6 1874 2013 1875
3659 2 2 1 6 1759 2080 1762
3660 2 2 1 6 2046 2096 1865
3661 2 2 1 6 1950 2010 1952
3662 2 2 1 6 1700 2005 2001
3663 2 2 1 6 1759 1762 1760
3664 2 2 1 6 2013 2014 1875
3665 2 2 1 6 1995 2010 1654
3666 2 2 1 6 2002 2007 1954
3667 2 2 1 6 1750 1751 1749
3668 2 2 1 6 1875 2014 1877
3669 2 2 1 6 1924 2115 1914
3670 2 2 1 6 2041 2108 1895
3671 2 2 1 6 1762 1765 1763
3672 2 2 1 6 1707 2013 2011
3673 2 2 1 6 1877 2028 1929
3674 2 2 1 6 1928 2083 1930
3675 2 2 1 6 1864 2029 1855
3676 2 2 1 6 1691 1791 1675
3677 2 2 1 6 283 2042 282
3678 2 2 1 6 1960 2013 1707
3679 2 2 1 6 2008 2011 1954
3680 2 2 1 6 1968 2033 1963
3681 2 2 1 6 1907 2086 1909
3682 2 2 1 6 1907 1908 1659
3683 2 2 1 6 1960 2014 2013
3684 2 2 1 6 250 2022 1643
3685 2 2 1 6 187 2062 188
3686 2 2 1 6 1916 2099 1860
3687 2 2 1 6 1713 2014 1960
3688 2 2 1 6 1716 2038 1714
3689 2 2 1 6 1766 1771 1770
3690 2 2 1 6 1944 2039 1945
3691 2 2 1 6 1899 2039 1847
3692 2 2 1 6 1933 2093 2046
3693 2 2 1 6 1912 2053 1913
3694 2 2 1 6 2053 2062 1658
3695 2 2 1 6 1636 2025 259
3696 2 2 1 6 260 2025 1655
3697 2 2 1 6 258 2026 1636
3698 2 2 1 6 1654 2026 257
3699 2 2 1 6 1943 2049 1652
3700 2 2 1 6 2033 2110 1965
3701 2 2 1 6 184 2035 1651
3702 2 2 1 6 1992 2078 1993
3703 2 2 1 6 2077 2091 1898
3704 2 2 1 6 1696 2015 1698
3705 2 2 1 6 1644 2035 183
3706 2 2 1 6 2018 2053 1658
3707 2 2 1 6 1840 1850 1843
3708 2 2 1 6 186 1937 1658
3709 2 2 1 6 1946 2048 1959
3710 2 2 1 6 1842 2048 1943
3711 2 2 1 6 1707 2011 2008
3712 2 2 1 6 169 2084 1904
3713 2 2 1 6 1649 2037 248
3714 2 2 1 6 1913 2018 1924
3715 2 2 1 6 1882 2050 1881
3716 2 2 1 6 2028 2067 1929
3717 2 2 1 6 1965 2052 1966
3718 2 2 1 6 1984 2054 1830
3719 2 2 1 6 1638 2081 176
3720 2 2 1 6 2017 2074 1927
3721 2 2 1 6 1809 1811 1810
3722 2 2 1 6 182 2043 1644
3723 2 2 1 6 1938 2070 2024
3724 2 2 1 6 1896 1897 1639
3725 2 2 1 6 1839 2101 2090
3726 2 2 1 6 1656 2079 274
3727 2 2 1 6 261 2056 262
3728 2 2 1 6 1937 2018 1658
3729 2 2 1 6 1641 2044 180
3730 2 2 1 6 1904 2084 2021
3731 2 2 1 6 1909 2091 2030
3732 2 2 1 6 1806 2024 1961
3733 2 2 1 6 1915 2087 2004
3734 2 2 1 6 1792 1865 1768
3735 2 2 1 6 249 2022 250
3736 2 2 1 6 1929 2078 1928
3737 2 2 1 6 179 2049 1641
3738 2 2 1 6 1652 2049 178
3739 2 2 1 6 259 2025 260
3740 2 2 1 6 257 2026 258
3741 2 2 1 6 1895 2020 1846
3742 2 2 1 6 1933 2046 1865
3743 2 2 1 6 1942 2072 1936
3744 2 2 1 6 1855 2029 1860
3745 2 2 1 6 1921 2054 1922
3746 2 2 1 6 1710 2016 1709
3747 2 2 1 6 1886 2088 2057
3748 2 2 1 6 1888 2073 1989
3749 2 2 1 6 1669 2027 1671
3750 2 2 1 6 1709 1712 1711
3751 2 2 1 6 2014 2028 1877
3752 2 2 1 6 1880 2031 1892
3753 2 2 1 6 1930 2056 1958
3754 2 2 1 6 1689 2089 1694
3755 2 2 1 6 1883 2115 1805
3756 2 2 1 6 1839 2090 1826
3757 2 2 1 6 1859 1862 1861
3758 2 2 1 6 1948 2112 1949
3759 2 2 1 6 2095 2105 1891
3760 2 2 1 6 1958 2109 1872
3761 2 2 1 6 1684 2102 1687
3762 2 2 1 6 1815 1838 1783
3763 2 2 1 6 1713 2028 2014
3764 2 2 1 6 262 2083 263
3765 2 2 1 6 1918 2023 1839
3766 2 2 1 6 1963 2033 1965
3767 2 2 1 6 1893 2100 1648
3768 2 2 1 6 1833 1898 1897
3769 2 2 1 6 249 2037 2022
3770 2 2 1 6 1861 2017 1927
3771 2 2 1 6 11 2061 286
3772 2 2 1 6 1745 2107 1747
3773 2 2 1 6 2009 2067 2028
3774 2 2 1 6 1775 1931 1765
3775 2 2 1 6 1852 2036 2004
3776 2 2 1 6 1673 1691 1675
3777 2 2 1 6 183 2035 184
3778 2 2 1 6 1712 1741 1711
3779 2 2 1 6 1850 2098 1843
3780 2 2 1 6 177 2081 1652
3781 2 2 1 6 1860 2099 1853
3782 2 2 1 6 1859 1863 1862
3783 2 2 1 6 1797 2066 1935
3784 2 2 1 6 248 2037 249
3785 2 2 1 6 1830 2038 1716
3786 2 2 1 6 8 2084 169
3787 2 2 1 6 2022 2037 1883
3788 2 2 1 6 1847 2039 1944
3789 2 2 1 6 2004 2087 1857
3790 2 2 1 6 1639 2063 268
3791 2 2 1 6 2010 2094 1654
3792 2 2 1 6 268 2063 269
3793 2 2 1 6 1767 2080 1759
3794 2 2 1 6 1810 1841 1834
3795 2 2 1 6 1898 2091 2086
3796 2 2 1 6 1648 2042 283
3797 2 2 1 6 1950 2094 2010
3798 2 2 1 6 181 2043 182
3799 2 2 1 6 1694 2092 2029
3800 2 2 1 6 1651 2070 1938
3801 2 2 1 6 2010 2104 1968
3802 2 2 1 6 1841 2012 1869
3803 2 2 1 6 1667 1704 1669
3804 2 2 1 6 1812 1832 1811
3805 2 2 1 6 1881 2111 1883
3806 2 2 1 6 1859 2087 1863
3807 2 2 1 6 180 2044 181
3808 2 2 1 6 1867 2103 2069
3809 2 2 1 6 1764 1773 1772
3810 2 2 1 6 1959 2048 1842
3811 2 2 1 6 1935 2106 1797
3812 2 2 1 6 1860 2113 1916
3813 2 2 1 6 1759 1760 1758
3814 2 2 1 6 2069 2103 2060
3815 2 2 1 6 1845 1846 1803
3816 2 2 1 6 1802 1803 1795
3817 2 2 1 6 1790 1795 1778
3818 2 2 1 6 1773 1808 1807
3819 2 2 1 6 181 2044 2043
3820 2 2 1 6 1771 1778 1770
3821 2 2 1 6 1846 1906 1905
3822 2 2 1 6 1866 2006 1796
3823 2 2 1 6 1661 2062 2053
3824 2 2 1 6 1762 1763 1760
3825 2 2 1 6 1694 2089 2031
3826 2 2 1 6 1941 2041 1845
3827 2 2 1 6 1844 2017 1940
3828 2 2 1 6 178 2049 179
3829 2 2 1 6 1841 2060 2012
3830 2 2 1 6 1712 1743 1742
3831 2 2 1 6 1765 1766 1763
3832 2 2 1 6 1978 2050 1882
3833 2 2 1 6 1663 1776 1665
3834 2 2 1 6 1995 2104 2010
3835 2 2 1 6 1745 1747 1746
3836 2 2 1 6 1865 2045 1933
3837 2 2 1 6 1765 1931 1766
3838 2 2 1 6 2054 2090 1922
3839 2 2 1 6 1743 1745 1744
3840 2 2 1 6 1636 2112 2025
3841 2 2 1 6 1747 1749 1748
3842 2 2 1 6 1691 1796 1791
3843 2 2 1 6 1966 2052 1978
3844 2 2 1 6 2025 2109 1655
3845 2 2 1 6 1661 1912 246
3846 2 2 1 6 1657 2103 1920
3847 2 2 1 6 1870 1940 1862
3848 2 2 1 6 1746 1833 1744
3849 2 2 1 6 1742 1840 1741
3850 2 2 1 6 1844 2074 2017
3851 2 2 1 6 1829 2054 1984
3852 2 2 1 6 2006 2105 1796
3853 2 2 1 6 1812 2045 1832
3854 2 2 1 6 2019 2093 1900
3855 2 2 1 6 1927 2074 1710
3856 2 2 1 6 1792 1884 1865
3857 2 2 1 6 1807 1886 1772
3858 2 2 1 6 1655 2056 261
3859 2 2 1 6 1887 1888 1886
3860 2 2 1 6 1660 2075 281
3861 2 2 1 6 1810 1834 1808
3862 2 2 1 6 245 2097 1661
3863 2 2 1 6 1709 2016 1712
3864 2 2 1 6 1846 2020 1906
3865 2 2 1 6 1935 2066 1905
3866 2 2 1 6 1758 1761 1756
3867 2 2 1 6 1846 1905 1803
3868 2 2 1 6 1883 2111 2022
3869 2 2 1 6 1843 2067 2009
3870 2 2 1 6 1659 2061 272
3871 2 2 1 6 1652 2072 1943
3872 2 2 1 6 1650 1923 266
3873 2 2 1 6 1764 1772 1753
3874 2 2 1 6 1775 2032 1931
3875 2 2 1 6 1751 1769 1749
3876 2 2 1 6 2025 2112 1890
3877 2 2 1 6 1712 1742 1741
3878 2 2 1 6 280 2075 1999
3879 2 2 1 6 1712 2016 1743
3880 2 2 1 6 1863 1870 1862
3881 2 2 1 6 1840 1896 1850
3882 2 2 1 6 1880 2113 2031
3883 2 2 1 6 1890 2109 2025
3884 2 2 1 6 1897 2063 1639
3885 2 2 1 6 1862 2017 1861
3886 2 2 1 6 1704 2027 1669
3887 2 2 1 6 1783 2032 1775
3888 2 2 1 6 1841 1869 1834
3889 2 2 1 6 2027 2065 1671
3890 2 2 1 6 1792 1885 1884
3891 2 2 1 6 1841 2069 2060
3892 2 2 1 6 1691 1804 1796
3893 2 2 1 6 1766 1768 1763
3894 2 2 1 6 1848 2070 1899
3895 2 2 1 6 1795 1797 1778
3896 2 2 1 6 1766 1770 1768
3897 2 2 1 6 1773 1807 1772
3898 2 2 1 6 1832 1867 1811
3899 2 2 1 6 1829 2090 2054
3900 2 2 1 6 2023 2101 1839
3901 2 2 1 6 1749 2030 1748
3902 2 2 1 6 175 2047 1638
3903 2 2 1 6 1804 1866 1796
3904 2 2 1 6 1989 2088 1888
3905 2 2 1 6 1885 2034 1911
3906 2 2 1 6 1743 1744 1742
3907 2 2 1 6 1745 1746 1744
3908 2 2 1 6 1747 1748 1746
3909 2 2 1 6 1933 2045 1812
3910 2 2 1 6 1885 1911 1884
3911 2 2 1 6 1898 2086 1647
3912 2 2 1 6 1804 1871 1866
3913 2 2 1 6 1791 2105 2095
3914 2 2 1 6 2042 2058 1869
3915 2 2 1 6 1770 1792 1768
3916 2 2 1 6 1923 2098 1850
3917 2 2 1 6 1807 1887 1886
3918 2 2 1 6 1642 2059 1663
3919 2 2 1 6 1776 2041 2040
3920 2 2 1 6 1661 2053 1912
3921 2 2 1 6 1869 2058 1834
3922 2 2 1 6 1940 2017 1862
3923 2 2 1 6 1943 2072 1942
3924 2 2 1 6 1671 2065 1673
3925 2 2 1 6 1833 2068 1744
3926 2 2 1 6 1902 2108 2059
3927 2 2 1 6 1665 2040 1667
3928 2 2 1 6 1999 2075 1660
3929 2 2 1 6 2090 2101 1922
3930 2 2 1 6 1747 2107 2076
3931 2 2 1 6 1968 2104 2033
3932 2 2 1 6 1810 2069 1841
3933 2 2 1 6 1853 2099 1782
3934 2 2 1 6 1838 2032 1783
3935 2 2 1 6 1797 2106 2055
3936 2 2 1 6 2058 2064 1834
3937 2 2 1 6 2050 2111 1881
3938 2 2 1 6 273 2084 8
3939 2 2 1 6 2055 2106 1885
3940 2 2 1 6 1776 2040 1665
3941 2 2 1 6 2036 2080 1767
3942 2 2 1 6 2031 2089 1892
3943 2 2 1 6 1886 2057 1772
3944 2 2 1 6 176 2081 177
3945 2 2 1 6 1991 2095 1926
3946 2 2 1 6 1637 2078 1992
3947 2 2 1 6 2031 2113 2092
3948 2 2 1 6 1667 2040 1704
3949 2 2 1 6 1769 2030 1749
3950 2 2 1 6 1857 2087 1859
3951 2 2 1 6 263 2083 1637
3952 2 2 1 6 1687 2089 1689
3953 2 2 1 6 1989 2073 1908
3954 2 2 1 6 1826 2090 1829
3955 2 2 1 6 1673 2065 1691
3956 2 2 1 6 1753 2057 1751
3957 2 2 1 6 1654 2094 2026
3958 2 2 1 6 1851 2080 2036
3959 2 2 1 6 1949 2094 1950
3960 2 2 1 6 1965 2110 2052
3961 2 2 1 6 1878 2101 2023
3962 2 2 1 6 1884 2045 1865
3963 2 2 1 6 1761 2093 2019
3964 2 2 1 6 2031 2092 1694
3965 2 2 1 6 1685 2102 1684
3966 2 2 1 6 1653 2110 1994
3967 2 2 1 6 1916 2113 1880
3968 2 2 1 6 1872 2109 1890
3969 2 2 1 6 1811 2069 1810
3970 2 2 1 6 1834 2064 1808
3971 2 2 1 6 1791 2095 1991
3972 2 2 1 6 2021 2079 1906
3973 2 2 1 6 2076 2085 1750
3974 2 2 1 6 1792 2055 1885
3975 2 2 1 6 1890 2112 1948
3976 2 2 1 6 1710 2074 2016
3977 2 2 1 6 1844 2107 1745
3978 2 2 1 6 1805 2115 1806
3979 2 2 1 6 1832 2051 1867
3980 2 2 1 6 1663 2059 1776
3981 2 2 1 6 1808 2064 1807
3982 2 2 1 6 1871 2071 1866
3983 2 2 1 6 1640 2104 1995
3984 2 2 1 6 1939 2085 1870
3985 2 2 1 6 1778 2055 1770
3986 2 2 1 6 2022 2111 1643
3987 2 2 1 6 1648 2058 2042
3988 2 2 1 6 1840 2068 1896
3989 2 2 1 6 2033 2104 1640
3990 2 2 1 6 1888 2088 1886
3991 2 2 1 6 1650 2098 1923
3992 2 2 1 6 1993 2098 1650
3993 2 2 1 6 1691 2065 1804
3994 2 2 1 6 1751 2057 1769
3995 2 2 1 6 1941 2114 2041
3996 2 2 1 6 1797 2055 1778
3997 2 2 1 6 1776 2108 2041
3998 2 2 1 6 1770 2055 1792
3999 2 2 1 6 1772 2057 1753
4000 2 2 1 6 1742 2068 1840
4001 2 2 1 6 1905 2066 1803
4002 2 2 1 6 2026 2094 1949
4003 2 2 1 6 1768 2096 1763
4004 2 2 1 6 1940 2107 1844
4005 2 2 1 6 1867 2069 1811
4006 2 2 1 6 2030 2091 1748
4007 2 2 1 6 1803 2066 1795
4008 2 2 1 6 2029 2092 1860
4009 2 2 1 6 1807 2064 1887
4010 2 2 1 6 1746 2077 1833
4011 2 2 1 6 1643 2111 2050
4012 2 2 1 6 1795 2066 1797
4013 2 2 1 6 1744 2068 1742
4014 2 2 1 6 1833 2077 1898
4015 2 2 1 6 1748 2077 1746
4016 2 2 1 6 1704 2082 2027
4017 2 2 1 6 2041 2114 2040
4018 2 2 1 6 1796 2105 1791
4019 2 2 1 6 2052 2110 1653
4020 2 2 1 6 1885 2106 2034
4021 2 2 1 6 2062 2097 188
4022 2 2 1 6 1887 2100 1888
4023 2 2 1 6 1763 2096 1760
4024 2 2 1 6 2021 2084 273
4025 2 2 1 6 2076 2107 1940
4026 2 2 1 6 1748 2091 2077
4027 2 2 1 6 1704 2114 2082
4028 2 2 1 6 2059 2108 1776
4029 2 2 1 6 2086 2091 1909
4030 2 2 1 6 2040 2114 1704
4031 2 2 1 6 2092 2113 1860
4032 2 2 1 6 2060 2103 1657
4033 2 2 1 6 1661 2097 2062
4034 2 2 1 6 2082 2114 1941
4035 2 2 1 7 2139 2165 2160
4036 2 2 1 7 2165 2234 2160
4037 2 2 1 7 337 2159 2138
4038 2 2 1 7 2219 2244 2126
4039 2 2 1 7 2143 2233 2137
4040 2 2 1 7 2144 2152 2140
4041 2 2 1 7 316 2144 2140
4042 2 2 1 7 2153 2251 2155
4043 2 2 1 7 2135 2251 2153
4044 2 2 1 7 2153 2207 2135
4045 2 2 1 7 338 2159 337
4046 2 2 1 7 2164 2192 2191
4047 2 2 1 7 2159 2160 2138
4048 2 2 1 7 2137 2212 2143
4049 2 2 1 7 2219 2248 2244
4050 2 2 1 7 292 2165 2139
4051 2 2 1 7 2140 2249 315
4052 2 2 1 7 2218 2236 2196
4053 2 2 1 7 2221 2249 2140
4054 2 2 1 7 314 2250 2143
4055 2 2 1 7 2163 2192 2164
4056 2 2 1 7 317 2144 316
4057 2 2 1 7 2137 2217 2212
4058 2 2 1 7 2161 2166 2138
4059 2 2 1 7 2143 2250 2233
4060 2 2 1 7 2160 2161 2138
4061 2 2 1 7 2142 2157 289
4062 2 2 1 7 2128 2192 2163
4063 2 2 1 7 2207 2231 2135
4064 2 2 1 7 2116 2215 2158
4065 2 2 1 7 2191 2196 2164
4066 2 2 1 7 289 2157 288
4067 2 2 1 7 2152 2248 2140
4068 2 2 1 7 342 2239 2213
4069 2 2 1 7 2213 2239 287
4070 2 2 1 7 2162 2231 2207
4071 2 2 1 7 316 2140 315
4072 2 2 1 7 314 2143 313
4073 2 2 1 7 2217 2240 2212
4074 2 2 1 7 2160 2234 2161
4075 2 2 1 7 2154 2158 2149
4076 2 2 1 7 2117 2144 317
4077 2 2 1 7 2163 2211 2128
4078 2 2 1 7 2118 2236 2218
4079 2 2 1 7 2153 2154 2149
4080 2 2 1 7 2141 2159 338
4081 2 2 1 7 2158 2240 2116
4082 2 2 1 7 2160 2245 2139
4083 2 2 1 7 2196 2236 2164
4084 2 2 1 7 2117 2145 2144
4085 2 2 1 7 341 2157 340
4086 2 2 1 7 290 2142 289
4087 2 2 1 7 339 2141 338
4088 2 2 1 7 292 2139 291
4089 2 2 1 7 337 2138 336
4090 2 2 1 7 2138 2166 336
4091 2 2 1 7 2128 2211 320
4092 2 2 1 7 2147 2149 2145
4093 2 2 1 7 2212 2241 2143
4094 2 2 1 7 2161 2238 2166
4095 2 2 1 7 2142 2246 2157
4096 2 2 1 7 2159 2245 2160
4097 2 2 1 7 2118 2231 2162
4098 2 2 1 7 294 2127 293
4099 2 2 1 7 295 2167 294
4100 2 2 1 7 2125 2167 295
4101 2 2 1 7 318 2117 317
4102 2 2 1 7 2191 2220 2196
4103 2 2 1 7 2147 2153 2149
4104 2 2 1 7 2196 2220 2119
4105 2 2 1 7 2153 2155 2154
4106 2 2 1 7 294 2167 2127
4107 2 2 1 7 313 2241 312
4108 2 2 1 7 291 2156 290
4109 2 2 1 7 2136 2238 2237
4110 2 2 1 7 2162 2236 2118
4111 2 2 1 7 342 2213 341
4112 2 2 1 7 288 2213 287
4113 2 2 1 7 293 2165 292
4114 2 2 1 7 2156 2252 290
4115 2 2 1 7 2125 2168 2167
4116 2 2 1 7 340 2242 339
4117 2 2 1 7 2147 2207 2153
4118 2 2 1 7 336 2166 335
4119 2 2 1 7 2174 2232 2216
4120 2 2 1 7 320 2211 319
4121 2 2 1 7 2125 2169 2168
4122 2 2 1 7 335 2166 2136
4123 2 2 1 7 312 2135 311
4124 2 2 1 7 2215 2244 2158
4125 2 2 1 7 14 2239 13
4126 2 2 1 7 2146 2208 2150
4127 2 2 1 7 2150 2211 2163
4128 2 2 1 7 322 2193 321
4129 2 2 1 7 2169 2171 2170
4130 2 2 1 7 2117 2208 2146
4131 2 2 1 7 2190 2191 2189
4132 2 2 1 7 2128 2193 2192
4133 2 2 1 7 321 2193 2128
4134 2 2 1 7 2129 2193 322
4135 2 2 1 7 2188 2189 2129
4136 2 2 1 7 2194 2195 2185
4137 2 2 1 7 2188 2190 2189
4138 2 2 1 7 2169 2170 2168
4139 2 2 1 7 2191 2192 2189
4140 2 2 1 7 2189 2193 2129
4141 2 2 1 7 2208 2211 2150
4142 2 2 1 7 2185 2195 2184
4143 2 2 1 7 2184 2195 2130
4144 2 2 1 7 2187 2195 2188
4145 2 2 1 7 2130 2195 2187
4146 2 2 1 7 2188 2195 2194
4147 2 2 1 7 2176 2177 2175
4148 2 2 1 7 2130 2198 2184
4149 2 2 1 7 2178 2179 2131
4150 2 2 1 7 325 2198 2130
4151 2 2 1 7 331 2173 2133
4152 2 2 1 7 327 2178 2131
4153 2 2 1 7 2130 2187 324
4154 2 2 1 7 2133 2186 330
4155 2 2 1 7 2180 2198 2131
4156 2 2 1 7 2184 2198 2180
4157 2 2 1 7 2179 2181 2180
4158 2 2 1 7 2187 2188 2129
4159 2 2 1 7 2179 2180 2131
4160 2 2 1 7 2181 2183 2180
4161 2 2 1 7 2178 2204 2179
4162 2 2 1 7 2132 2178 328
4163 2 2 1 7 329 2186 2132
4164 2 2 1 7 323 2187 2129
4165 2 2 1 7 2134 2173 332
4166 2 2 1 7 333 2134 332
4167 2 2 1 7 331 2133 330
4168 2 2 1 7 323 2129 322
4169 2 2 1 7 329 2132 328
4170 2 2 1 7 325 2130 324
4171 2 2 1 7 327 2131 326
4172 2 2 1 7 321 2128 320
4173 2 2 1 7 328 2178 327
4174 2 2 1 7 330 2186 329
4175 2 2 1 7 324 2187 323
4176 2 2 1 7 332 2173 331
4177 2 2 1 7 2183 2185 2184
4178 2 2 1 7 2131 2198 326
4179 2 2 1 7 326 2198 325
4180 2 2 1 7 2132 2204 2178
4181 2 2 1 7 2183 2184 2180
4182 2 2 1 7 296 2125 295
4183 2 2 1 7 306 2120 305
4184 2 2 1 7 310 2118 309
4185 2 2 1 7 304 2121 303
4186 2 2 1 7 299 2199 298
4187 2 2 1 7 301 2203 300
4188 2 2 1 7 302 2122 301
4189 2 2 1 7 300 2123 299
4190 2 2 1 7 308 2119 307
4191 2 2 1 7 298 2124 297
4192 2 2 1 7 305 2200 304
4193 2 2 1 7 307 2201 306
4194 2 2 1 7 303 2202 302
4195 2 2 1 7 2179 2204 2182
4196 2 2 1 7 2179 2182 2181
4197 2 2 1 7 2120 2200 305
4198 2 2 1 7 306 2201 2120
4199 2 2 1 7 300 2203 2123
4200 2 2 1 7 298 2199 2124
4201 2 2 1 7 2122 2203 301
4202 2 2 1 7 2121 2202 303
4203 2 2 1 7 302 2202 2122
4204 2 2 1 7 2123 2199 299
4205 2 2 1 7 304 2200 2121
4206 2 2 1 7 2119 2201 307
4207 2 2 1 7 2175 2186 2133
4208 2 2 1 7 2174 2176 2175
4209 2 2 1 7 2188 2194 2190
4210 2 2 1 7 2177 2206 2175
4211 2 2 1 7 2205 2206 2177
4212 2 2 1 7 2186 2206 2132
4213 2 2 1 7 2132 2206 2204
4214 2 2 1 7 2204 2205 2182
4215 2 2 1 7 2174 2175 2133
4216 2 2 1 7 2204 2206 2205
4217 2 2 1 7 2175 2206 2186
4218 2 2 1 7 2173 2174 2133
4219 2 2 1 7 2192 2193 2189
4220 2 2 1 7 2148 2207 2147
4221 2 2 1 7 318 2208 2117
4222 2 2 1 7 2157 2246 340
4223 2 2 1 7 333 2197 2134
4224 2 2 1 7 334 2197 333
4225 2 2 1 7 335 2136 334
4226 2 2 1 7 2170 2172 2168
4227 2 2 1 7 290 2252 2142
4228 2 2 1 7 2125 2210 2169
4229 2 2 1 7 2124 2210 297
4230 2 2 1 7 296 2210 2125
4231 2 2 1 7 2136 2197 334
4232 2 2 1 7 319 2208 318
4233 2 2 1 7 2151 2162 2148
4234 2 2 1 7 2155 2241 2212
4235 2 2 1 7 2162 2207 2148
4236 2 2 1 7 2163 2164 2151
4237 2 2 1 7 2146 2147 2145
4238 2 2 1 7 2155 2212 2154
4239 2 2 1 7 2135 2231 311
4240 2 2 1 7 297 2210 296
4241 2 2 1 7 2216 2232 2171
4242 2 2 1 7 319 2211 2208
4243 2 2 1 7 2150 2163 2151
4244 2 2 1 7 2168 2209 2167
4245 2 2 1 7 2118 2218 309
4246 2 2 1 7 308 2218 2119
4247 2 2 1 7 2119 2218 2196
4248 2 2 1 7 2150 2151 2148
4249 2 2 1 7 2237 2238 2172
4250 2 2 1 7 2146 2150 2148
4251 2 2 1 7 310 2231 2118
4252 2 2 1 7 2167 2209 2127
4253 2 2 1 7 2172 2209 2168
4254 2 2 1 7 2117 2146 2145
4255 2 2 1 7 2154 2240 2158
4256 2 2 1 7 2124 2214 2210
4257 2 2 1 7 2173 2232 2174
4258 2 2 1 7 2146 2148 2147
4259 2 2 1 7 2149 2253 2145
4260 2 2 1 7 2169 2214 2171
4261 2 2 1 7 2210 2214 2169
4262 2 2 1 7 2197 2235 2134
4263 2 2 1 7 2174 2216 2176
4264 2 2 1 7 2126 2244 2215
4265 2 2 1 7 309 2218 308
4266 2 2 1 7 2214 2230 2216
4267 2 2 1 7 2124 2230 2214
4268 2 2 1 7 2243 2253 2149
4269 2 2 1 7 2190 2220 2191
4270 2 2 1 7 2136 2237 2197
4271 2 2 1 7 2119 2220 2201
4272 2 2 1 7 2185 2223 2194
4273 2 2 1 7 2194 2222 2190
4274 2 2 1 7 2190 2222 2220
4275 2 2 1 7 2194 2223 2222
4276 2 2 1 7 2222 2223 2120
4277 2 2 1 7 2201 2222 2120
4278 2 2 1 7 2220 2222 2201
4279 2 2 1 7 2120 2223 2200
4280 2 2 1 7 2181 2225 2183
4281 2 2 1 7 2182 2226 2181
4282 2 2 1 7 2183 2224 2185
4283 2 2 1 7 2181 2226 2225
4284 2 2 1 7 2183 2225 2224
4285 2 2 1 7 2182 2228 2226
4286 2 2 1 7 2227 2228 2205
4287 2 2 1 7 2205 2228 2182
4288 2 2 1 7 2223 2224 2200
4289 2 2 1 7 2185 2224 2223
4290 2 2 1 7 2176 2229 2177
4291 2 2 1 7 2200 2224 2121
4292 2 2 1 7 2121 2225 2202
4293 2 2 1 7 2224 2225 2121
4294 2 2 1 7 2203 2227 2123
4295 2 2 1 7 2202 2226 2122
4296 2 2 1 7 2225 2226 2202
4297 2 2 1 7 2122 2228 2203
4298 2 2 1 7 2226 2228 2122
4299 2 2 1 7 2176 2230 2229
4300 2 2 1 7 2203 2228 2227
4301 2 2 1 7 2177 2227 2205
4302 2 2 1 7 2177 2229 2227
4303 2 2 1 7 2227 2229 2123
4304 2 2 1 7 2123 2229 2199
4305 2 2 1 7 2199 2230 2124
4306 2 2 1 7 2229 2230 2199
4307 2 2 1 7 2157 2213 288
4308 2 2 1 7 311 2231 310
4309 2 2 1 7 22 2217 23
4310 2 2 1 7 2151 2236 2162
4311 2 2 1 7 2244 2248 2152
4312 2 2 1 7 2171 2235 2170
4313 2 2 1 7 2134 2232 2173
4314 2 2 1 7 2214 2216 2171
4315 2 2 1 7 287 2239 14
4316 2 2 1 7 20 2215 21
4317 2 2 1 7 13 2239 342
4318 2 2 1 7 315 2249 1
4319 2 2 1 7 2 2250 314
4320 2 2 1 7 19 2126 20
4321 2 2 1 7 2209 2234 2127
4322 2 2 1 7 2127 2165 293
4323 2 2 1 7 21 2116 22
4324 2 2 1 7 2216 2230 2176
4325 2 2 1 7 2139 2156 291
4326 2 2 1 7 2197 2237 2235
4327 2 2 1 7 18 2219 19
4328 2 2 1 7 2245 2252 2156
4329 2 2 1 7 17 2221 18
4330 2 2 1 7 341 2213 2157
4331 2 2 1 7 24 2233 25
4332 2 2 1 7 2232 2235 2171
4333 2 2 1 7 2141 2252 2245
4334 2 2 1 7 2127 2234 2165
4335 2 2 1 7 2145 2253 2144
4336 2 2 1 7 23 2137 24
4337 2 2 1 7 2164 2236 2151
4338 2 2 1 7 2212 2240 2154
4339 2 2 1 7 2170 2237 2172
4340 2 2 1 7 2241 2251 312
4341 2 2 1 7 2166 2238 2136
4342 2 2 1 7 2134 2235 2232
4343 2 2 1 7 2144 2253 2152
4344 2 2 1 7 2235 2237 2170
4345 2 2 1 7 2141 2245 2159
4346 2 2 1 7 2126 2215 20
4347 2 2 1 7 2158 2243 2149
4348 2 2 1 7 21 2215 2116
4349 2 2 1 7 19 2219 2126
4350 2 2 1 7 2116 2217 22
4351 2 2 1 7 23 2217 2137
4352 2 2 1 7 312 2251 2135
4353 2 2 1 7 18 2221 2219
4354 2 2 1 7 2137 2233 24
4355 2 2 1 7 340 2246 2242
4356 2 2 1 7 2209 2247 2234
4357 2 2 1 7 2221 2248 2219
4358 2 2 1 7 17 2249 2221
4359 2 2 1 7 2233 2250 25
4360 2 2 1 7 339 2242 2141
4361 2 2 1 7 2161 2247 2238
4362 2 2 1 7 2143 2241 313
4363 2 2 1 7 2116 2240 2217
4364 2 2 1 7 2140 2248 2221
4365 2 2 1 7 2172 2247 2209
4366 2 2 1 7 25 2250 2
4367 2 2 1 7 1 2249 17
4368 2 2 1 7 2234 2247 2161
4369 2 2 1 7 2139 2245 2156
4370 2 2 1 7 2238 2247 2172
4371 2 2 1 7 2243 2244 2152
4372 2 2 1 7 2158 2244 2243
4373 2 2 1 7 2152 2253 2243
4374 2 2 1 7 2242 2252 2141
4375 2 2 1 7 2155 2251 2241
4376 2 2 1 7 2242 2246 2142
4377 2 2 1 7 2142 2252 2242
4378 2 2 1 8 2278 2304 2263
4379 2 2 1 8 292 2274 2272
4380 2 2 1 8 2254 2328 2273
4381 2 2 1 8 2280 2311 2281
4382 2 2 1 8 291 2274 292
4383 2 2 1 8 2273 2301 2254
4384 2 2 1 8 2282 2306 313
4385 2 2 1 8 2274 2304 2272
4386 2 2 1 8 2276 2282 2255
4387 2 2 1 8 2281 2311 2265
4388 2 2 1 8 348 2304 2274
4389 2 2 1 8 2272 2304 2278
4390 2 2 1 8 306 2308 2289
4391 2 2 1 8 2289 2309 306
4392 2 2 1 8 2282 2302 2264
4393 2 2 1 8 370 2330 2273
4394 2 2 1 8 2255 2281 2276
4395 2 2 1 8 368 2275 2265
4396 2 2 1 8 2275 2281 2265
4397 2 2 1 8 2255 2282 313
4398 2 2 1 8 2273 2330 2301
4399 2 2 1 8 290 2305 2277
4400 2 2 1 8 2280 2281 2255
4401 2 2 1 8 2273 2328 2276
4402 2 2 1 8 2277 2305 346
4403 2 2 1 8 287 2327 288
4404 2 2 1 8 344 2327 343
4405 2 2 1 8 370 2273 369
4406 2 2 1 8 290 2277 291
4407 2 2 1 8 2272 2278 293
4408 2 2 1 8 291 2277 2274
4409 2 2 1 8 312 2255 313
4410 2 2 1 8 348 2274 347
4411 2 2 1 8 292 2272 293
4412 2 2 1 8 313 2306 314
4413 2 2 1 8 312 2280 2255
4414 2 2 1 8 293 2278 294
4415 2 2 1 8 350 2263 349
4416 2 2 1 8 2307 2322 2287
4417 2 2 1 8 309 2324 2310
4418 2 2 1 8 294 2283 295
4419 2 2 1 8 369 2275 368
4420 2 2 1 8 295 2283 2262
4421 2 2 1 8 2282 2328 2302
4422 2 2 1 8 350 2279 2263
4423 2 2 1 8 2278 2283 294
4424 2 2 1 8 311 2280 312
4425 2 2 1 8 347 2277 346
4426 2 2 1 8 2258 2280 311
4427 2 2 1 8 349 2304 348
4428 2 2 1 8 2257 2322 2307
4429 2 2 1 8 2310 2324 2286
4430 2 2 1 8 368 2265 367
4431 2 2 1 8 365 2285 2267
4432 2 2 1 8 2285 2286 2267
4433 2 2 1 8 366 2285 365
4434 2 2 1 8 2284 2285 366
4435 2 2 1 8 2265 2284 367
4436 2 2 1 8 2259 2290 298
4437 2 2 1 8 297 2259 298
4438 2 2 1 8 2269 2294 354
4439 2 2 1 8 2288 2289 2268
4440 2 2 1 8 2287 2288 363
4441 2 2 1 8 295 2262 296
4442 2 2 1 8 304 2291 2256
4443 2 2 1 8 361 2293 360
4444 2 2 1 8 360 2293 2266
4445 2 2 1 8 364 2287 363
4446 2 2 1 8 299 2290 2260
4447 2 2 1 8 2267 2287 364
4448 2 2 1 8 362 2288 2268
4449 2 2 1 8 2268 2293 361
4450 2 2 1 8 362 2268 361
4451 2 2 1 8 303 2291 304
4452 2 2 1 8 360 2266 359
4453 2 2 1 8 365 2267 364
4454 2 2 1 8 357 2298 2270
4455 2 2 1 8 303 2300 2291
4456 2 2 1 8 296 2297 297
4457 2 2 1 8 297 2297 2259
4458 2 2 1 8 298 2290 299
4459 2 2 1 8 299 2260 300
4460 2 2 1 8 2260 2296 300
4461 2 2 1 8 301 2261 302
4462 2 2 1 8 358 2298 357
4463 2 2 1 8 2262 2297 296
4464 2 2 1 8 302 2300 303
4465 2 2 1 8 2266 2295 359
4466 2 2 1 8 304 2256 305
4467 2 2 1 8 307 2257 308
4468 2 2 1 8 310 2258 311
4469 2 2 1 8 363 2288 362
4470 2 2 1 8 301 2296 2261
4471 2 2 1 8 359 2295 358
4472 2 2 1 8 2295 2298 358
4473 2 2 1 8 355 2269 354
4474 2 2 1 8 356 2299 355
4475 2 2 1 8 357 2270 356
4476 2 2 1 8 2270 2299 356
4477 2 2 1 8 353 2271 352
4478 2 2 1 8 355 2299 2269
4479 2 2 1 8 353 2294 2271
4480 2 2 1 8 300 2296 301
4481 2 2 1 8 354 2294 353
4482 2 2 1 8 2261 2300 302
4483 2 2 1 8 367 2284 366
4484 2 2 1 8 2264 2306 2282
4485 2 2 1 8 2273 2276 2275
4486 2 2 1 8 351 2279 350
4487 2 2 1 8 352 2292 351
4488 2 2 1 8 2271 2292 352
4489 2 2 1 8 351 2292 2279
4490 2 2 1 8 2264 2331 2306
4491 2 2 1 8 289 2305 290
4492 2 2 1 8 346 2305 345
4493 2 2 1 8 2263 2329 2278
4494 2 2 1 8 2267 2307 2287
4495 2 2 1 8 305 2308 306
4496 2 2 1 8 306 2309 307
4497 2 2 1 8 309 2310 310
4498 2 2 1 8 2285 2321 2286
4499 2 2 1 8 289 2325 2305
4500 2 2 1 8 2305 2325 345
4501 2 2 1 8 2288 2322 2289
4502 2 2 1 8 2289 2323 2268
4503 2 2 1 8 2257 2324 308
4504 2 2 1 8 103 2254 104
4505 2 2 1 8 288 2325 289
4506 2 2 1 8 345 2325 344
4507 2 2 1 8 5 2330 370
4508 2 2 1 8 314 2331 2
4509 2 2 1 8 2273 2275 369
4510 2 2 1 8 104 2301 105
4511 2 2 1 8 2276 2281 2275
4512 2 2 1 8 101 2264 102
4513 2 2 1 8 2274 2277 347
4514 2 2 1 8 102 2302 103
4515 2 2 1 8 287 2303 343
4516 2 2 1 8 15 2303 14
4517 2 2 1 8 2306 2331 314
4518 2 2 1 8 2263 2304 349
4519 2 2 1 8 2258 2311 2280
4520 2 2 1 8 2286 2321 2310
4521 2 2 1 8 2307 2324 2257
4522 2 2 1 8 2289 2322 2309
4523 2 2 1 8 2308 2323 2289
4524 2 2 1 8 2276 2328 2282
4525 2 2 1 8 2286 2307 2267
4526 2 2 1 8 2256 2308 305
4527 2 2 1 8 307 2309 2257
4528 2 2 1 8 310 2310 2258
4529 2 2 1 8 2265 2311 2284
4530 2 2 1 8 2311 2321 2284
4531 2 2 1 8 2258 2321 2311
4532 2 2 1 8 2283 2326 2262
4533 2 2 1 8 2264 2302 102
4534 2 2 1 8 2314 2323 2256
4535 2 2 1 8 2313 2314 2291
4536 2 2 1 8 2290 2317 2260
4537 2 2 1 8 2291 2314 2256
4538 2 2 1 8 2312 2317 2290
4539 2 2 1 8 2315 2317 2299
4540 2 2 1 8 2266 2314 2313
4541 2 2 1 8 2316 2318 2261
4542 2 2 1 8 2298 2318 2316
4543 2 2 1 8 2269 2317 2312
4544 2 2 1 8 2297 2320 2319
4545 2 2 1 8 2266 2313 2295
4546 2 2 1 8 2260 2317 2315
4547 2 2 1 8 2296 2316 2261
4548 2 2 1 8 2300 2313 2291
4549 2 2 1 8 2270 2315 2299
4550 2 2 1 8 2298 2316 2270
4551 2 2 1 8 2259 2312 2290
4552 2 2 1 8 2295 2318 2298
4553 2 2 1 8 2293 2314 2266
4554 2 2 1 8 2294 2319 2271
4555 2 2 1 8 2269 2312 2294
4556 2 2 1 8 2299 2317 2269
4557 2 2 1 8 2260 2315 2296
4558 2 2 1 8 2297 2319 2259
4559 2 2 1 8 2319 2320 2271
4560 2 2 1 8 2315 2316 2296
4561 2 2 1 8 2262 2320 2297
4562 2 2 1 8 2313 2318 2295
4563 2 2 1 8 2261 2318 2300
4564 2 2 1 8 2300 2318 2313
4565 2 2 1 8 2259 2319 2312
4566 2 2 1 8 2270 2316 2315
4567 2 2 1 8 2312 2319 2294
4568 2 2 1 8 2284 2321 2285
4569 2 2 1 8 2293 2323 2314
4570 2 2 1 8 2287 2322 2288
4571 2 2 1 8 2268 2323 2293
4572 2 2 1 8 308 2324 309
4573 2 2 1 8 2254 2301 104
4574 2 2 1 8 103 2302 2254
4575 2 2 1 8 2271 2320 2292
4576 2 2 1 8 344 2325 288
4577 2 2 1 8 2279 2329 2263
4578 2 2 1 8 2292 2326 2279
4579 2 2 1 8 2326 2329 2279
4580 2 2 1 8 343 2327 287
4581 2 2 1 8 288 2327 344
4582 2 2 1 8 2283 2329 2326
4583 2 2 1 8 101 2331 2264
4584 2 2 1 8 2262 2326 2320
4585 2 2 1 8 2301 2330 105
4586 2 2 1 8 2320 2326 2292
4587 2 2 1 8 2278 2329 2283
4588 2 2 1 8 105 2330 5
4589 2 2 1 8 2 2331 101
4590 2 2 1 8 2286 2324 2307
4591 2 2 1 8 2309 2322 2257
4592 2 2 1 8 2256 2323 2308
4593 2 2 1 8 2310 2321 2258
4594 2 2 1 8 2302 2328 2254
4595 2 2 1 8 14 2303 287
4596 2 2 1 8 343 2303 15
4597 2 2 1 9 2467 2596 2576
4598 2 2 1 9 2555 2591 2590
4599 2 2 1 9 2342 2630 2608
4600 2 2 1 9 2596 2647 2576
4601 2 2 1 9 2584 2717 372
4602 2 2 1 9 2350 2594 2593
4603 2 2 1 9 2546 2635 2545
4604 2 2 1 9 2644 2692 2332
4605 2 2 1 9 2635 2783 2701
4606 2 2 1 9 2588 2625 2345
4607 2 2 1 9 2623 2703 2346
4608 2 2 1 9 2555 2590 2493
4609 2 2 1 9 2350 2613 2594
4610 2 2 1 9 2713 2729 2458
4611 2 2 1 9 2458 2729 2446
4612 2 2 1 9 164 2730 7
4613 2 2 1 9 2712 2785 2713
4614 2 2 1 9 2346 2703 2615
4615 2 2 1 9 2608 2616 2342
4616 2 2 1 9 2446 2729 2447
4617 2 2 1 9 2746 2756 2503
4618 2 2 1 9 2644 2711 2692
4619 2 2 1 9 372 2732 2584
4620 2 2 1 9 2668 2802 2631
4621 2 2 1 9 2613 2738 2594
4622 2 2 1 9 2585 2684 2347
4623 2 2 1 9 372 2717 371
4624 2 2 1 9 345 2617 2343
4625 2 2 1 9 2589 2625 2588
4626 2 2 1 9 2602 2606 2604
4627 2 2 1 9 2718 2803 2622
4628 2 2 1 9 2546 2782 2635
4629 2 2 1 9 2634 2729 2713
4630 2 2 1 9 2467 2797 2596
4631 2 2 1 9 2635 2701 2545
4632 2 2 1 9 2581 2654 2340
4633 2 2 1 9 2600 2609 2603
4634 2 2 1 9 2567 2803 2718
4635 2 2 1 9 2615 2761 2346
4636 2 2 1 9 2608 2730 2616
4637 2 2 1 9 2592 2760 2486
4638 2 2 1 9 2590 2592 2486
4639 2 2 1 9 384 2730 2607
4640 2 2 1 9 2603 2605 2602
4641 2 2 1 9 2614 2738 2613
4642 2 2 1 9 2606 2750 2604
4643 2 2 1 9 2609 2612 2603
4644 2 2 1 9 2503 2793 2746
4645 2 2 1 9 2572 2703 2623
4646 2 2 1 9 2462 2694 2629
4647 2 2 1 9 2442 2781 2575
4648 2 2 1 9 384 2607 383
4649 2 2 1 9 2493 2590 2490
4650 2 2 1 9 2623 2734 2572
4651 2 2 1 9 2600 2602 2601
4652 2 2 1 9 344 2617 345
4653 2 2 1 9 2563 2587 2434
4654 2 2 1 9 2712 2713 2458
4655 2 2 1 9 2364 2396 2366
4656 2 2 1 9 2582 2797 2467
4657 2 2 1 9 2462 2628 2453
4658 2 2 1 9 2340 2727 2581
4659 2 2 1 9 2364 2366 2365
4660 2 2 1 9 2366 2368 2367
4661 2 2 1 9 2665 2690 2337
4662 2 2 1 9 2356 2758 2620
4663 2 2 1 9 2362 2364 2363
4664 2 2 1 9 2442 2575 2445
4665 2 2 1 9 2575 2583 2449
4666 2 2 1 9 2449 2451 2450
4667 2 2 1 9 2445 2575 2449
4668 2 2 1 9 162 2627 2342
4669 2 2 1 9 2558 2668 2631
4670 2 2 1 9 2343 2718 2622
4671 2 2 1 9 2459 2582 2467
4672 2 2 1 9 2591 2592 2590
4673 2 2 1 9 2603 2611 2605
4674 2 2 1 9 2593 2709 2350
4675 2 2 1 9 2606 2757 2749
4676 2 2 1 9 2600 2603 2602
4677 2 2 1 9 2605 2606 2602
4678 2 2 1 9 2574 2779 2633
4679 2 2 1 9 7 2730 384
4680 2 2 1 9 2608 2609 2599
4681 2 2 1 9 373 2732 372
4682 2 2 1 9 2465 2781 2442
4683 2 2 1 9 2602 2604 2601
4684 2 2 1 9 2362 2631 2364
4685 2 2 1 9 2462 2805 2694
4686 2 2 1 9 2571 2577 2507
4687 2 2 1 9 2490 2590 2486
4688 2 2 1 9 2634 2713 2555
4689 2 2 1 9 2440 2465 2442
4690 2 2 1 9 2607 2730 2608
4691 2 2 1 9 2337 2762 2723
4692 2 2 1 9 2445 2449 2448
4693 2 2 1 9 2347 2795 2585
4694 2 2 1 9 2356 2620 2619
4695 2 2 1 9 2517 2577 2571
4696 2 2 1 9 2337 2723 2665
4697 2 2 1 9 381 2597 2341
4698 2 2 1 9 2744 2760 2755
4699 2 2 1 9 2599 2600 2598
4700 2 2 1 9 2462 2629 2628
4701 2 2 1 9 2599 2609 2600
4702 2 2 1 9 2631 2802 2396
4703 2 2 1 9 2723 2762 2573
4704 2 2 1 9 2434 2587 2436
4705 2 2 1 9 2359 2362 2361
4706 2 2 1 9 2368 2370 2369
4707 2 2 1 9 2633 2801 2574
4708 2 2 1 9 2608 2630 2609
4709 2 2 1 9 2486 2760 2464
4710 2 2 1 9 2515 2716 2584
4711 2 2 1 9 2456 2628 2582
4712 2 2 1 9 2507 2807 2571
4713 2 2 1 9 2600 2601 2598
4714 2 2 1 9 2520 2638 2610
4715 2 2 1 9 2396 2787 2366
4716 2 2 1 9 2610 2728 2520
4717 2 2 1 9 2352 2599 2598
4718 2 2 1 9 2585 2708 2684
4719 2 2 1 9 2440 2792 2780
4720 2 2 1 9 2352 2598 2597
4721 2 2 1 9 2746 2758 2745
4722 2 2 1 9 2436 2539 2438
4723 2 2 1 9 2453 2628 2456
4724 2 2 1 9 2703 2774 2615
4725 2 2 1 9 2627 2759 2342
4726 2 2 1 9 2366 2721 2368
4727 2 2 1 9 2345 2773 2588
4728 2 2 1 9 2467 2576 2476
4729 2 2 1 9 2372 2639 2371
4730 2 2 1 9 2368 2369 2367
4731 2 2 1 9 2620 2793 2619
4732 2 2 1 9 374 2619 2344
4733 2 2 1 9 2449 2450 2448
4734 2 2 1 9 2364 2365 2363
4735 2 2 1 9 2366 2367 2365
4736 2 2 1 9 2576 2783 2635
4737 2 2 1 9 2629 2694 2642
4738 2 2 1 9 2536 2694 2632
4739 2 2 1 9 2632 2694 2583
4740 2 2 1 9 2495 2634 2555
4741 2 2 1 9 2492 2493 2490
4742 2 2 1 9 159 2624 2358
4743 2 2 1 9 2715 2781 2465
4744 2 2 1 9 2436 2587 2539
4745 2 2 1 9 2449 2805 2451
4746 2 2 1 9 2495 2555 2493
4747 2 2 1 9 2335 2734 2623
4748 2 2 1 9 2563 2725 2587
4749 2 2 1 9 2362 2363 2361
4750 2 2 1 9 2617 2786 2775
4751 2 2 1 9 2438 2792 2440
4752 2 2 1 9 2692 2711 2351
4753 2 2 1 9 2575 2632 2583
4754 2 2 1 9 383 2607 2352
4755 2 2 1 9 2605 2769 2606
4756 2 2 1 9 2352 2597 382
4757 2 2 1 9 2465 2790 2715
4758 2 2 1 9 2371 2639 2430
4759 2 2 1 9 2456 2582 2459
4760 2 2 1 9 2459 2467 2466
4761 2 2 1 9 2646 2650 2336
4762 2 2 1 9 2537 2703 2538
4763 2 2 1 9 2382 2725 2719
4764 2 2 1 9 383 2352 382
4765 2 2 1 9 162 2342 163
4766 2 2 1 9 343 2355 344
4767 2 2 1 9 2619 2633 2344
4768 2 2 1 9 2583 2805 2449
4769 2 2 1 9 2702 2758 2356
4770 2 2 1 9 2694 2805 2583
4771 2 2 1 9 2607 2608 2599
4772 2 2 1 9 2430 2563 2434
4773 2 2 1 9 368 2621 369
4774 2 2 1 9 2358 2776 2733
4775 2 2 1 9 2616 2730 164
4776 2 2 1 9 160 2338 161
4777 2 2 1 9 2355 2617 344
4778 2 2 1 9 2713 2785 2591
4779 2 2 1 9 2375 2639 2372
4780 2 2 1 9 2333 2614 2613
4781 2 2 1 9 2587 2763 2539
4782 2 2 1 9 2611 2720 2605
4783 2 2 1 9 2332 2766 2644
4784 2 2 1 9 2628 2739 2582
4785 2 2 1 9 369 2357 370
4786 2 2 1 9 2624 2776 2358
4787 2 2 1 9 160 2358 2338
4788 2 2 1 9 2595 2709 2593
4789 2 2 1 9 2451 2462 2453
4790 2 2 1 9 2716 2717 2584
4791 2 2 1 9 2370 2371 2369
4792 2 2 1 9 345 2343 346
4793 2 2 1 9 2711 2765 2351
4794 2 2 1 9 2356 2619 375
4795 2 2 1 9 2719 2725 2563
4796 2 2 1 9 2597 2808 2341
4797 2 2 1 9 159 2358 160
4798 2 2 1 9 2451 2452 2450
4799 2 2 1 9 2615 2774 2614
4800 2 2 1 9 2755 2760 2592
4801 2 2 1 9 2370 2372 2371
4802 2 2 1 9 2619 2793 2633
4803 2 2 1 9 376 2356 375
4804 2 2 1 9 374 2344 373
4805 2 2 1 9 2741 2768 2562
4806 2 2 1 9 2598 2637 2597
4807 2 2 1 9 2606 2769 2757
4808 2 2 1 9 161 2627 162
4809 2 2 1 9 2614 2774 2705
4810 2 2 1 9 381 2341 380
4811 2 2 1 9 369 2621 2357
4812 2 2 1 9 2589 2626 2625
4813 2 2 1 9 2368 2688 2370
4814 2 2 1 9 2343 2622 346
4815 2 2 1 9 2562 2791 2741
4816 2 2 1 9 2517 2718 2577
4817 2 2 1 9 2520 2728 2634
4818 2 2 1 9 2555 2713 2591
4819 2 2 1 9 2393 2714 2363
4820 2 2 1 9 2635 2782 2510
4821 2 2 1 9 2617 2775 2343
4822 2 2 1 9 382 2597 381
4823 2 2 1 9 146 2354 147
4824 2 2 1 9 2642 2707 2629
4825 2 2 1 9 2633 2779 2344
4826 2 2 1 9 2451 2453 2452
4827 2 2 1 9 379 2353 378
4828 2 2 1 9 375 2619 374
4829 2 2 1 9 2579 2792 2771
4830 2 2 1 9 2345 2625 2621
4831 2 2 1 9 2363 2714 2361
4832 2 2 1 9 346 2622 347
4833 2 2 1 9 2744 2755 2754
4834 2 2 1 9 2650 2747 2336
4835 2 2 1 9 2763 2771 2539
4836 2 2 1 9 2341 2710 380
4837 2 2 1 9 2749 2750 2606
4838 2 2 1 9 2430 2639 2563
4839 2 2 1 9 347 2335 348
4840 2 2 1 9 2358 2359 2338
4841 2 2 1 9 2371 2430 2377
4842 2 2 1 9 2625 2740 2621
4843 2 2 1 9 2538 2703 2572
4844 2 2 1 9 163 2616 164
4845 2 2 1 9 2333 2615 2614
4846 2 2 1 9 148 2636 2348
4847 2 2 1 9 2364 2631 2396
4848 2 2 1 9 2746 2793 2620
4849 2 2 1 9 2467 2476 2466
4850 2 2 1 9 2345 2621 368
4851 2 2 1 9 2370 2373 2372
4852 2 2 1 9 366 2772 2618
4853 2 2 1 9 2352 2607 2599
4854 2 2 1 9 2618 2773 366
4855 2 2 1 9 349 2346 350
4856 2 2 1 9 2636 2804 2626
4857 2 2 1 9 2440 2780 2465
4858 2 2 1 9 2430 2434 2431
4859 2 2 1 9 157 2334 158
4860 2 2 1 9 15 2743 343
4861 2 2 1 9 378 2702 377
4862 2 2 1 9 2359 2733 2362
4863 2 2 1 9 2489 2490 2486
4864 2 2 1 9 2491 2492 2490
4865 2 2 1 9 2362 2777 2631
4866 2 2 1 9 2687 2696 2497
4867 2 2 1 9 2353 2702 378
4868 2 2 1 9 2687 2691 2553
4869 2 2 1 9 2373 2374 2372
4870 2 2 1 9 2553 2691 2554
4871 2 2 1 9 348 2623 349
4872 2 2 1 9 2520 2634 2495
4873 2 2 1 9 367 2345 368
4874 2 2 1 9 2699 2700 2533
4875 2 2 1 9 2697 2698 2392
4876 2 2 1 9 2683 2689 2686
4877 2 2 1 9 2373 2376 2374
4878 2 2 1 9 2374 2375 2372
4879 2 2 1 9 2612 2770 2714
4880 2 2 1 9 2591 2755 2592
4881 2 2 1 9 2374 2378 2375
4882 2 2 1 9 2373 2405 2376
4883 2 2 1 9 2757 2769 2443
4884 2 2 1 9 2553 2696 2687
4885 2 2 1 9 2632 2715 2536
4886 2 2 1 9 2378 2379 2375
4887 2 2 1 9 2405 2406 2376
4888 2 2 1 9 2378 2380 2379
4889 2 2 1 9 2405 2407 2406
4890 2 2 1 9 2406 2531 2376
4891 2 2 1 9 2434 2436 2435
4892 2 2 1 9 2405 2542 2407
4893 2 2 1 9 2380 2381 2379
4894 2 2 1 9 2407 2408 2406
4895 2 2 1 9 2378 2401 2380
4896 2 2 1 9 2401 2425 2380
4897 2 2 1 9 2407 2409 2408
4898 2 2 1 9 2381 2382 2379
4899 2 2 1 9 2409 2410 2408
4900 2 2 1 9 2401 2532 2425
4901 2 2 1 9 2381 2383 2382
4902 2 2 1 9 2383 2384 2382
4903 2 2 1 9 2532 2553 2425
4904 2 2 1 9 2410 2411 2408
4905 2 2 1 9 2381 2385 2383
4906 2 2 1 9 2409 2420 2410
4907 2 2 1 9 2409 2504 2420
4908 2 2 1 9 2410 2412 2411
4909 2 2 1 9 2553 2554 2425
4910 2 2 1 9 2385 2386 2383
4911 2 2 1 9 2504 2505 2420
4912 2 2 1 9 2385 2387 2386
4913 2 2 1 9 2412 2413 2411
4914 2 2 1 9 2387 2388 2386
4915 2 2 1 9 2504 2506 2505
4916 2 2 1 9 2412 2414 2413
4917 2 2 1 9 2412 2423 2414
4918 2 2 1 9 2414 2415 2413
4919 2 2 1 9 2504 2580 2506
4920 2 2 1 9 2506 2512 2505
4921 2 2 1 9 2387 2389 2388
4922 2 2 1 9 2669 2671 2659
4923 2 2 1 9 2391 2666 2388
4924 2 2 1 9 2388 2666 2386
4925 2 2 1 9 2415 2416 2413
4926 2 2 1 9 2423 2424 2414
4927 2 2 1 9 2512 2514 2505
4928 2 2 1 9 2506 2513 2512
4929 2 2 1 9 2389 2390 2388
4930 2 2 1 9 2387 2392 2389
4931 2 2 1 9 2389 2663 2394
4932 2 2 1 9 2657 2662 2527
4933 2 2 1 9 2389 2394 2390
4934 2 2 1 9 2513 2556 2512
4935 2 2 1 9 2423 2429 2424
4936 2 2 1 9 2415 2417 2416
4937 2 2 1 9 2390 2391 2388
4938 2 2 1 9 2395 2661 2390
4939 2 2 1 9 2392 2663 2389
4940 2 2 1 9 2429 2516 2424
4941 2 2 1 9 2415 2419 2417
4942 2 2 1 9 2394 2395 2390
4943 2 2 1 9 2417 2418 2416
4944 2 2 1 9 2417 2658 2421
4945 2 2 1 9 2390 2661 2391
4946 2 2 1 9 2516 2528 2424
4947 2 2 1 9 2417 2421 2418
4948 2 2 1 9 2394 2397 2395
4949 2 2 1 9 2429 2543 2516
4950 2 2 1 9 2418 2496 2416
4951 2 2 1 9 2419 2658 2417
4952 2 2 1 9 2421 2422 2418
4953 2 2 1 9 2394 2400 2397
4954 2 2 1 9 2397 2398 2395
4955 2 2 1 9 2429 2544 2543
4956 2 2 1 9 2516 2529 2528
4957 2 2 1 9 2402 2651 2397
4958 2 2 1 9 2398 2399 2395
4959 2 2 1 9 2544 2573 2543
4960 2 2 1 9 2400 2402 2397
4961 2 2 1 9 2529 2530 2528
4962 2 2 1 9 2421 2426 2422
4963 2 2 1 9 2648 2649 2499
4964 2 2 1 9 2398 2468 2399
4965 2 2 1 9 2397 2651 2398
4966 2 2 1 9 2525 2640 2479
4967 2 2 1 9 2529 2562 2530
4968 2 2 1 9 2426 2427 2422
4969 2 2 1 9 2518 2593 2524
4970 2 2 1 9 2421 2428 2426
4971 2 2 1 9 2586 2649 2648
4972 2 2 1 9 2400 2403 2402
4973 2 2 1 9 2474 2475 2472
4974 2 2 1 9 2509 2643 2432
4975 2 2 1 9 2432 2643 2518
4976 2 2 1 9 2479 2640 2469
4977 2 2 1 9 2500 2645 2511
4978 2 2 1 9 2529 2581 2562
4979 2 2 1 9 2470 2478 2469
4980 2 2 1 9 2475 2508 2472
4981 2 2 1 9 2551 2589 2588
4982 2 2 1 9 2518 2595 2593
4983 2 2 1 9 2518 2524 2433
4984 2 2 1 9 2427 2497 2422
4985 2 2 1 9 2540 2585 2521
4986 2 2 1 9 2482 2526 2525
4987 2 2 1 9 2534 2568 2535
4988 2 2 1 9 2568 2579 2569
4989 2 2 1 9 2391 2662 2657
4990 2 2 1 9 2403 2432 2402
4991 2 2 1 9 2511 2645 2565
4992 2 2 1 9 2400 2533 2403
4993 2 2 1 9 2508 2641 2472
4994 2 2 1 9 2481 2482 2479
4995 2 2 1 9 2526 2534 2527
4996 2 2 1 9 2468 2470 2469
4997 2 2 1 9 2500 2501 2498
4998 2 2 1 9 2526 2527 2525
4999 2 2 1 9 2428 2521 2426
5000 2 2 1 9 2524 2552 2433
5001 2 2 1 9 2499 2500 2498
5002 2 2 1 9 2509 2644 2643
5003 2 2 1 9 2568 2569 2535
5004 2 2 1 9 2569 2570 2535
5005 2 2 1 9 2511 2564 2561
5006 2 2 1 9 2474 2483 2475
5007 2 2 1 9 2499 2645 2500
5008 2 2 1 9 2469 2640 2399
5009 2 2 1 9 2478 2479 2469
5010 2 2 1 9 2471 2474 2472
5011 2 2 1 9 2478 2641 2522
5012 2 2 1 9 2432 2518 2433
5013 2 2 1 9 2500 2511 2502
5014 2 2 1 9 2549 2550 2548
5015 2 2 1 9 2645 2646 2565
5016 2 2 1 9 2468 2469 2399
5017 2 2 1 9 2428 2540 2521
5018 2 2 1 9 2468 2471 2470
5019 2 2 1 9 2511 2565 2564
5020 2 2 1 9 2551 2588 2550
5021 2 2 1 9 2541 2548 2540
5022 2 2 1 9 2432 2433 2402
5023 2 2 1 9 2403 2509 2432
5024 2 2 1 9 2470 2641 2478
5025 2 2 1 9 2474 2488 2483
5026 2 2 1 9 2478 2481 2479
5027 2 2 1 9 2522 2523 2481
5028 2 2 1 9 2549 2551 2550
5029 2 2 1 9 2427 2498 2497
5030 2 2 1 9 2482 2525 2479
5031 2 2 1 9 2526 2642 2536
5032 2 2 1 9 2534 2535 2527
5033 2 2 1 9 2500 2502 2501
5034 2 2 1 9 2511 2561 2502
5035 2 2 1 9 2585 2586 2521
5036 2 2 1 9 2428 2541 2540
5037 2 2 1 9 2586 2648 2521
5038 2 2 1 9 2502 2560 2501
5039 2 2 1 9 2518 2643 2595
5040 2 2 1 9 2482 2642 2526
5041 2 2 1 9 2427 2499 2498
5042 2 2 1 9 2541 2549 2548
5043 2 2 1 9 2472 2641 2470
5044 2 2 1 9 2478 2522 2481
5045 2 2 1 9 2526 2536 2534
5046 2 2 1 9 2508 2647 2641
5047 2 2 1 9 2588 2618 2550
5048 2 2 1 9 2593 2594 2524
5049 2 2 1 9 2471 2472 2470
5050 2 2 1 9 2499 2649 2645
5051 2 2 1 9 2641 2647 2522
5052 2 2 1 9 2521 2648 2426
5053 2 2 1 9 2426 2648 2427
5054 2 2 1 9 2427 2648 2499
5055 2 2 1 9 2652 2653 2471
5056 2 2 1 9 2645 2649 2646
5057 2 2 1 9 2649 2650 2646
5058 2 2 1 9 2586 2650 2649
5059 2 2 1 9 2433 2651 2402
5060 2 2 1 9 2552 2651 2433
5061 2 2 1 9 2468 2652 2471
5062 2 2 1 9 2474 2653 2488
5063 2 2 1 9 2552 2653 2652
5064 2 2 1 9 2543 2654 2516
5065 2 2 1 9 2418 2655 2496
5066 2 2 1 9 2516 2654 2529
5067 2 2 1 9 2422 2655 2418
5068 2 2 1 9 2398 2652 2468
5069 2 2 1 9 2594 2656 2524
5070 2 2 1 9 2471 2653 2474
5071 2 2 1 9 2552 2652 2651
5072 2 2 1 9 2651 2652 2398
5073 2 2 1 9 2524 2656 2552
5074 2 2 1 9 2497 2655 2422
5075 2 2 1 9 2653 2656 2488
5076 2 2 1 9 2529 2654 2581
5077 2 2 1 9 2552 2656 2653
5078 2 2 1 9 2535 2657 2527
5079 2 2 1 9 2421 2658 2428
5080 2 2 1 9 2570 2657 2535
5081 2 2 1 9 2428 2658 2541
5082 2 2 1 9 2419 2659 2658
5083 2 2 1 9 2658 2659 2541
5084 2 2 1 9 2541 2659 2549
5085 2 2 1 9 2423 2660 2429
5086 2 2 1 9 2429 2660 2544
5087 2 2 1 9 2399 2661 2395
5088 2 2 1 9 2527 2662 2525
5089 2 2 1 9 2640 2661 2399
5090 2 2 1 9 2640 2662 2661
5091 2 2 1 9 2661 2662 2391
5092 2 2 1 9 2525 2662 2640
5093 2 2 1 9 2413 2670 2411
5094 2 2 1 9 2394 2663 2400
5095 2 2 1 9 2400 2663 2533
5096 2 2 1 9 2414 2667 2415
5097 2 2 1 9 2664 2665 2514
5098 2 2 1 9 2512 2664 2514
5099 2 2 1 9 2556 2664 2512
5100 2 2 1 9 2657 2666 2391
5101 2 2 1 9 2424 2667 2414
5102 2 2 1 9 2530 2672 2671
5103 2 2 1 9 2415 2667 2419
5104 2 2 1 9 2530 2671 2669
5105 2 2 1 9 2570 2666 2657
5106 2 2 1 9 2528 2667 2424
5107 2 2 1 9 2562 2672 2530
5108 2 2 1 9 2580 2668 2506
5109 2 2 1 9 2506 2668 2513
5110 2 2 1 9 2416 2670 2413
5111 2 2 1 9 2659 2671 2549
5112 2 2 1 9 2667 2669 2419
5113 2 2 1 9 2528 2669 2667
5114 2 2 1 9 2530 2669 2528
5115 2 2 1 9 2419 2669 2659
5116 2 2 1 9 2496 2670 2416
5117 2 2 1 9 2549 2671 2551
5118 2 2 1 9 2671 2672 2551
5119 2 2 1 9 2551 2672 2589
5120 2 2 1 9 2570 2675 2674
5121 2 2 1 9 2420 2673 2410
5122 2 2 1 9 2383 2674 2384
5123 2 2 1 9 2423 2673 2660
5124 2 2 1 9 2570 2674 2666
5125 2 2 1 9 2410 2673 2412
5126 2 2 1 9 2386 2674 2383
5127 2 2 1 9 2674 2675 2384
5128 2 2 1 9 2412 2673 2423
5129 2 2 1 9 2666 2674 2386
5130 2 2 1 9 2514 2676 2505
5131 2 2 1 9 2569 2675 2570
5132 2 2 1 9 2673 2676 2660
5133 2 2 1 9 2514 2677 2676
5134 2 2 1 9 2420 2676 2673
5135 2 2 1 9 2505 2676 2420
5136 2 2 1 9 2665 2677 2514
5137 2 2 1 9 2676 2677 2660
5138 2 2 1 9 2660 2677 2544
5139 2 2 1 9 2670 2683 2682
5140 2 2 1 9 2542 2678 2407
5141 2 2 1 9 2504 2678 2580
5142 2 2 1 9 2407 2678 2409
5143 2 2 1 9 2380 2679 2381
5144 2 2 1 9 2425 2679 2380
5145 2 2 1 9 2554 2679 2425
5146 2 2 1 9 2409 2678 2504
5147 2 2 1 9 2381 2679 2385
5148 2 2 1 9 2387 2680 2392
5149 2 2 1 9 2554 2680 2679
5150 2 2 1 9 2406 2682 2531
5151 2 2 1 9 2679 2680 2385
5152 2 2 1 9 2670 2682 2411
5153 2 2 1 9 2408 2682 2406
5154 2 2 1 9 2682 2683 2531
5155 2 2 1 9 2385 2680 2387
5156 2 2 1 9 2678 2681 2580
5157 2 2 1 9 2542 2681 2678
5158 2 2 1 9 2411 2682 2408
5159 2 2 1 9 2496 2683 2670
5160 2 2 1 9 2370 2688 2373
5161 2 2 1 9 379 2710 2353
5162 2 2 1 9 2436 2438 2437
5163 2 2 1 9 364 2339 365
5164 2 2 1 9 148 2348 149
5165 2 2 1 9 2442 2445 2444
5166 2 2 1 9 2376 2685 2374
5167 2 2 1 9 2374 2685 2378
5168 2 2 1 9 150 2340 151
5169 2 2 1 9 2378 2685 2401
5170 2 2 1 9 2686 2689 2532
5171 2 2 1 9 2531 2685 2376
5172 2 2 1 9 2438 2440 2439
5173 2 2 1 9 2440 2442 2441
5174 2 2 1 9 2498 2687 2497
5175 2 2 1 9 2685 2686 2401
5176 2 2 1 9 2531 2686 2685
5177 2 2 1 9 2373 2688 2405
5178 2 2 1 9 2496 2689 2683
5179 2 2 1 9 2445 2448 2446
5180 2 2 1 9 2561 2700 2699
5181 2 2 1 9 363 2684 364
5182 2 2 1 9 2560 2698 2697
5183 2 2 1 9 2401 2686 2532
5184 2 2 1 9 2384 2725 2382
5185 2 2 1 9 2683 2686 2531
5186 2 2 1 9 2497 2696 2655
5187 2 2 1 9 364 2684 2339
5188 2 2 1 9 2561 2704 2700
5189 2 2 1 9 2501 2687 2498
5190 2 2 1 9 2554 2697 2680
5191 2 2 1 9 2564 2704 2561
5192 2 2 1 9 2501 2691 2687
5193 2 2 1 9 2405 2688 2542
5194 2 2 1 9 2655 2689 2496
5195 2 2 1 9 362 2347 363
5196 2 2 1 9 347 2622 2335
5197 2 2 1 9 2392 2698 2663
5198 2 2 1 9 2483 2537 2484
5199 2 2 1 9 157 2695 2334
5200 2 2 1 9 2532 2696 2553
5201 2 2 1 9 2560 2691 2501
5202 2 2 1 9 2603 2612 2611
5203 2 2 1 9 2642 2694 2536
5204 2 2 1 9 2533 2700 2403
5205 2 2 1 9 2691 2697 2554
5206 2 2 1 9 147 2636 148
5207 2 2 1 9 153 2337 154
5208 2 2 1 9 2347 2684 363
5209 2 2 1 9 2689 2696 2532
5210 2 2 1 9 2488 2705 2483
5211 2 2 1 9 2483 2705 2537
5212 2 2 1 9 156 2695 157
5213 2 2 1 9 353 2350 354
5214 2 2 1 9 356 2332 357
5215 2 2 1 9 358 2351 359
5216 2 2 1 9 351 2333 352
5217 2 2 1 9 360 2336 361
5218 2 2 1 9 357 2692 358
5219 2 2 1 9 359 2693 360
5220 2 2 1 9 2680 2697 2392
5221 2 2 1 9 2502 2699 2560
5222 2 2 1 9 2561 2699 2502
5223 2 2 1 9 2655 2696 2689
5224 2 2 1 9 2714 2770 2404
5225 2 2 1 9 2560 2697 2691
5226 2 2 1 9 2663 2698 2533
5227 2 2 1 9 155 2349 156
5228 2 2 1 9 154 2690 155
5229 2 2 1 9 2358 2733 2359
5230 2 2 1 9 146 2752 2354
5231 2 2 1 9 5 2788 145
5232 2 2 1 9 2403 2700 2509
5233 2 2 1 9 2523 2707 2481
5234 2 2 1 9 2482 2707 2642
5235 2 2 1 9 370 2788 5
5236 2 2 1 9 2560 2699 2698
5237 2 2 1 9 2485 2486 2464
5238 2 2 1 9 2700 2704 2509
5239 2 2 1 9 2576 2635 2476
5240 2 2 1 9 2509 2704 2644
5241 2 2 1 9 2631 2777 2558
5242 2 2 1 9 2548 2708 2540
5243 2 2 1 9 2351 2693 359
5244 2 2 1 9 358 2692 2351
5245 2 2 1 9 2332 2692 357
5246 2 2 1 9 360 2693 2336
5247 2 2 1 9 2698 2699 2533
5248 2 2 1 9 2771 2792 2539
5249 2 2 1 9 158 2624 159
5250 2 2 1 9 2604 2610 2601
5251 2 2 1 9 2522 2596 2523
5252 2 2 1 9 2522 2647 2596
5253 2 2 1 9 2349 2695 156
5254 2 2 1 9 2639 2719 2563
5255 2 2 1 9 2684 2708 2339
5256 2 2 1 9 2483 2484 2475
5257 2 2 1 9 2337 2690 154
5258 2 2 1 9 155 2690 2349
5259 2 2 1 9 2745 2758 2353
5260 2 2 1 9 2335 2623 348
5261 2 2 1 9 2344 2732 373
5262 2 2 1 9 349 2623 2346
5263 2 2 1 9 2342 2759 2630
5264 2 2 1 9 2695 2735 2334
5265 2 2 1 9 2626 2741 2636
5266 2 2 1 9 2481 2707 2482
5267 2 2 1 9 2520 2800 2638
5268 2 2 1 9 2536 2715 2534
5269 2 2 1 9 2375 2719 2639
5270 2 2 1 9 2379 2719 2375
5271 2 2 1 9 2688 2721 2542
5272 2 2 1 9 16 2767 376
5273 2 2 1 9 2350 2709 354
5274 2 2 1 9 2544 2723 2573
5275 2 2 1 9 2665 2723 2677
5276 2 2 1 9 377 2767 16
5277 2 2 1 9 2354 2752 2740
5278 2 2 1 9 2540 2708 2585
5279 2 2 1 9 2720 2731 2480
5280 2 2 1 9 151 2722 152
5281 2 2 1 9 2351 2765 2693
5282 2 2 1 9 2548 2742 2708
5283 2 2 1 9 354 2709 355
5284 2 2 1 9 2368 2721 2688
5285 2 2 1 9 2513 2557 2556
5286 2 2 1 9 2704 2711 2644
5287 2 2 1 9 2492 2494 2493
5288 2 2 1 9 2716 2786 2617
5289 2 2 1 9 2717 2743 371
5290 2 2 1 9 145 2752 146
5291 2 2 1 9 2613 2796 2333
5292 2 2 1 9 2350 2796 2613
5293 2 2 1 9 2371 2377 2369
5294 2 2 1 9 2537 2774 2703
5295 2 2 1 9 2488 2738 2705
5296 2 2 1 9 2588 2773 2618
5297 2 2 1 9 2348 2727 149
5298 2 2 1 9 150 2727 2340
5299 2 2 1 9 2475 2701 2508
5300 2 2 1 9 2476 2635 2510
5301 2 2 1 9 2494 2495 2493
5302 2 2 1 9 2739 2797 2582
5303 2 2 1 9 2354 2636 147
5304 2 2 1 9 2346 2761 350
5305 2 2 1 9 356 2726 2332
5306 2 2 1 9 2348 2791 2727
5307 2 2 1 9 2705 2738 2614
5308 2 2 1 9 2594 2738 2656
5309 2 2 1 9 2734 2803 2782
5310 2 2 1 9 2708 2742 2339
5311 2 2 1 9 2618 2742 2550
5312 2 2 1 9 2665 2798 2690
5313 2 2 1 9 2722 2762 152
5314 2 2 1 9 2359 2361 2360
5315 2 2 1 9 2547 2746 2745
5316 2 2 1 9 2513 2668 2558
5317 2 2 1 9 2542 2721 2681
5318 2 2 1 9 2534 2715 2568
5319 2 2 1 9 2729 2789 2447
5320 2 2 1 9 2564 2711 2704
5321 2 2 1 9 2382 2719 2379
5322 2 2 1 9 2355 2716 2617
5323 2 2 1 9 2765 2806 2693
5324 2 2 1 9 2625 2804 2740
5325 2 2 1 9 2632 2781 2715
5326 2 2 1 9 2547 2756 2746
5327 2 2 1 9 2630 2759 2404
5328 2 2 1 9 2396 2802 2681
5329 2 2 1 9 2484 2701 2475
5330 2 2 1 9 2558 2777 2559
5331 2 2 1 9 2677 2723 2544
5332 2 2 1 9 2709 2726 355
5333 2 2 1 9 2710 2745 2353
5334 2 2 1 9 2728 2729 2634
5335 2 2 1 9 2452 2455 2450
5336 2 2 1 9 2430 2431 2377
5337 2 2 1 9 2365 2393 2363
5338 2 2 1 9 2341 2809 2710
5339 2 2 1 9 2367 2706 2365
5340 2 2 1 9 2354 2804 2636
5341 2 2 1 9 2604 2728 2610
5342 2 2 1 9 2336 2747 361
5343 2 2 1 9 362 2747 2347
5344 2 2 1 9 371 2743 15
5345 2 2 1 9 2340 2722 151
5346 2 2 1 9 2556 2764 2664
5347 2 2 1 9 2595 2726 2709
5348 2 2 1 9 2338 2627 161
5349 2 2 1 9 2476 2510 2477
5350 2 2 1 9 2710 2809 2578
5351 2 2 1 9 2333 2761 2615
5352 2 2 1 9 2579 2771 2569
5353 2 2 1 9 2647 2783 2576
5354 2 2 1 9 2510 2567 2517
5355 2 2 1 9 2513 2558 2557
5356 2 2 1 9 351 2761 2333
5357 2 2 1 9 2453 2456 2454
5358 2 2 1 9 2621 2740 2357
5359 2 2 1 9 2681 2802 2580
5360 2 2 1 9 2573 2794 2543
5361 2 2 1 9 2585 2795 2586
5362 2 2 1 9 2727 2791 2581
5363 2 2 1 9 2578 2745 2710
5364 2 2 1 9 2519 2520 2495
5365 2 2 1 9 355 2726 356
5366 2 2 1 9 365 2772 366
5367 2 2 1 9 380 2710 379
5368 2 2 1 9 366 2773 367
5369 2 2 1 9 149 2727 150
5370 2 2 1 9 153 2762 2337
5371 2 2 1 9 2491 2503 2492
5372 2 2 1 9 2434 2435 2431
5373 2 2 1 9 2489 2491 2490
5374 2 2 1 9 2456 2459 2457
5375 2 2 1 9 2448 2712 2458
5376 2 2 1 9 2480 2748 2720
5377 2 2 1 9 2629 2739 2628
5378 2 2 1 9 2573 2762 2722
5379 2 2 1 9 2485 2489 2486
5380 2 2 1 9 2459 2466 2460
5381 2 2 1 9 2473 2507 2487
5382 2 2 1 9 2445 2446 2444
5383 2 2 1 9 2438 2439 2437
5384 2 2 1 9 2440 2441 2439
5385 2 2 1 9 2537 2538 2484
5386 2 2 1 9 2436 2437 2435
5387 2 2 1 9 2775 2786 2577
5388 2 2 1 9 2442 2444 2441
5389 2 2 1 9 2538 2572 2546
5390 2 2 1 9 2448 2458 2446
5391 2 2 1 9 2333 2796 352
5392 2 2 1 9 353 2796 2350
5393 2 2 1 9 2740 2752 2357
5394 2 2 1 9 2644 2766 2643
5395 2 2 1 9 2601 2637 2598
5396 2 2 1 9 2630 2770 2609
5397 2 2 1 9 2342 2616 163
5398 2 2 1 9 2404 2770 2630
5399 2 2 1 9 2720 2748 2605
5400 2 2 1 9 2637 2808 2597
5401 2 2 1 9 2523 2739 2707
5402 2 2 1 9 2747 2795 2347
5403 2 2 1 9 2539 2792 2438
5404 2 2 1 9 2654 2794 2340
5405 2 2 1 9 2355 2717 2716
5406 2 2 1 9 2636 2741 2348
5407 2 2 1 9 2473 2807 2507
5408 2 2 1 9 2365 2706 2393
5409 2 2 1 9 2610 2638 2637
5410 2 2 1 9 2722 2794 2573
5411 2 2 1 9 2737 2779 2574
5412 2 2 1 9 2564 2765 2711
5413 2 2 1 9 2453 2454 2452
5414 2 2 1 9 2492 2756 2494
5415 2 2 1 9 2366 2787 2721
5416 2 2 1 9 2361 2404 2360
5417 2 2 1 9 2724 2731 2706
5418 2 2 1 9 2707 2739 2629
5419 2 2 1 9 2656 2738 2488
5420 2 2 1 9 2359 2360 2338
5421 2 2 1 9 2609 2770 2612
5422 2 2 1 9 2715 2790 2568
5423 2 2 1 9 2508 2783 2647
5424 2 2 1 9 2562 2768 2672
5425 2 2 1 9 2764 2798 2664
5426 2 2 1 9 2550 2742 2548
5427 2 2 1 9 2557 2735 2556
5428 2 2 1 9 2450 2712 2448
5429 2 2 1 9 2367 2724 2706
5430 2 2 1 9 2626 2804 2625
5431 2 2 1 9 2455 2712 2450
5432 2 2 1 9 2334 2736 2624
5433 2 2 1 9 2538 2545 2484
5434 2 2 1 9 2476 2477 2466
5435 2 2 1 9 2545 2701 2484
5436 2 2 1 9 2361 2714 2404
5437 2 2 1 9 2369 2724 2367
5438 2 2 1 9 361 2747 362
5439 2 2 1 9 2360 2627 2338
5440 2 2 1 9 376 2767 2356
5441 2 2 1 9 2664 2798 2665
5442 2 2 1 9 2589 2768 2626
5443 2 2 1 9 2735 2736 2334
5444 2 2 1 9 2357 2788 370
5445 2 2 1 9 2566 2779 2737
5446 2 2 1 9 2558 2559 2557
5447 2 2 1 9 2336 2806 2646
5448 2 2 1 9 2377 2724 2369
5449 2 2 1 9 2451 2805 2462
5450 2 2 1 9 2494 2519 2495
5451 2 2 1 9 2510 2517 2477
5452 2 2 1 9 2782 2803 2567
5453 2 2 1 9 2567 2718 2517
5454 2 2 1 9 2672 2768 2589
5455 2 2 1 9 2334 2624 158
5456 2 2 1 9 2460 2461 2457
5457 2 2 1 9 2610 2637 2601
5458 2 2 1 9 2494 2547 2519
5459 2 2 1 9 2503 2756 2492
5460 2 2 1 9 2515 2566 2487
5461 2 2 1 9 2507 2515 2487
5462 2 2 1 9 2456 2457 2454
5463 2 2 1 9 2459 2460 2457
5464 2 2 1 9 2620 2758 2746
5465 2 2 1 9 2572 2734 2546
5466 2 2 1 9 2517 2571 2477
5467 2 2 1 9 2681 2787 2396
5468 2 2 1 9 2473 2485 2464
5469 2 2 1 9 2463 2464 2461
5470 2 2 1 9 2353 2758 2702
5471 2 2 1 9 2702 2767 377
5472 2 2 1 9 2693 2806 2336
5473 2 2 1 9 2612 2784 2611
5474 2 2 1 9 2643 2766 2595
5475 2 2 1 9 2457 2744 2454
5476 2 2 1 9 2435 2480 2431
5477 2 2 1 9 2439 2443 2437
5478 2 2 1 9 2510 2782 2567
5479 2 2 1 9 350 2761 351
5480 2 2 1 9 2489 2574 2491
5481 2 2 1 9 2446 2447 2444
5482 2 2 1 9 2675 2763 2384
5483 2 2 1 9 2466 2751 2460
5484 2 2 1 9 2494 2756 2547
5485 2 2 1 9 2349 2764 2695
5486 2 2 1 9 2565 2765 2564
5487 2 2 1 9 2650 2795 2747
5488 2 2 1 9 152 2762 153
5489 2 2 1 9 2733 2776 2559
5490 2 2 1 9 2538 2546 2545
5491 2 2 1 9 2584 2732 2566
5492 2 2 1 9 2547 2578 2519
5493 2 2 1 9 2515 2584 2566
5494 2 2 1 9 2460 2463 2461
5495 2 2 1 9 2473 2487 2485
5496 2 2 1 9 2547 2745 2578
5497 2 2 1 9 2463 2473 2464
5498 2 2 1 9 2748 2769 2605
5499 2 2 1 9 2591 2785 2755
5500 2 2 1 9 2618 2772 2742
5501 2 2 1 9 2356 2767 2702
5502 2 2 1 9 2675 2771 2763
5503 2 2 1 9 2523 2797 2739
5504 2 2 1 9 2447 2789 2750
5505 2 2 1 9 343 2743 2355
5506 2 2 1 9 2726 2766 2332
5507 2 2 1 9 2464 2760 2461
5508 2 2 1 9 2559 2777 2733
5509 2 2 1 9 2581 2791 2562
5510 2 2 1 9 2725 2763 2587
5511 2 2 1 9 2384 2763 2725
5512 2 2 1 9 2575 2781 2632
5513 2 2 1 9 2569 2771 2675
5514 2 2 1 9 2720 2778 2731
5515 2 2 1 9 2565 2806 2765
5516 2 2 1 9 2339 2772 365
5517 2 2 1 9 2461 2744 2457
5518 2 2 1 9 367 2773 2345
5519 2 2 1 9 2557 2736 2735
5520 2 2 1 9 2734 2782 2546
5521 2 2 1 9 2566 2737 2487
5522 2 2 1 9 2705 2774 2537
5523 2 2 1 9 2444 2749 2441
5524 2 2 1 9 2485 2737 2489
5525 2 2 1 9 2578 2800 2519
5526 2 2 1 9 2477 2751 2466
5527 2 2 1 9 2355 2743 2717
5528 2 2 1 9 2568 2790 2579
5529 2 2 1 9 2452 2754 2455
5530 2 2 1 9 2595 2766 2726
5531 2 2 1 9 2695 2764 2735
5532 2 2 1 9 2754 2755 2455
5533 2 2 1 9 2580 2802 2668
5534 2 2 1 9 2543 2794 2654
5535 2 2 1 9 2586 2795 2650
5536 2 2 1 9 2349 2798 2764
5537 2 2 1 9 2571 2751 2477
5538 2 2 1 9 2343 2775 2718
5539 2 2 1 9 2559 2736 2557
5540 2 2 1 9 2622 2803 2335
5541 2 2 1 9 2340 2794 2722
5542 2 2 1 9 2724 2753 2731
5543 2 2 1 9 2460 2751 2463
5544 2 2 1 9 352 2796 353
5545 2 2 1 9 2735 2764 2556
5546 2 2 1 9 2646 2806 2565
5547 2 2 1 9 2507 2786 2515
5548 2 2 1 9 2778 2784 2393
5549 2 2 1 9 2611 2778 2720
5550 2 2 1 9 2731 2753 2480
5551 2 2 1 9 2596 2797 2523
5552 2 2 1 9 2604 2789 2728
5553 2 2 1 9 2744 2754 2454
5554 2 2 1 9 2393 2784 2714
5555 2 2 1 9 2487 2737 2485
5556 2 2 1 9 2431 2753 2377
5557 2 2 1 9 2447 2750 2749
5558 2 2 1 9 2690 2798 2349
5559 2 2 1 9 2706 2778 2393
5560 2 2 1 9 2577 2786 2507
5561 2 2 1 9 2515 2786 2716
5562 2 2 1 9 2755 2785 2455
5563 2 2 1 9 2701 2783 2508
5564 2 2 1 9 2780 2792 2579
5565 2 2 1 9 2736 2776 2624
5566 2 2 1 9 2578 2809 2800
5567 2 2 1 9 2447 2749 2444
5568 2 2 1 9 2489 2737 2574
5569 2 2 1 9 2441 2757 2439
5570 2 2 1 9 2360 2759 2627
5571 2 2 1 9 2454 2754 2452
5572 2 2 1 9 2480 2753 2431
5573 2 2 1 9 2377 2753 2724
5574 2 2 1 9 2404 2759 2360
5575 2 2 1 9 2721 2787 2681
5576 2 2 1 9 2742 2772 2339
5577 2 2 1 9 2731 2778 2706
5578 2 2 1 9 2443 2799 2437
5579 2 2 1 9 2626 2768 2741
5580 2 2 1 9 2443 2769 2748
5581 2 2 1 9 2439 2757 2443
5582 2 2 1 9 2733 2777 2362
5583 2 2 1 9 2750 2789 2604
5584 2 2 1 9 2732 2779 2566
5585 2 2 1 9 2749 2757 2441
5586 2 2 1 9 2714 2784 2612
5587 2 2 1 9 2574 2801 2491
5588 2 2 1 9 2455 2785 2712
5589 2 2 1 9 2435 2799 2480
5590 2 2 1 9 2728 2789 2729
5591 2 2 1 9 2503 2801 2793
5592 2 2 1 9 2461 2760 2744
5593 2 2 1 9 2480 2799 2748
5594 2 2 1 9 145 2788 2752
5595 2 2 1 9 2611 2784 2778
5596 2 2 1 9 2344 2779 2732
5597 2 2 1 9 2335 2803 2734
5598 2 2 1 9 2437 2799 2435
5599 2 2 1 9 2491 2801 2503
5600 2 2 1 9 2751 2807 2463
5601 2 2 1 9 2741 2791 2348
5602 2 2 1 9 2800 2809 2638
5603 2 2 1 9 2718 2775 2577
5604 2 2 1 9 2748 2799 2443
5605 2 2 1 9 2463 2807 2473
5606 2 2 1 9 2571 2807 2751
5607 2 2 1 9 2638 2808 2637
5608 2 2 1 9 2638 2809 2808
5609 2 2 1 9 2519 2800 2520
5610 2 2 1 9 2559 2776 2736
5611 2 2 1 9 2579 2790 2780
5612 2 2 1 9 2780 2790 2465
5613 2 2 1 9 2740 2804 2354
5614 2 2 1 9 2793 2801 2633
5615 2 2 1 9 2808 2809 2341
5616 2 2 1 9 2752 2788 2357
$EndElements
