$MeshFormat
2.2 0 8
$EndMeshFormat
$Nodes
4337
1 0 -1.524 0
2 0 1.524 0
3 3.048 1.524 0
4 3.048 -1.524 0
5 0.38862 0.0004114800000001562 0
6 0.3878072 0.001224280000000156 0
7 0.3878072 0.007218680000000155 0
8 0.38862 0.008031480000000155 0
9 0.3891534 0.008031480000000155 0
10 0.3899662 0.007218680000000155 0
11 0.3899662 0.001224280000000156 0
12 0.3891534 0.0004114800000001562 0
13 0.38862 -4.571999999984384e-05 0
14 0.38735 0.001224280000000156 0
15 0.38735 0.007218680000000154 0
16 0.38862 0.008488680000000155 0
17 0.3891534 0.008488680000000155 0
18 0.3904234 0.007218680000000154 0
19 0.3904234 0.001224280000000156 0
20 0.3891534 -4.571999999984384e-05 0
21 0.6426199999999999 0.0004114800000001562 0
22 0.6418071999999999 0.001224280000000156 0
23 0.6418071999999999 0.007218680000000155 0
24 0.6426199999999999 0.008031480000000155 0
25 0.6431534 0.008031480000000155 0
26 0.6439661999999999 0.007218680000000155 0
27 0.6439661999999999 0.001224280000000156 0
28 0.6431534 0.0004114800000001562 0
29 0.64262 -4.571999999984384e-05 0
30 0.64135 0.001224280000000156 0
31 0.64135 0.007218680000000154 0
32 0.64262 0.008488680000000155 0
33 0.6431534 0.008488680000000155 0
34 0.6444234 0.007218680000000154 0
35 0.6444234 0.001224280000000156 0
36 0.6431534 -4.571999999984384e-05 0
37 0 1.425677419354811 0
38 0 1.327354838709936 0
39 0 1.2290322580651 0
40 0 1.130709677420089 0
41 0 1.032387096775253 0
42 0 0.934064516130416 0
43 0 0.8357419354854749 0
44 0 0.7374193548406124 0
45 0 0.6390967741956635 0
46 0 0.5407741935508084 0
47 0 0.4424516129059712 0
48 0 0.3441290322608936 0
49 0 0.245806451616037 0
50 0 0.1474838709712001 0
51 0 0.04916129032636296 0
52 0 -0.04916129031878591 0
53 0 -0.1474838709642983 0
54 0 -0.2458064516098519 0
55 0 -0.3441290322553232 0
56 0 -0.4424516129005427 0
57 0 -0.5407741935461465 0
58 0 -0.6390967741913407 0
59 0 -0.7374193548365353 0
60 0 -0.835741935481729 0
61 0 -0.9340645161269232 0
62 0 -1.032387096772267 0
63 0 -1.130709677418178 0
64 0 -1.229032258064089 0
65 0 -1.327354838709612 0
66 0 -1.425677419354806 0
67 2.949677419354847 1.524 0
68 2.851354838709694 1.524 0
69 2.753032258064869 1.524 0
70 2.654709677420432 1.524 0
71 2.556387096775939 1.524 0
72 2.458064516130817 1.524 0
73 2.359741935485664 1.524 0
74 2.261419354840511 1.524 0
75 2.163096774195358 1.524 0
76 2.064774193550205 1.524 0
77 1.966451612905132 1.524 0
78 1.868129032260096 1.524 0
79 1.769806451615282 1.524 0
80 1.671483870970486 1.524 0
81 1.573161290325692 1.524 0
82 1.474838709680585 1.524 0
83 1.376516129035114 1.524 0
84 1.278193548389602 1.524 0
85 1.179870967744173 1.524 0
86 1.081548387098995 1.524 0
87 0.9832258064534338 1.524 0
88 0.8849032258082814 1.524 0
89 0.786580645163129 1.524 0
90 0.688258064517977 1.524 0
91 0.5899354838728246 1.524 0
92 0.4916129032275243 1.524 0
93 0.3932903225816542 1.524 0
94 0.2949677419357846 1.524 0
95 0.1966451612903044 1.524 0
96 0.09832258064515198 1.524 0
97 3.048 -1.425677419354811 0
98 3.048 -1.327354838709936 0
99 3.048 -1.2290322580651 0
100 3.048 -1.130709677420089 0
101 3.048 -1.032387096775253 0
102 3.048 -0.934064516130416 0
103 3.048 -0.8357419354854749 0
104 3.048 -0.7374193548406124 0
105 3.048 -0.6390967741956635 0
106 3.048 -0.5407741935508084 0
107 3.048 -0.4424516129059712 0
108 3.048 -0.3441290322608936 0
109 3.048 -0.245806451616037 0
110 3.048 -0.1474838709712001 0
111 3.048 -0.04916129032636296 0
112 3.048 0.04916129031878591 0
113 3.048 0.1474838709642983 0
114 3.048 0.2458064516098519 0
115 3.048 0.3441290322553232 0
116 3.048 0.4424516129005427 0
117 3.048 0.5407741935461465 0
118 3.048 0.6390967741913407 0
119 3.048 0.7374193548365353 0
120 3.048 0.835741935481729 0
121 3.048 0.9340645161269232 0
122 3.048 1.032387096772267 0
123 3.048 1.130709677418178 0
124 3.048 1.229032258064089 0
125 3.048 1.327354838709612 0
126 3.048 1.425677419354806 0
127 0.09832258064500396 -1.524 0
128 0.19664516128999 -1.524 0
129 0.2949677419350074 -1.524 0
130 0.393290322580015 -1.524 0
131 0.4916129032249225 -1.524 0
132 0.5899354838697807 -1.524 0
133 0.6882580645147138 -1.524 0
134 0.7865806451595686 -1.524 0
135 0.8849032258045096 -1.524 0
136 0.9832258064493568 -1.524 0
137 1.081548387094186 -1.524 0
138 1.179870967739256 -1.524 0
139 1.278193548384104 -1.524 0
140 1.376516129028934 -1.524 0
141 1.474838709673763 -1.524 0
142 1.573161290318904 -1.524 0
143 1.671483870964409 -1.524 0
144 1.769806451609955 -1.524 0
145 1.868129032255417 -1.524 0
146 1.966451612900629 -1.524 0
147 2.064774193546225 -1.524 0
148 2.163096774191412 -1.524 0
149 2.261419354836598 -1.524 0
150 2.359741935481784 -1.524 0
151 2.458064516126971 -1.524 0
152 2.556387096772305 -1.524 0
153 2.65470967741821 -1.524 0
154 2.753032258064113 -1.524 0
155 2.851354838709627 -1.524 0
156 2.949677419354814 -1.524 0
157 0.3878072 0.004221480000008292 0
158 0.3899662 0.004221479999991687 0
159 0.38735 0.004221480000008207 0
160 0.3904234 0.004221479999992527 0
161 0.6418071999999999 0.004221480000008292 0
162 0.6439661999999999 0.004221479999991687 0
163 0.64135 0.004221480000008207 0
164 0.6444234 0.004221479999992527 0
165 0.3880452636036833 0.007793416387180414 0
166 0.3897281363601572 0.007793416423339774 0
167 0.3897281363962217 0.000649543612724995 0
168 0.3880452636448847 0.0006495435716186446 0
169 0.387721974380314 0.00811670560452812 0
170 0.3900514256098021 0.008116705614411831 0
171 0.3900514256017201 0.0003262543775064119 0
172 0.3877219744159018 0.0003262543598844343 0
173 0.6420452635773416 0.007793416360838693 0
174 0.6437281364033381 0.007793416380158744 0
175 0.6437281364193477 0.0006495436358509508 0
176 0.642045263591557 0.0006495436249462181 0
177 0.6417219743233016 0.008116705547515472 0
178 0.6440514255915661 0.008116705632647866 0
179 0.6440514255890367 0.0003262543648230691 0
180 0.64172197443587 0.000326254339916231 0
181 0.3888866999999999 0.0001828800000001562 0
182 0.3888866999999999 0.008260080000000154 0
183 0.3889400399999934 0.006019799999995105 0
184 0.3888866999999999 0.002722880000000072 0
185 0.3888943199948334 0.007443850401502273 0
186 0.6428866999999999 0.0001828800000001562 0
187 0.6428866999999999 0.008260080000000154 0
188 0.642940040000004 0.006019800000004152 0
189 0.6429400400000046 0.00242315999999536 0
190 0.6428943200015583 0.0009991096086847361 0
191 0.6428943199972404 0.007443850391571743 0
192 0.6391881258845709 0.005621621606852875 0
193 0.3923701385051621 0.002722879999996342 0
194 2.96345322082011 -0.2959841280540892 0
195 2.966569017024097 0.30077143204307 0
196 1.710014010665726 -1.440754936733417 0
197 1.723415109187337 1.442786660575146 0
198 1.3276832815886 -1.445625798513298 0
199 1.335702571245497 1.433585541236322 0
200 0.9371582277646789 -1.439355782790085 0
201 0.9301166571019999 1.444822930186525 0
202 0.08274093298381176 -0.6948873339898913 0
203 0.08527516400618838 0.7038594922628345 0
204 2.111657014054392 -1.429977969546385 0
205 2.118444616154075 1.438103543195331 0
206 2.970041811429481 0.6806789014999277 0
207 2.968416805009545 -0.6876755845158463 0
208 0.07532787460723746 -0.3931847962049603 0
209 0.08514985260408156 0.3932903225834324 0
210 0.5385625150259269 1.4400737858461 0
211 0.5496007987669888 -1.441279552097869 0
212 2.969526316949948 0.0006116374986467425 0
213 2.516317531510082 1.445031429188638 0
214 2.50731622895627 -1.449725245928139 0
215 0.08756524008649592 0.9669973194699996 0
216 0.08306722681000918 -0.9866464928690626 0
217 2.96547562687781 0.9877685197166757 0
218 2.962997123139555 -0.986771875248494 0
219 0.07437328802752129 -0.2004348285336126 0
220 0.0851498526040729 0.1966451612936185 0
221 0.08063858683420813 0.007946725208895888 0
222 0.7294550381230213 1.425747225429072 0
223 1.132820886634446 1.43899470629542 0
224 1.128136768508215 -1.442353369901073 0
225 1.530471675189453 -1.437125427368555 0
226 1.901553756207451 1.439825277173219 0
227 1.524000000003138 1.438850147395828 0
228 1.915268067428311 -1.439078913798374 0
229 0.1032768383186785 1.172502005107307 0
230 0.08505569557813034 -1.179527798667974 0
231 0.3426475524290065 1.433417169885564 0
232 0.7401602852226434 -1.443696981920774 0
233 0.3413648664239232 -1.427420794442619 0
234 2.31071692847581 1.444265733561438 0
235 2.311364310469079 -1.448161658261229 0
236 2.964777814238838 0.4879123847289729 0
237 2.966626813085212 -0.4861839864998188 0
238 2.713030886284612 1.430933818231505 0
239 2.707870397673104 -1.430867539342773 0
240 2.962778974029813 1.179619796901013 0
241 2.967944336549735 -1.179912698360011 0
242 0.09356979559385797 1.368407122774457 0
243 2.964939683182744 1.372781968072446 0
244 2.965047363898107 -1.372709781971287 0
245 0.08478108198706916 -1.371248807302793 0
246 0.3925692871050782 0.005837798459623694 0
247 0.3940949470080026 0.004221479999994414 0
248 0.6395393259171728 0.002872818609539959 0
249 0.6376058825329842 0.004020588436469285 0
250 0.07554219255312386 0.08249072622793448 0
251 0.1499541812022707 0.1405839172501233 0
252 0.1499605596726303 0.04859392946886146 0
253 0.152243951842367 -0.01805413341310878 0
254 0.2013097524010424 0.01147075746152127 0
255 0.2060934886968532 -0.03748672635335386 0
256 0.2458692167746146 -0.01117426354965727 0
257 0.2475589757899391 -0.05158703162072616 0
258 0.2453772200698168 0.03033458354334182 0
259 0.2769750992396534 -0.03323793500782118 0
260 0.2798955164876082 -0.06359633054066095 0
261 0.30162534412882 -0.04546003927197158 0
262 0.3046756022612728 -0.07114194184404184 0
263 0.3017351357633818 -0.02183458956362179 0
264 0.285912027774321 -0.09164152696507048 0
265 0.316693092029019 -0.09769788607920273 0
266 0.2917330151453185 -0.1224520877304147 0
267 0.3228711097054585 -0.1315123604206433 0
268 0.3462143692620825 -0.1098507694955375 0
269 0.3535638661676617 -0.1395672722356893 0
270 0.3769833149758937 -0.1150571975523978 0
271 0.3830812955589487 -0.1459915770928673 0
272 0.4040771350285131 -0.1259595721777615 0
273 0.4111037587902365 -0.1529583788120084 0
274 0.4298599198800243 -0.1330698456283153 0
275 0.4380044021652537 -0.1591754144659475 0
276 0.4548042904780723 -0.1394837036058132 0
277 0.4634046665409298 -0.1647441109292825 0
278 0.480601615513182 -0.1428005211754983 0
279 0.4880322661503354 -0.1695902142197861 0
280 0.5043184598603636 -0.1521222726905843 0
281 0.5117922229873653 -0.1755401729408458 0
282 0.495568086118566 -0.1936547020903664 0
283 0.5197433124395876 -0.1987841715734736 0
284 0.5355983339706369 -0.1809233450451184 0
285 0.5436162344228238 -0.2032699428610354 0
286 0.5591339318854609 -0.1857308806290519 0
287 0.567500839993679 -0.2077323089984576 0
288 0.5518236455890252 -0.2257354328700638 0
289 0.5748537729259802 -0.231418966776647 0
290 0.5906960988727256 -0.2115520425499977 0
291 0.5989528162123412 -0.2330785437698419 0
292 0.6132329143173949 -0.2151103249210407 0
293 0.6208175708497875 -0.237041553420816 0
294 0.5846790347599188 -0.2523382280468531 0
295 0.4996292793049045 -0.1299181549185792 0
296 0.392188394051836 -0.1744812351302625 0
297 0.4234253136206195 -0.1096501396936215 0
298 0.2975916623564042 -0.1563946208157113 0
299 0.320792086179614 -0.03136216276948914 0
300 0.3210219212753 -0.01296482979035649 0
301 0.3653386768749968 -0.09041086694968117 0
302 0.3354966550829142 -0.020349463101979 0
303 0.3852903124714351 0.002532510700001042 0
304 0.3380255766725756 -0.004238809226643327 0
305 0.5515515041212971 -0.1654672191688431 0
306 0.6062823146514309 -0.1957686190245885 0
307 0.625930209639306 -0.1985090176163809 0
308 0.6197975043871787 -0.1807518653445663 0
309 0.6374015895979011 -0.1827861257902416 0
310 0.6312307994441329 -0.1660316696495948 0
311 0.648157105556981 -0.1685027690363756 0
312 0.642438220944635 -0.1527942095838434 0
313 0.6585998592174059 -0.1550795678445417 0
314 0.6650762468277356 -0.170829597412275 0
315 0.67531930224501 -0.1572361903452213 0
316 0.6822443662432898 -0.1733499171592142 0
317 0.6523999613710343 -0.1401462304667197 0
318 0.6374003862217656 -0.1377783238569805 0
319 0.6466959832357961 -0.1262973659542697 0
320 0.6329609789038053 -0.1237970845595338 0
321 0.6415115227538665 -0.1131555581933014 0
322 0.6285219829924853 -0.1107623143266221 0
323 0.6369316092538795 -0.1013093688542146 0
324 0.6487891943506624 -0.1032523751268466 0
325 0.6246133814899322 -0.09901260195155681 0
326 0.644538132390989 -0.09200211106964309 0
327 0.655300572962454 -0.0939164320339067 0
328 0.6517381972636294 -0.08403533902409172 0
329 0.6616628422727454 -0.08562019347022791 0
330 0.6579039062490526 -0.07642238066075431 0
331 0.6679813854952911 -0.07774443009844789 0
332 0.6487189679793133 -0.0748797669566066 0
333 0.6541337178704267 -0.06797421593932342 0
334 0.6459068492540094 -0.0665868535983324 0
335 0.6507108112674709 -0.06032206964793611 0
336 0.6432417704024486 -0.05910732447054965 0
337 0.6479081160701916 -0.05332086821688723 0
338 0.6429780359698245 -0.0005388135376636179 0
339 0.6402627285076878 -0.05101569242646265 0
340 0.6550343313188601 -0.05430967278602671 0
341 0.6522326206732031 -0.04753812414840064 0
342 0.6590621194111373 -0.04854985550538383 0
343 0.6565507747531788 -0.04219875434306881 0
344 0.6630254824689177 -0.04311508533898407 0
345 0.6604819058565019 -0.03697787098877375 0
346 0.6676117115118929 -0.03759326109007065 0
347 0.6543685577466458 -0.03616349786420406 0
348 0.6577575232505006 -0.03143803526293722 0
349 0.6524417238080004 -0.03071212998909481 0
350 0.6552972344954853 -0.02650539644859883 0
351 0.650689433171818 -0.02598417212680036 0
352 0.6531614234025964 -0.02235245903112965 0
353 0.6577193627047603 -0.02247391228437321 0
354 0.6489764358556795 -0.02197506685617045 0
355 0.6465027273947705 -0.02533205989748764 0
356 0.6449375455709832 -0.0214710540221586 0
357 0.642427206648736 -0.02465352158492742 0
358 0.640718110185623 -0.02014378161204822 0
359 0.6382125896310779 -0.02405353277562168 0
360 0.6363992834773775 -0.01996259166353313 0
361 0.6338254339018585 -0.02368460760948227 0
362 0.632231002816787 -0.01955338434825678 0
363 0.6294624964719437 -0.02308029708058246 0
364 0.6511884762165854 -0.0186945247924039 0
365 0.6719119408989226 -0.08740887150444565 0
366 0.6787159176858184 -0.07910921174417374 0
367 0.6825536771289836 -0.09028400886591118 0
368 0.6900439852190401 -0.08057644139120311 0
369 0.6358524604899981 -0.05756572591006763 0
370 0.634710221353567 -0.01620409016551756 0
371 0.6308626150591922 -0.01578104562403845 0
372 0.6332320489811235 -0.01277146919853673 0
373 0.6294923837671018 -0.01212970045135863 0
374 0.636824275177987 -0.01314225260179447 0
375 0.6161018369342348 -0.1084295359068975 0
376 0.6127176847198962 -0.09701460597420616 0
377 0.6354133084488687 -0.01023035486144832 0
378 0.638383728723494 -0.01053877424556552 0
379 0.6035211216081784 -0.105900240102654 0
380 0.6011347037479171 -0.0925268360443449 0
381 0.5906526466927863 -0.1034042714394214 0
382 0.5869670015769083 -0.09067390379115839 0
383 0.5952525318743473 -0.08094386864022717 0
384 0.5831031007565162 -0.07889003844250976 0
385 0.5908792658834259 -0.07038197450425945 0
386 0.5801660170109416 -0.0680031588025744 0
387 0.587330884628034 -0.0604204389026625 0
388 0.5778902487358651 -0.05822552912150919 0
389 0.5841171427544721 -0.05163109055829979 0
390 0.5756650665683527 -0.04966410452796106 0
391 0.5811915009265161 -0.04364549498249543 0
392 0.5736733304417747 -0.04194989488008791 0
393 0.5786183844944688 -0.03665363621791719 0
394 0.5718946898783741 -0.03507988067871433 0
395 0.5761111665938093 -0.03037630198985495 0
396 0.5702994544651224 -0.02894861885197871 0
397 0.5740171978425399 -0.02478515949597797 0
398 0.568784365835189 -0.02352727587589508 0
399 0.5724179933228022 -0.01982864482872611 0
400 0.5648849279140281 -0.02721907864777719 0
401 0.5635917054916433 -0.02218404437937645 0
402 0.5598084628549506 -0.02580634791665735 0
403 0.558574522342663 -0.02078927803712306 0
404 0.5546992420274386 -0.02431429051718174 0
405 0.5771735115957197 -0.02080239684826744 0
406 0.5756898844541019 -0.01641676336031045 0
407 0.5799012960475798 -0.01710713278671923 0
408 0.5785921776695006 -0.01327004119985464 0
409 0.5823808920612243 -0.0138707157950477 0
410 0.5811150642088867 -0.01040857799488828 0
411 0.5776366259569282 -0.009739092104630514 0
412 0.5798949413255562 -0.007273510070613676 0
413 0.5769231147767956 -0.00661458988337203 0
414 0.5787851624656893 -0.004508517966582595 0
415 0.5761551540014969 -0.003939133283341215 0
416 0.5778796482974822 -0.001995661333372686 0
417 0.575192314393499 -0.001373725516989732 0
418 0.577140491880476 0.0006463814799703929 0
419 0.5743679934773781 0.001274630804141363 0
420 0.5764597881489302 0.003465098224401126 0
421 0.573455537457414 0.004132190939185435 0
422 0.5756685580317187 0.006529182340385702 0
423 0.5723255001444718 0.007153939789932859 0
424 0.5747161882898706 0.009868808903006426 0
425 0.5712468937837751 0.01071108591588763 0
426 0.5737045215102715 0.01351854574554125 0
427 0.5699050446651462 0.01444680083081755 0
428 0.5725740611238532 0.01748060796537127 0
429 0.5683842394224955 0.0183778113835566 0
430 0.5713479757802954 0.0216553254908095 0
431 0.5794515878109165 0.002937959679489813 0
432 0.576321563060685 0.01642578430000041 0
433 0.5653132042363159 0.01452975092053535 0
434 0.584730118297343 -0.01098657059454413 0
435 0.5860859098151445 -0.01435535392555677 0
436 0.5883048530053983 -0.01147788747768804 0
437 0.568529540100643 -0.05617700138960326 0
438 0.589738338152438 -0.01482242936972351 0
439 0.5919736158973947 -0.0119460558465692 0
440 0.5934379280118341 -0.01534759345655723 0
441 0.5956446315614865 -0.01236559229179411 0
442 0.5700953003348799 0.004606736284520915 0
443 0.5942753345918234 -0.009036337560462546 0
444 0.5978522782837375 -0.009383008508540062 0
445 0.5964339207757012 -0.006066281630643411 0
446 0.6000790706880896 -0.00644793750572157 0
447 0.5986115179851054 -0.00311972137991578 0
448 0.6020731745050961 -0.003379126935816539 0
449 0.6007834408881646 -0.0001554524842686512 0
450 0.6040298844492258 -0.0003692110649013861 0
451 0.6029196621631684 0.002653515602258562 0
452 0.6061379565108862 0.002350790687907302 0
453 0.6049006010481374 0.005282674833927419 0
454 0.6081497079244227 0.004950352152054739 0
455 0.60689292057514 0.007773408104318149 0
456 0.6098999925104948 0.007485665721239873 0
457 0.6087378589966868 0.01013837506349375 0
458 0.6115239442971612 0.009866135408345925 0
459 0.6104688247043537 0.01234384254970784 0
460 0.6130679982875917 0.01209230208740962 0
461 0.6120574956031059 0.01439793592754372 0
462 0.6144794537701883 0.0141001543083553 0
463 0.6135309245528648 0.01628931049557993 0
464 0.6095832116828966 0.01478497111345196 0
465 0.6154700683675556 0.01194562828810354 0
466 0.6168066502315752 0.01387692577845668 0
467 0.6177845145306688 0.01195186333570626 0
468 0.6190270185854992 0.01365339092823326 0
469 0.6199694586676919 0.01184679424153805 0
470 0.6211518999746055 0.01344203285811403 0
471 0.5971938496772862 -0.01587865303250694 0
472 0.6220524505040579 0.01161664663005801 0
473 0.623181195283449 0.01326937281682655 0
474 0.6206724327416229 0.01007243360171587 0
475 0.6038350849365804 0.00823168177419009 0
476 0.5731022580463303 -0.003538554301636181 0
477 0.6240369800327332 0.01150265157488871 0
478 0.6042869359510565 -0.006350287609862493 0
479 0.6095871712246642 0.001729404238540099 0
480 0.5892101032934176 -0.04552862626207912 0
481 0.5971596210182288 0.0001887679499002631 0
482 0.5746162501683435 -0.08807688088449854 0
483 0.6334247533723836 -0.05077568736700528 0
484 0.5816911102847926 -0.004912404586879611 0
485 0.5908609576043351 -0.01885484790769818 0
486 0.6374178770041431 -0.008071211800424138 0
487 0.6399169009147585 -0.008521905100759092 0
488 0.6346178785474299 -0.007551741337622457 0
489 0.5622390551041481 -0.01742072110633332 0
490 0.5574223898706044 -0.01606140056272853 0
491 0.648888850333745 -0.03486041205604728 0
492 0.6285531124417973 -0.05645243880541756 0
493 0.6259981840890291 -0.04943309315890927 0
494 0.5028332751604522 -0.2182914000538856 0
495 0.6705784346966125 -0.04462039634611585 0
496 0.6758206443060014 -0.03824103975094702 0
497 0.645217241913574 0.008061928850417597 0
498 0.6465757938704518 0.002895834265089663 0
499 0.6409110263008015 -0.01058873609416522 0
500 0.6421832242119058 -0.008700394796102438 0
501 0.5608461357332271 -0.01262214153006404 0
502 0.5561963181311684 -0.01148733455956062 0
503 0.3233523225020969 0.004321239543972352 0
504 0.3373383816389414 0.01140610100269807 0
505 0.3251214745964655 0.01975826192695144 0
506 0.33831071297209 0.02565272684066916 0
507 0.3267105041553021 0.03464466387399161 0
508 0.3395069597273952 0.03974770591643075 0
509 0.3275942909655308 0.05065780292034664 0
510 0.3444008627957072 0.05547193484768923 0
511 0.3284767421441692 0.06986987877560231 0
512 0.3508715288332902 0.07769932472326385 0
513 0.3282539606341357 0.09254420435130728 0
514 0.3519966224725994 0.1026266534083011 0
515 0.5669778146018283 0.02286072061525915 0
516 0.3710954055100993 0.08880588560393421 0
517 0.3747335911826618 0.1115097088942455 0
518 0.393260637931389 0.092664101658766 0
519 0.3973183437808956 0.1188077534231661 0
520 0.4141270669260153 0.1033843878092755 0
521 0.4192148291305536 0.1267103362719067 0
522 0.4000024243232288 0.1426775251363586 0
523 0.4247145679159681 0.1496169723388676 0
524 0.4434803444445932 0.1303644708176752 0
525 0.4483398345885267 0.1573313531424989 0
526 0.4315088624016082 0.1740448673820326 0
527 0.4551158981384968 0.1825179254632699 0
528 0.4368636476374471 0.2010774994119178 0
529 0.4623175832782301 0.2090715606649998 0
530 0.4815533978112573 0.1860727627245671 0
531 0.4883700281562301 0.215551232031208 0
532 0.50607734622269 0.1960656491990913 0
533 0.5131329749269922 0.2214396559940981 0
534 0.5302425170715961 0.2033089352105833 0
535 0.537159982460204 0.2274471803326455 0
536 0.5538672899309143 0.2103588472269032 0
537 0.560691031092968 0.233410673809067 0
538 0.5775311934838238 0.2168483082246535 0
539 0.5838043126002799 0.2396623090550233 0
540 0.6011061875570576 0.22288322505006 0
541 0.6072243366791299 0.2458071394150644 0
542 0.6242413934733233 0.2283783951834905 0
543 0.6308467926176522 0.2520356881847174 0
544 0.6483324547156097 0.2342107331764631 0
545 0.6552712649130663 0.2577859778336478 0
546 0.6730090496987849 0.2400364141352674 0
547 0.6804815309115484 0.2637646445814884 0
548 0.6985155137015953 0.246099766663652 0
549 0.7062290967223062 0.2715894442722021 0
550 0.7248147903479336 0.2525504674890466 0
551 0.7328797130925704 0.2794648132931398 0
552 0.7527784168867389 0.2590335363313573 0
553 0.7612016803184645 0.2873313035059383 0
554 0.781807243793363 0.2676380207793756 0
555 0.7905979639460923 0.2956537254815923 0
556 0.8122651932371674 0.2736431965201787 0
557 0.8212327458784499 0.3038779326948262 0
558 0.8442542636366351 0.2790341613005201 0
559 0.8535038859309847 0.3133383489041877 0
560 0.8766306751326357 0.2882587670496525 0
561 0.887165437494141 0.3226886808330493 0
562 0.9108019778184835 0.2962132903615654 0
563 0.9214897438966176 0.3313410224729511 0
564 0.9468347035761063 0.304874361671523 0
565 0.9572882178422698 0.3409946427611257 0
566 0.9836601797524052 0.3133732519146115 0
567 0.9723041637933246 0.2781761425018077 0
568 1.010465420953521 0.2856556021233282 0
569 0.9986910256754991 0.2493835495320614 0
570 1.037545609913461 0.2571204441497377 0
571 1.026157972656559 0.2190464892236901 0
572 1.065139768661781 0.2280200519282053 0
573 1.053448469259158 0.1894301601254312 0
574 1.093239116290406 0.1985611893520505 0
575 1.081345740310907 0.1594025780970653 0
576 1.121750684089704 0.1685843482088093 0
577 1.109613236741554 0.1285216139494711 0
578 1.151137158376378 0.1379154213006637 0
579 1.13858699873131 0.09688598777257354 0
580 1.181194045362895 0.1066097937517834 0
581 1.168526530561264 0.06416693848419219 0
582 1.21464308802599 0.07333238870029403 0
583 1.225728422826723 0.1179168232334553 0
584 1.26145852292322 0.08442708919409088 0
585 1.075799980637403 0.2657740896309337 0
586 1.270668723097624 0.1299984794956687 0
587 1.306403971004001 0.09603428083188338 0
588 1.20153409705885 0.02966260345108428 0
589 1.318902363841638 0.1422245869068227 0
590 1.353800887834054 0.1069657821637606 0
591 1.36612268310636 0.1542717361298866 0
592 1.403281914638947 0.1187779644589841 0
593 1.414100171382393 0.1655028061875754 0
594 1.45305707135036 0.1288126506513424 0
595 1.439682786528289 0.07927420387308223 0
596 1.493083028637477 0.09179805288448629 0
597 1.4772642959076 0.03807200994955194 0
598 1.508470364096659 0.153296829459549 0
599 0.7657897257349531 0.3202113689805737 0
600 0.9305881538383787 0.3683737337854605 0
601 0.6414714589253232 0.2764614337614941 0
602 0.5207073240248918 0.2465117750749901 0
603 1.53242166973823 0.05100343959438991 0
604 1.515872299240341 -0.004223071665222537 0
605 1.572677978775852 0.009109364154441368 0
606 1.555487163142147 -0.04699607499483383 0
607 1.614064293048704 -0.03386812570878199 0
608 1.595501498444722 -0.09363188595731373 0
609 1.656525811209193 -0.07854012516903169 0
610 1.673919880249402 -0.01851344731145504 0
611 1.637858499886443 -0.139373496818966 0
612 0.9680591640060517 0.379044280615774 0
613 0.9393533391523304 0.4076906746734359 0
614 0.9800348160249899 0.4191322609978674 0
615 1.700429771869715 -0.1242165610013428 0
616 1.681772713338298 -0.1853157250868583 0
617 1.618533386419753 -0.1999103484346184 0
618 0.7754361052305786 0.2399421435338281 0
619 0.9496480665880067 0.4492955326243019 0
620 0.9922719826590314 0.4611486891415588 0
621 1.744169473372293 -0.173965667846074 0
622 1.662317255703221 -0.2474160376006135 0
623 1.598438649361779 -0.2620433707347154 0
624 1.156168121129507 0.02049765482078918 0
625 0.9614547145875278 0.4932698444081103 0
626 1.005084477030967 0.5057633072002415 0
627 1.643341509842155 -0.3101372177554642 0
628 1.579191245741259 -0.3243586863500145 0
629 0.9724334711100879 0.5396742370033979 0
630 1.019436690823151 0.5524860696773446 0
631 1.041651996139179 0.1512651621662411 0
632 1.62407830669821 -0.3736371395543909 0
633 1.557129824246837 -0.3884019808375104 0
634 0.6903046486786111 0.22166738531523 0
635 0.9835343209998144 0.5880419238460942 0
636 0.9285719713196424 0.5721374731227057 0
637 1.032643610903922 0.6018134613548249 0
638 1.604096895841359 -0.4386204365113071 0
639 1.671128261188316 -0.4233410905129482 0
640 1.53741439063424 -0.4530407954651636 0
641 0.944352047250146 0.6232114713148531 0
642 0.8942305221223863 0.6112483062088014 0
643 1.650935194060052 -0.4895818540025651 0
644 1.719702485775363 -0.4741057816107512 0
645 0.6174401491657957 0.208169173040481 0
646 1.069337007209146 0.5644580723493552 0
647 1.083634077598548 0.6155037745238272 0
648 0.9065420280000263 0.6622912378284083 0
649 0.8536869787438509 0.6473473783397585 0
650 1.698435786985978 -0.5431610525838775 0
651 1.769874828930526 -0.5268600176913013 0
652 0.4421715551877497 0.2301589792308866 0
653 1.187539781210819 -0.01461739023923449 0
654 1.142596900482386 -0.02321700006390231 0
655 1.173348981012344 -0.0577641905709132 0
656 1.127650357365712 -0.06529551165772934 0
657 1.157921422815227 -0.09842763924468986 0
658 1.114935392575494 -0.1081731801362114 0
659 1.144372527738731 -0.1398396741426119 0
660 1.101587738697053 -0.1490481991499915 0
661 1.072991434744047 -0.1179745783148708 0
662 1.060285330979487 -0.1577114321138202 0
663 1.087949385321743 -0.1894910397938234 0
664 1.047557260342817 -0.1981000091276098 0
665 1.074518620523721 -0.2301825451612577 0
666 1.033229530261674 -0.2388594098521264 0
667 1.060429540853423 -0.2699632133508411 0
668 1.01873332317998 -0.2801036685007565 0
669 1.051470702221245 -0.3158628737968552 0
670 1.006094821837784 -0.3229012979177096 0
671 1.031952129244259 -0.3559876703852021 0
672 0.9887908329768937 -0.3652200176810396 0
673 1.016425751250855 -0.4002486872743535 0
674 0.9709697878449854 -0.4093427868815075 0
675 1.000821236197759 -0.446534418193869 0
676 0.9528084821874115 -0.4563481271640034 0
677 0.9855599947756183 -0.4934055471201021 0
678 0.9315430696628513 -0.5047252036846785 0
679 0.9772044186680245 -0.5469675256252143 0
680 0.9117026377419225 -0.5564054131231877 0
681 0.9517520213358082 -0.6005957623355317 0
682 0.8920383113629038 -0.6112752391666402 0
683 1.033509988980601 -0.1269899197702185 0
684 1.122076008721105 0.5745227159296782 0
685 1.136788993100137 0.6295156825346028 0
686 1.17684072157072 0.5868166031578119 0
687 1.192337197461289 0.6436285583755954 0
688 1.233269923437088 0.6008175158879961 0
689 1.249025312969954 0.6599912872969114 0
690 1.29218440888624 0.6149389003197354 0
691 1.309527088395829 0.6748801715046656 0
692 1.349838261439928 0.631684391245715 0
693 1.371318078674423 0.6902688054618444 0
694 1.414962399909343 0.6345084409502172 0
695 1.154544353209177 0.6852782346294934 0
696 1.435869196339688 0.7042484826779636 0
697 1.484333790814382 0.6566682314953513 0
698 0.9325166604126182 -0.6574015903795837 0
699 0.8726080290682177 -0.6684094730593875 0
700 0.9919882253665688 -0.6453043280738034 0
701 1.502007401249807 0.7253927574771948 0
702 1.549659820228731 0.6775170737669739 0
703 0.8315193790318205 -0.621556403879157 0
704 0.8123308279807394 -0.6791695367607627 0
705 0.7720431354520058 -0.6317112803011422 0
706 0.867757476827032 0.7035291662294549 0
707 0.8094729951290396 0.6866471447372203 0
708 1.748381052719267 -0.5972172072000889 0
709 1.82120347000471 -0.5807865781675967 0
710 0.9730388134977728 -0.7045410721948135 0
711 1.033557254069717 -0.6933581793793376 0
712 1.568381463973562 0.7440239011436521 0
713 1.621238994448547 0.6974896556874143 0
714 0.5483415398473017 0.1861681397416435 0
715 1.675720188806964 -0.6134458722960551 0
716 0.7499849145100697 -0.6912708161239141 0
717 0.7102111586203947 -0.6423079593705512 0
718 1.327864310893492 0.7382366776399221 0
719 1.103790499715909 -0.2628328090825385 0
720 1.726378342558504 -0.6686241784855791 0
721 1.65247549691934 -0.68495324455913 0
722 1.63401227879721 0.7639796139895958 0
723 1.693093014509683 0.7135426512162644 0
724 0.8247167389793493 0.7466895760673761 0
725 0.7650665503014735 0.7293693266682191 0
726 0.4135360516848357 0.2208602266569935 0
727 0.4194477849163409 0.2528835837142485 0
728 1.058521146745007 -0.3969261741730451 0
729 0.9904245964345356 -0.2442003177775979 0
730 0.7914718748629582 -0.7415475442313739 0
731 1.014588686872468 -0.7538214461773682 0
732 1.706774295925263 0.7847717284856628 0
733 1.764120006200373 0.7296368020294827 0
734 1.744627067567815 0.6575368410221004 0
735 1.817294793208582 0.6744381790355396 0
736 1.800193823423208 0.5992897381411978 0
737 1.873279725703417 0.6207730417839928 0
738 1.891459943362381 0.6924079378622457 0
739 1.945041954501467 0.6360356739318216 0
740 1.922341185248231 0.5619138995586281 0
741 1.997988802342545 0.5787979607400541 0
742 2.015206309396041 0.6602165260095364 0
743 1.97851300380618 0.5071332588228628 0
744 2.052055533268485 0.5220137035575754 0
745 2.029551325460164 0.4474426960895889 0
746 2.105675459063241 0.4639738792148941 0
747 2.082803271406485 0.3886098832653745 0
748 2.160361498328759 0.4062828254245348 0
749 2.13700492222785 0.3291758512182549 0
750 2.180105891579585 0.4839643186950829 0
751 0.9476151154732736 -0.3719609119800557 0
752 0.7263068727379183 -0.7531069245390849 0
753 2.215047614418919 0.3477290409344283 0
754 2.191371163657005 0.2695777342685954 0
755 1.079922571767291 -0.7398322130036724 0
756 0.7796739600246332 0.7920051217316085 0
757 0.8423663734910095 0.8091598934078965 0
758 0.7501517274851343 0.6683727011549434 0
759 0.7052676567544016 0.7108394789883018 0
760 0.6893732490863794 0.6499478288539262 0
761 1.325897544996826 0.1879281719559882 0
762 1.70387991622182 -0.7411131213047502 0
763 1.628853929400828 -0.757595589821635 0
764 2.269956874785905 0.2890982591775835 0
765 2.246205124977131 0.2108211323228592 0
766 1.188404882699947 -0.1309702761248838 0
767 1.05882590542144 -0.803838324959429 0
768 1.513619360865354 0.8001548443367784 0
769 0.769940969001111 -0.8059571658646948 0
770 0.6995334612464741 -0.8180865691794261 0
771 1.842596206166886 -0.5090258962760764 0
772 1.894464613683601 -0.560784069224627 0
773 1.916870835410251 -0.4895408604252834 0
774 1.969612855327821 -0.5426418410613618 0
775 1.992252103236004 -0.4707873511132041 0
776 2.046652877932773 -0.5282240960287228 0
777 2.009072953034445 -0.5978987909403612 0
778 2.093246742122001 -0.6024397203275572 0
779 2.123808013979583 -0.5113803344348095 0
780 2.18037025115182 -0.5707717954795062 0
781 2.204533050817645 -0.4894479034730695 0
782 2.162156961566875 -0.6576358466111503 0
783 2.240268709447952 -0.6301795873952096 0
784 2.219461289844286 -0.7123139010297135 0
785 0.6443460819335216 0.6930209177161566 0
786 0.6284289643612506 0.6313366042639161 0
787 2.325777835864698 0.2296663053229249 0
788 2.301681379598639 0.1515006663759059 0
789 2.350049426580849 0.3083409709422201 0
790 0.7308359144039677 -0.5857987795050954 0
791 0.6727190471368197 -0.5949257768927578 0
792 0.7957843516680256 0.8566342437458594 0
793 0.8629623781523931 0.874792170114058 0
794 2.298529252625753 -0.6891835870862719 0
795 1.954174838873047 0.4227225892874512 0
796 1.68109204026851 -0.8148616933573615 0
797 1.606767241153265 -0.8323450367508576 0
798 0.330990539721443 0.1202470947744418 0
799 2.222138824500038 0.1330647527941449 0
800 2.274367747650612 -0.7718259158472076 0
801 0.8669319598235101 0.2531042541960173 0
802 2.199258701928642 -0.800302702140555 0
803 1.531922632241707 0.6119012677114812 0
804 2.278257686596483 0.07688364802035319 0
805 0.7463512273293611 -0.874211430133162 0
806 0.6744771842439637 -0.8866545014094072 0
807 0.6266517775217453 -0.8290410354387157 0
808 2.357544026548699 0.09131030711994614 0
809 2.376494859539624 -0.7430610526342858 0
810 2.379988265730832 -0.6467466847542328 0
811 0.6020487783183424 -0.9007831046230508 0
812 0.5836562349183563 0.674324076093949 0
813 0.5702885657440799 0.6126139759309646 0
814 0.5973431656016506 0.739476161809977 0
815 2.193141023136013 0.05454116858702074 0
816 1.490252397109327 -0.4034853822936449 0
817 1.471256566636002 -0.4668751143977188 0
818 1.096876535961103 -0.6809039805431685 0
819 1.126664476489325 -0.7895520818001579 0
820 1.10428100293656 -0.8561064040881063 0
821 2.324594967198097 0.007287278119667349 0
822 0.6923243855279386 -0.540820935956584 0
823 0.636819824152637 -0.5495902116951746 0
824 2.338929272629994 -0.8333082410224988 0
825 0.3862543353394753 0.2427487573675309 0
826 0.3935415599434484 0.2798941572388438 0
827 1.21651919574909 0.5416343909044821 0
828 0.8127559146099259 0.9245313886138535 0
829 0.8828258548221515 0.9431584972527506 0
830 1.65822967889132 -0.8902258286263627 0
831 1.57606328633175 -0.9171955464170477 0
832 0.9074979158369307 0.4374218399759091 0
833 1.493878398271177 -0.06309146147069447 0
834 2.412863767734028 0.02871226307541306 0
835 2.388819297112657 -0.05047161126801775 0
836 0.4126083454262887 0.08232530105457482 0
837 2.430449213844045 -0.8181163264434888 0
838 1.425987787258853 -0.4182919319559251 0
839 0.6138382696728439 0.5711996074787127 0
840 0.5580011084046728 0.5539262881239556 0
841 0.5123827202360226 0.5935633360319528 0
842 1.736340009416159 -0.8713048623472093 0
843 0.7230663880423736 -0.9438787197016343 0
844 0.5539583806751732 -0.8418951211945991 0
845 1.54490876126705 -0.7792523037724537 0
846 2.398528679343445 -0.9012456636640589 0
847 2.47165005533804 -0.03254023763841545 0
848 2.446846809359383 -0.1134166237591738 0
849 2.49685602354341 0.04825227694564894 0
850 0.6573263646243648 -0.4989949012480208 0
851 0.6031533224571486 -0.5067992178068449 0
852 1.712203051471202 -0.9497393837702713 0
853 1.793081556348493 -0.9301408557408903 0
854 0.5253112609854602 -0.9158230230200304 0
855 0.3539953339043267 0.2670207672404242 0
856 0.3636163450041425 0.3094006479922649 0
857 0.4056995938040705 0.3211800688389142 0
858 0.3740979646502218 0.3545140380604451 0
859 1.406506449469542 -0.4802785179126554 0
860 0.5817100023181154 -0.5583169601906677 0
861 0.5469166245185297 -0.5141301038964754 0
862 0.5244679256958413 -0.5674003953707203 0
863 0.4880663060092137 -0.5209339310746566 0
864 0.4641606420422018 -0.5772986120761668 0
865 0.8304513358001424 0.9948629509290715 0
866 0.759317024127245 0.9750770465915768 0
867 0.9018134958661737 1.013910609949462 0
868 0.9541226056405407 0.9608973581274803 0
869 0.9744053384108941 1.031734090104211 0
870 1.026950777613999 0.978672464506968 0
871 1.17325040807523 -0.8417783604188298 0
872 1.151247602340476 -0.9105132137862886 0
873 1.079680553757838 -0.924544964807836 0
874 1.12793628511309 -0.9810016201184686 0
875 1.05352451974888 -0.9951435836739673 0
876 1.022085960421962 0.4264258803267795 0
877 1.047655860914154 1.050466721038027 0
878 0.7086865655656261 -0.4904969152933756 0
879 0.6767918610778347 -0.4517240100183438 0
880 2.530375977160229 -0.09575530676520222 0
881 2.505004861963513 -0.1777418506322702 0
882 1.201912908993917 -0.9659864747159289 0
883 0.426203599271069 -0.5277182187686529 0
884 0.4512263101615195 -0.4700509651275555 0
885 1.100656162400019 0.9967973283557856 0
886 0.6010635972032284 0.5158195206423134 0
887 0.6528024821028963 0.5319018731451275 0
888 2.486207635758413 -0.8843020044251576 0
889 1.121565237350176 1.070607488157683 0
890 1.175682671614883 1.01407413229744 0
891 1.363528087388013 -0.4317623902600604 0
892 1.381876968291724 -0.3722000888315491 0
893 1.76843261516622 -1.010438103123507 0
894 1.849199353233707 -0.9926653710137416 0
895 0.7231454868714154 -0.4431396910135366 0
896 0.6946019287127465 -0.4081975449186066 0
897 0.6465791390649424 -0.4122941723859936 0
898 0.7370736083769567 -0.4003333232047222 0
899 2.460172465283167 -0.9677180807619609 0
900 2.367342066538289 -0.9907007232044193 0
901 0.4700520178603845 -0.8389931946850115 0
902 1.178306857993144 -1.039257252123157 0
903 1.258173509507576 -1.021395961831458 0
904 0.3586291247097108 0.04711630319384346 0
905 0.503294665891985 0.1712368506564781 0
906 2.370332653593654 -0.1388166207218118 0
907 0.7109813800477838 -0.3683900275796292 0
908 0.7491049672631298 -0.3610651881961163 0
909 0.7253736416362104 -0.3319248127922282 0
910 0.7609194371107996 -0.3249892505278819 0
911 0.7391236218781012 -0.2980667992110625 0
912 0.7731122111211768 -0.2919282114949643 0
913 0.6388699516991048 0.4803642836096451 0
914 0.5913204451138718 0.4656965302418066 0
915 1.045335892778658 -0.08954216957541597 0
916 1.008111351428515 -0.09775472522511761 0
917 1.018466114466006 -0.0627071082859926 0
918 0.9837632000906821 -0.07029817947521252 0
919 0.9935316333913732 -0.03713265630494989 0
920 0.9596389621375426 -0.04466770565041877 0
921 0.9504091126306033 -0.07667055723943152 0
922 0.9280957460795271 -0.05322062612637333 0
923 0.9190716014234229 -0.08273588903835412 0
924 0.8987498506165246 -0.05969106524402385 0
925 0.9071014870630876 -0.0318699309380291 0
926 0.8794972078791263 -0.03890355275861002 0
927 0.8716710033145749 -0.06469322785105514 0
928 0.8536763321282135 -0.04484104975168849 0
929 0.8613573976748519 -0.0203345019503042 0
930 0.8458580644222846 -0.06919445132685026 0
931 0.8366010696800792 -0.02614523332252457 0
932 0.8435721889437212 -0.002681932153413973 0
933 0.8196638035331637 -0.008367089509413561 0
934 0.8266290356491449 0.01450408338489013 0
935 0.8040038695798094 0.009578264615172317 0
936 0.8106201924687922 0.03110660611889703 0
937 0.789165848932309 0.02571281590591189 0
938 0.8328229995087899 0.03666214469735704 0
939 0.7951188081827687 0.04656742546000874 0
940 0.7718400246422159 0.04118553973871743 0
941 0.7799419540700112 0.06131988961600757 0
942 0.7602180429723249 0.05804545098350886 0
943 0.7831521268426596 0.006236656732632033 0
944 0.7660356398076417 0.07553699487414609 0
945 0.7479836039403047 0.0709140954143446 0
946 0.7425665004717735 0.05513756618770929 0
947 0.7313881197886382 0.06622891656193078 0
948 0.7858931569322184 0.0811447754618311 0
949 0.7266424798639767 0.05179122967333689 0
950 0.7166012967463585 0.0620821809186662 0
951 0.7123219778252091 0.04923352630124151 0
952 0.7030625459023216 0.05860030183837246 0
953 0.7066347403836624 0.07196787172332028 0
954 0.6943516817004497 0.06756062162908148 0
955 0.6969556380660615 0.08155076651390811 0
956 0.6834619568594004 0.07613749982752771 0
957 0.7522909310368838 0.0884676198444615 0
958 0.6999413210425848 0.0460509912077746 0
959 0.7079471205697357 0.03752422338231794 0
960 0.6946972547418858 0.03522621759241736 0
961 0.7035114086113069 0.02681493163303874 0
962 0.6869969186552823 0.09108540602459395 0
963 0.6738239533879862 0.08717897634702938 0
964 0.6707400743390211 0.07543733817732765 0
965 0.6429175841742798 0.009025119199877564 0
966 0.6614541824571505 0.08378349042377206 0
967 0.6596316758176243 0.07077853596950529 0
968 0.6499247815728884 0.08008700541975655 0
969 0.6474003722334676 0.0687121413236204 0
970 0.6385626598890204 0.07683095828660727 0
971 0.6538293988162386 0.05905765603516386 0
972 0.64098225544248 0.08869702844196911 0
973 0.6293824806038505 0.0851350239417592 0
974 0.6276416850171489 0.07200577896215943 0
975 0.6181166448889033 0.08113684884054138 0
976 0.6162969456738218 0.06998294578916747 0
977 0.6077692773542565 0.07737461983391461 0
978 0.6095540444197773 0.08898336788482528 0
979 0.5983435931451482 0.08500194586189698 0
980 0.676857385873767 0.1012762331700404 0
981 0.6929157533892267 0.02434460195266209 0
982 0.7001122750027664 0.01669783569578412 0
983 0.6232328082447468 0.06251076900599284 0
984 0.6144858340049629 0.06007505105972544 0
985 0.6900379271425462 0.01499134049356201 0
986 0.6831961404954461 0.02292990327620135 0
987 0.6003082585343229 0.09737160446487308 0
988 0.5883369686356186 0.09320020999206667 0
989 0.6210692764753206 0.05393855955502817 0
990 0.6222673173445445 0.01509465629601583 0
991 0.6131218386193236 0.05153473071532167 0
992 0.5871461753901299 0.08096940206210981 0
993 0.5771508094606651 0.08874413676243562 0
994 0.5703756726307401 0.02649898548841776 0
995 0.5651545503941054 0.02776380029560142 0
996 0.5687645010952328 0.03183944542022727 0
997 0.5629778789822431 0.03307981522963053 0
998 0.559068293222743 0.0278326213215633 0
999 0.5567005654062115 0.03438312275456239 0
1000 0.5522205507028406 0.0294432680804055 0
1001 0.549950017037496 0.03586623831506286 0
1002 0.5454688581966873 0.03055233177069572 0
1003 0.5429580908874251 0.03731807054709201 0
1004 0.5382278342644645 0.03171194066902061 0
1005 0.5357339548411636 0.03865403858154125 0
1006 0.5308022381051241 0.03310517462748845 0
1007 0.5282832649996593 0.04015565322646743 0
1008 0.5233987587065054 0.03433224332325694 0
1009 0.5256665839832403 0.02782650180863308 0
1010 0.5189521675149553 0.02858841876989314 0
1011 0.5210216376927714 0.0224136993109624 0
1012 0.5146489071539819 0.02306438263475794 0
1013 0.5169718230219414 0.01684083043819667 0
1014 0.5105536030259585 0.01764098326976407 0
1015 0.512841528892588 0.01154168938790273 0
1016 0.5064432429535433 0.01235602346502175 0
1017 0.5087378241416428 0.006324034066059182 0
1018 0.5020258758053491 0.007251988738464212 0
1019 0.5047492349141611 0.0009626403983133778 0
1020 0.4976099684314127 0.001917388563727054 0
1021 0.5154608510955671 0.03447908600900167 0
1022 0.5002552683166317 0.01379508154735055 0
1023 0.5006024980670587 -0.00475061189743617 0
1024 0.4930953239672754 -0.003717204760825467 0
1025 0.4959433942084895 -0.01067963829271987 0
1026 0.4883981112818289 -0.009550154622557833 0
1027 0.4857373703612526 -0.002541285490479072 0
1028 0.4811290694146515 -0.007919403023087043 0
1029 0.4786086037838387 -0.001433591080052563 0
1030 0.4741504369226776 -0.006488115232309303 0
1031 0.4717328147645697 -0.0004049263141310934 0
1032 0.4674517252622116 -0.005449890757562322 0
1033 0.4652143567892297 0.000528380806271706 0
1034 0.4611379666411967 -0.004238128333091387 0
1035 0.4590398121515287 0.001494114805173107 0
1036 0.4551536817847438 -0.003014387029014594 0
1037 0.4531162141369606 0.002501590170129225 0
1038 0.4569967408806886 0.007193318475535691 0
1039 0.4509171474917598 0.008113460329227695 0
1040 0.449387523855064 -0.001950362783047941 0
1041 0.4553407806138022 0.01330591470573865 0
1042 0.4480977098787782 0.01424701066906871 0
1043 0.4838134657932391 -0.01480280720989673 0
1044 0.4631522787406015 -0.01021197707682292 0
1045 0.4532942922955968 0.01993305384868187 0
1046 0.503707626417074 -0.01173758775987778 0
1047 0.5151888800668527 0.005409480238650682 0
1048 0.5334046341179383 0.04648601824591103 0
1049 0.574470755281473 0.03041088737980603 0
1050 0.4456523679455736 0.02094275591253732 0
1051 0.440965036938061 0.01526383454107419 0
1052 0.4506397906632648 0.02711728291182195 0
1053 0.4383035429420968 0.02167646996560419 0
1054 0.4340149342963555 0.01614965039259012 0
1055 0.4313423097158287 0.02249532453658247 0
1056 0.4273351350969754 0.01710279564610834 0
1057 0.4243774104859632 0.02338621725832733 0
1058 0.4298145148946991 0.01133547934704178 0
1059 0.4240293515401012 0.01218944857813614 0
1060 0.4260663063572389 0.007155010767178557 0
1061 0.4210420626844262 0.007659811415061323 0
1062 0.422993274146393 0.003349698718287467 0
1063 0.6810274598487578 0.0139725179095053 0
1064 0.6757009497646301 0.01950678154465977 0
1065 0.4293637489249247 0.08995769914708936 0
1066 0.4590344696266242 0.02580998566327098 0
1067 0.6965609824940381 0.00719551379036831 0
1068 0.6911615239858256 0.1054066452112005 0
1069 0.6801836431197091 0.1161700206368085 0
1070 0.6957350453100055 0.1206459226822609 0
1071 0.6735877904901103 0.01286670006972415 0
1072 0.6684359344512637 0.01728505023435413 0
1073 0.5606910546341604 0.0395245095019611 0
1074 0.4560595597673551 0.03400850895606526 0
1075 0.4287263898813195 0.02921673944118743 0
1076 0.4208882356882976 0.03000462917890359 0
1077 0.4652251998643109 0.03218347159208241 0
1078 0.5478332981011265 0.0246217952597895 0
1079 0.5904590857340806 0.106430032002439 0
1080 0.6058921881616964 0.1106185874805924 0
1081 0.6188030532927045 0.04640534504351027 0
1082 0.611109688368872 0.04318485791567236 0
1083 0.6059367497641182 0.04865960856782468 0
1084 0.6037434360999218 0.04161483472699266 0
1085 0.4621158386801243 0.04140520382755692 0
1086 0.6707318926144665 0.02379205228713939 0
1087 0.6648028159040299 0.0222342853465017 0
1088 0.667309817670958 0.0113218871260062 0
1089 0.670910745597491 0.007042140639135286 0
1090 0.5991437686525855 0.04620005134681822 0
1091 0.7071133373524219 0.008306220215280657 0
1092 0.7035630365625813 -0.001867011755179378 0
1093 0.969384895375478 -0.01290397760696602 0
1094 0.4721626875068353 0.03944864462879817 0
1095 0.468747385821971 0.04941841985039888 0
1096 0.4189145075778399 0.01209275369437001 0
1097 0.4162622694157027 0.008288375012009179 0
1098 0.414338153506809 0.01224753799686469 0
1099 0.4119452178185218 0.008634298555802047 0
1100 0.4098967434179206 0.01233953611739215 0
1101 0.4137144809390074 0.00490869552066274 0
1102 0.4098122280171321 0.00524972032725419 0
1103 0.4114542672550831 0.001809522281533271 0
1104 0.4078422303646821 0.002213757588589539 0
1105 0.409296529320919 -0.001066551579225139 0
1106 0.6654210198611777 0.006441080695288851 0
1107 0.6686748161957673 0.001810958845055144 0
1108 0.6619341574478182 0.01081648350559952 0
1109 0.6169568963038996 0.03951882596385561 0
1110 0.6230698196835581 0.04118556272014247 0
1111 0.4276790430301164 0.002419512312835903 0
1112 0.4244144399113284 -0.001313167763598193 0
1113 0.5933958749130632 0.1205600766223332 0
1114 0.6076173622828882 0.1256571955186242 0
1115 0.6631909088502873 0.001527718691088067 0
1116 0.406253523041783 0.005272044300453176 0
1117 0.7151082999054659 -0.000373774953642592 0
1118 0.7113813229597682 -0.01168712811720705 0
1119 1.196802408791815 1.090094706228834 0
1120 1.25181009835464 1.032483830393018 0
1121 0.8137297292958765 -0.03078321264566602 0
1122 0.7773386616135146 1.047654846700229 0
1123 0.7018880110882516 1.027021267060599 0
1124 0.4528558777296779 0.04309632562308317 0
1125 0.4257065391811985 0.03628674825965512 0
1126 0.4172203431473418 0.03726450889048549 0
1127 1.343130638436114 -0.4932181975030318 0
1128 0.6898856128458081 0.4874804530106139 0
1129 0.6664278542736969 0.02812037253841078 0
1130 0.6607050190047097 0.02650776326733613 0
1131 0.6839246935519913 0.1325947106611708 0
1132 0.7008347582533656 0.1373666455776046 0
1133 0.3899915324042317 -0.4780346624791364 0
1134 0.4120097609899389 -0.4214937213423116 0
1135 0.4012524265293882 -0.5870143278369766 0
1136 0.349045466906707 0.01798676621520468 0
1137 0.7521689045108158 -0.2666595349392265 0
1138 0.7840817109066759 -0.2608948702711644 0
1139 0.7637578073925833 -0.2371899699707459 0
1140 0.7968114871068727 -0.2311070202260166 0
1141 0.7733514219312306 -0.2069619484576951 0
1142 0.6926911397637545 -0.1594063697410783 0
1143 0.6945208035829904 -0.09152371709848739 0
1144 0.702519947325134 -0.08161719875673282 0
1145 0.7074968178286902 -0.09398064520214107 0
1146 0.7164038100110981 -0.08289490031493549 0
1147 0.7218454630612375 -0.09675744571304659 0
1148 0.8067491789760541 -0.2014684832467054 0
1149 0.7317417700782497 -0.08440860846752715 0
1150 0.7377532255345015 -0.09982880448018358 0
1151 0.8204617820621463 -0.2553216895980017 0
1152 0.7483420803129137 -0.08648608574342262 0
1153 0.7551351004987611 -0.1031065535932056 0
1154 0.7409538384581082 -0.07127028307811284 0
1155 0.6215292269290849 0.03563009325897554 0
1156 0.6270600203065384 0.03684550332340934 0
1157 1.322690322700503 -0.3846198082593063 0
1158 1.339973315245612 -0.328180578517536 0
1159 0.4794694574623177 0.04728984476029681 0
1160 0.4758596973332152 0.05798927386935517 0
1161 0.4867557331019524 0.05564218209910481 0
1162 0.4833633214196139 0.06710728755032476 0
1163 0.4962254104677196 0.06453876672127878 0
1164 0.4916121394385414 0.07678471529230932 0
1165 0.5049662934547997 0.07594113062264492 0
1166 0.5001612408796926 0.08717050662137654 0
1167 0.514042146813517 0.08550727521253793 0
1168 0.4423723742465498 -0.9263824061960553 0
1169 0.4979800957425416 -0.9932595604302038 0
1170 0.6163497602190847 0.03334552738877326 0
1171 1.273299289962444 1.109884049473801 0
1172 1.329539955224558 1.052217116612937 0
1173 2.059451373422503 0.3120953444053526 0
1174 1.002964585915481 -0.004129497718978044 0
1175 0.9789645051835852 0.02054341303175052 0
1176 2.547664112670943 -0.9486321762078017 0
1177 2.572607302108015 -0.8597634868375048 0
1178 1.938153109062929 -0.4150653474130894 0
1179 0.9830455985000082 0.2106484954543475 0
1180 0.6368037941998094 -0.005500003779236477 0
1181 0.6339959138155509 -0.005117083685078683 0
1182 0.6181119078364159 0.01563596804801318 0
1183 0.451237483609751 -0.007212213365327675 0
1184 0.4455652262930493 -0.00624828410242248 0
1185 0.4474969350763343 -0.01204267141188678 0
1186 0.5091724209831261 0.09781050838855473 0
1187 0.8630376325180709 -0.089352239108761 0
1188 0.566935848931675 -0.0397427637687384 0
1189 1.329404673579961 0.5708316686535765 0
1190 0.5327383032179086 0.7198836430042868 0
1191 0.5473591938312825 0.7883060579526 0
1192 0.4780035604552769 0.7679082697635804 0
1193 0.4938891039236128 0.8396040024655751 0
1194 0.4206996836355461 0.8173391126490303 0
1195 0.4386132839594284 0.8903204002777678 0
1196 0.4048637104633522 0.7454108605292383 0
1197 2.589656659691844 -0.1598982735873971 0
1198 2.562891544891581 -0.2435344525872295 0
1199 1.195516624062938 -0.7741017729732157 0
1200 0.7238877048165983 -0.009420536191309092 0
1201 0.3487015324899845 -0.01334804170412382 0
1202 2.147569791934658 -0.4304421495969453 0
1203 1.78540813802483 0.8030571572110017 0
1204 1.723885347849402 0.8594866617779575 0
1205 1.806727184354512 0.8787000385721974 0
1206 1.750599212262836 0.9353877224323223 0
1207 1.830108777934617 0.9561794962038688 0
1208 1.772808009618088 1.014551428463185 0
1209 1.85326920276046 1.035477848829622 0
1210 1.91163389683183 0.9758606572792151 0
1211 1.935348076725517 1.056951552088994 0
1212 1.995764486375063 0.9941332360891587 0
1213 1.686440777042909 0.9936464134126777 0
1214 2.019319930300805 1.078599621569843 0
1215 2.080723984363705 1.014413727514167 0
1216 2.104619655016782 1.10067681270598 0
1217 2.166058277873809 1.036849862253734 0
1218 0.5073307626534915 0.02434711001325079 0
1219 0.3201866706293675 0.2960227947173427 0
1220 0.7109037942212437 -0.06811725137707228 0
1221 1.386141627033187 -0.5424730756064223 0
1222 1.235264860508783 -0.005704900042502664 0
1223 2.522827115464087 -1.035193713013081 0
1224 0.4045140448951142 0.002506367029481068 0
1225 1.710791092563659 1.072625988450207 0
1226 2.615865570796353 -0.07626499758301498 0
1227 0.5947777318204692 -0.1165484453784228 0
1228 0.5807135825032536 -0.1137891727591922 0
1229 1.343497360466213 0.06105676292375739 0
1230 0.6891351345637997 -0.3372821123678715 0
1231 0.348448529241331 -0.02597217695074542 0
1232 0.3599407851828961 -0.01758564266549573 0
1233 0.441299526416277 -0.01105615930325375 0
1234 0.4434556306579838 -0.01733558915016976 0
1235 0.4365104668840963 -0.01616249493306701 0
1236 0.4389872594915896 -0.02319018541486838 0
1237 0.4314705813789297 -0.02179136038976218 0
1238 0.4340086145624072 -0.02960400484365962 0
1239 0.425778508121989 -0.02831086776261351 0
1240 0.44266584462876 -0.03088043998274741 0
1241 0.4284281839417537 -0.03718395255907499 0
1242 0.4177020622103803 -0.03431367787861379 0
1243 1.762877612995242 -0.1071293769714918 0
1244 1.80973412158812 -0.1585129593797812 0
1245 1.828524501203537 -0.08950159757873632 0
1246 1.877410997893195 -0.1402310132632077 0
1247 1.897086921442318 -0.07320302094584509 0
1248 1.950910756592401 -0.1248417447617165 0
1249 1.847454708823944 -0.02168530556520157 0
1250 1.916378733152914 -0.005778536956872284 0
1251 1.86715607719957 0.04533690325635692 0
1252 0.6412943143492411 -0.006772583858719584 0
1253 0.6433413850098186 -0.006879716667047683 0
1254 0.6444401687710722 -0.008869736755427435 0
1255 0.6456197244871789 -0.00699560776984651 0
1256 1.690748203313948 -1.034238770365182 0
1257 1.284274228859545 -0.9468103468910338 0
1258 1.586910572272465 0.06366009196957692 0
1259 0.5798919164011745 0.1152869132930926 0
1260 0.4987674696105523 -0.0180889687281912 0
1261 0.5069165389885135 -0.01919785644250986 0
1262 0.5012020072378585 -0.02610517331568439 0
1263 0.5103754793325532 -0.02718115758165381 0
1264 0.5041786488552676 -0.03455595981021081 0
1265 0.5141374049308504 -0.03571705294206814 0
1266 0.5081680750421594 -0.04314275705267325 0
1267 0.4973530750705891 -0.04213831115961646 0
1268 0.5180888467841538 -0.04465222611465795 0
1269 0.5014551928571586 -0.05174328341626366 0
1270 0.490134748872941 -0.05023748890359831 0
1271 0.5147992155047311 -0.02002469500415967 0
1272 0.4944755131629291 -0.06123129296607945 0
1273 0.481802354629094 -0.05918713833776798 0
1274 1.780223246000371 -0.7194555651780039 0
1275 1.350800221643891 1.130466033393458 0
1276 0.686550699244719 -0.1022792251927139 0
1277 2.143215369627933 0.948425151701114 0
1278 2.228331466595245 0.9714813230596184 0
1279 2.252744457056877 1.058472589380105 0
1280 2.314591522500729 0.993401000551117 0
1281 2.289893939777442 0.9067762680430749 0
1282 2.375942553479696 0.9283033938997678 0
1283 2.350362660391016 0.8423522576486367 0
1284 2.437360072602417 0.8630276538420218 0
1285 2.463735008810929 0.9493752018223103 0
1286 2.411374653982498 0.7773067449473987 0
1287 2.52616389927913 0.8831387135580334 0
1288 2.553044004258105 0.9705384438473215 0
1289 2.340154967354352 1.080258486261724 0
1290 0.5975725640847873 0.03942770567113622 0
1291 0.5928089237260873 0.04368903964970363 0
1292 0.9096796176886175 0.8250635873224583 0
1293 0.9394019784512868 -0.106800331136146 0
1294 0.9273579195178054 1.087801691108041 0
1295 0.624962526881338 0.03212804458296109 0
1296 0.6305286133307694 0.03223935223511305 0
1297 0.6243804524478311 0.01492677913436976 0
1298 0.6234437673995437 0.01687666748741868 0
1299 0.6256664684593353 0.016675512047769 0
1300 0.632535241526314 0.03811191197814452 0
1301 0.6362416658556858 0.03384019662195067 0
1302 0.6128055305964067 0.007256553626101038 0
1303 0.6663510808910488 -0.003345151791130222 0
1304 0.6347833424278367 0.0286870827890756 0
1305 1.825276747337718 -1.073554596065099 0
1306 1.909454396136835 -1.054832426915526 0
1307 0.5958615324912806 0.1359169120178186 0
1308 0.6270241828712206 -0.0151170107395921 0
1309 0.6257882811524179 -0.01145244477408379 0
1310 0.6233156437548788 -0.01435265561962567 0
1311 0.622162884942506 -0.01070427377161982 0
1312 0.6195940330739181 -0.01361670457481252 0
1313 0.6245844702908014 -0.007916660131849411 0
1314 0.6210745706954981 -0.007228454562134475 0
1315 0.6233444021217532 -0.004667168170460854 0
1316 1.133005942221292 0.2080156681727101 0
1317 1.231032933558128 -1.098789911497289 0
1318 1.317470483070742 -1.077815520611813 0
1319 1.151829662412685 -1.114833927273701 0
1320 1.876139299697106 -0.9088944461724759 0
1321 0.4123485509285612 -1.006877718633743 0
1322 0.3548345530296091 -0.4294808533270338 0
1323 0.3823736183887748 -0.3707149341770377 0
1324 0.3289711669192655 -0.4852784149347126 0
1325 1.033149271186488 -0.4741503291110455 0
1326 0.4218031690443275 -0.04542857282752097 0
1327 0.4109153682033549 -0.04343479510004903 0
1328 0.3603869594592105 -0.03195209837453236 0
1329 0.4072757956110934 -0.03312589197819774 0
1330 0.369157401720379 -0.0235863625273377 0
1331 0.3707396643135324 -0.0355800083525407 0
1332 1.061185275626566 1.123830405476599 0
1333 0.5240214381550787 0.01631633191274855 0
1334 0.3809783490575976 -0.8590325825485078 0
1335 0.8675389762433229 0.003690605490090057 0
1336 1.045477255181373 0.6534567094176557 0
1337 0.4682535141691165 -1.073648405120562 0
1338 0.6724391193444637 -0.002865404603253048 0
1339 0.4203575905052964 0.3656569368045622 0
1340 0.3863913481588886 0.4027795312724508 0
1341 2.479653897847346 -0.2623713841220811 0
1342 2.535770107597623 -0.3280218833224011 0
1343 2.616065508752659 0.9034795970186416 0
1344 2.588756778315565 0.8151800448792987 0
1345 0.5234932923350279 -0.03656641585447817 0
1346 0.5278335775249097 -0.04543956690818399 0
1347 0.5222367798735602 -0.0539864744361788 0
1348 0.4759298444027141 0.004868293448555024 0
1349 0.7430422866755173 -0.1174209318168462 0
1350 0.7937367556532675 -0.321039644403267 0
1351 0.7837524364766921 -0.388684200660052 0
1352 0.5232763791913638 0.09488023769943781 0
1353 0.7227998565856401 1.104594767452596 0
1354 0.6433287187067754 1.082004720062096 0
1355 0.4321213646868412 -0.3706947824778569 0
1356 0.5327279634564472 -0.05479803132223602 0
1357 0.5265714706513981 -0.06404903642894121 0
1358 0.635464640611604 -0.02907023779834815 0
1359 0.5781671354310236 0.009013826082482551 0
1360 0.6406068150919028 -0.07288251421796535 0
1361 0.8274284669395717 0.3382666342354955 0
1362 0.762546162233194 -0.1212969862884684 0
1363 0.6718596959181955 -0.1874122942913482 0
1364 0.6111204892453626 0.1409418295255389 0
1365 0.3029597551971404 0.1071182563946469 0
1366 0.3060556207859894 0.1392714410871443 0
1367 0.7268767128907847 0.004610658230592211 0
1368 0.6468304071221784 -0.008948465757308588 0
1369 0.6482670726967381 -0.006954913127526295 0
1370 0.5596356127352644 -0.007930154342570495 0
1371 0.5548999021933073 -0.006543619840412418 0
1372 0.5512855390483633 -0.01027379945640312 0
1373 0.5499347157128958 -0.005018013603195877 0
1374 0.5460505952397039 -0.009063003819910039 0
1375 0.544667696720495 -0.003570431642891145 0
1376 0.5487556796358712 0.0002958945809528409 0
1377 0.540471704704421 -0.00753092693626169 0
1378 0.5420228697991183 -0.01336059111839061 0
1379 0.5433790749310417 0.001929806516266056 0
1380 0.644611232465649 0.009069550258376281 0
1381 2.64303545903613 0.9922532993461002 0
1382 2.579453993793336 1.059854375282822 0
1383 0.7664862488727181 -0.08918179097355697 0
1384 0.3359380626510557 0.388636139756771 0
1385 0.3484751043496502 0.4423978998890363 0
1386 0.5379539976926913 -0.06492548455134296 0
1387 0.531197096338745 -0.07507099573053017 0
1388 0.7159439190184672 0.3049525217294262 0
1389 1.935707606254077 0.06227653046757845 0
1390 1.885399882544528 0.1126059900521408 0
1391 0.5186923304671216 0.1080060604989548 0
1392 1.321885489074969 -0.5555469610557923 0
1393 1.278698789156858 -0.5062011911544384 0
1394 1.365599402096605 -0.6059409799569349 0
1395 0.6267921438742093 0.4322459276158929 0
1396 0.4459900500537535 -0.1848892103862619 0
1397 2.622168130812021 -0.3092786858978653 0
1398 2.594791479597904 -0.3941654556703783 0
1399 0.5758586598127053 0.07728870323813858 0
1400 0.5837788413415624 0.4184562086338449 0
1401 0.639644103093715 0.0297696867845101 0
1402 0.6380736795483934 0.02458202043381155 0
1403 0.6418013863823439 0.03482627699412359 0
1404 2.611650347697743 -1.0158106173565 0
1405 0.5908574543831957 0.2650264362257124 0
1406 0.5744168772386072 -0.008623943932837138 0
1407 0.6620568170461626 0.03265618110087412 0
1408 0.6684947213676434 0.03446747631274793 0
1409 0.6452257865605571 0.0003658693489478655 0
1410 0.992607661443914 -0.8165856951218708 0
1411 0.4627100811330205 0.05982021946536684 0
1412 0.6900654983504022 -0.1901987304871258 0
1413 0.6784035506448408 -0.205805717538941 0
1414 0.6209752354423969 -0.05534479425983715 0
1415 0.617958856817861 -0.04733825258051433 0
1416 0.3217059968575628 -0.3822173049473772 0
1417 0.6454906118498658 -0.0111309494275392 0
1418 0.4030440257614347 0.005158229361151199 0
1419 1.012798834227408 0.02945331153863306 0
1420 0.3460995142448923 0.7940479237073569 0
1421 0.6496764112605813 -0.009480803083163125 0
1422 0.5927518224132828 -0.005826950729699564 0
1423 0.6228663863023818 0.12997135794395 0
1424 0.6268815953749556 0.1457229858204914 0
1425 0.7194971007028466 -0.0216272974638119 0
1426 0.7332691823205996 -0.01953616450424268 0
1427 0.487103245570494 -0.07165079042478228 0
1428 0.4727565266443164 -0.06934294228886401 0
1429 0.4785297536313445 0.07918173244411937 0
1430 0.4944733526101853 0.1009268977882705 0
1431 1.87599302405694 1.11652181854807 0
1432 0.7125847238023215 -0.1069567077492951 0
1433 0.5727960479821179 0.03625399366719061 0
1434 0.2162223523681775 -0.08124752332455497 0
1435 1.158602800612951 0.9378743186471565 0
1436 0.6265980984171349 0.01462955745183466 0
1437 0.6280209323865085 0.01646260388474093 0
1438 0.6289692891363167 0.01422824690718243 0
1439 0.6305016090764221 0.01612268583361498 0
1440 0.6314301801938149 0.01381648608159653 0
1441 0.6299057218370195 0.01195447465184054 0
1442 0.6322951823211942 0.01156252432672991 0
1443 0.6338213682875815 0.01335583745710217 0
1444 0.6308010813993001 0.009742362781499255 0
1445 0.6208094698345994 -0.0174246497572538 0
1446 0.6167870566099527 -0.0166900856959529 0
1447 0.6181478233362541 -0.02070776725568959 0
1448 0.6140976482982458 -0.01983262413889558 0
1449 0.6153173690541122 -0.02412853297664914 0
1450 0.6104465995113216 -0.02252399792009603 0
1451 0.6122366040916717 -0.02785956819370755 0
1452 0.6070654689635568 -0.02685194235844074 0
1453 0.6169429757881352 -0.02865387093247754 0
1454 2.325147472828427 0.7569223852059028 0
1455 2.384173900148361 0.693051359111279 0
1456 2.587359939687682 -1.103300438628325 0
1457 2.496385704539113 -1.126555865259673 0
1458 1.70820921394865 -0.2955693004688583 0
1459 0.6200117278660352 -0.004019593603171605 0
1460 0.6221950119079447 -0.001548356741695257 0
1461 0.6176809407730772 -0.006486694039275809 0
1462 0.6701438846123886 -0.008949547472905221 0
1463 0.4326932971753921 -0.04704066681198756 0
1464 0.3426549634342337 -0.3300325708757854 0
1465 0.2889767075515259 -0.3383387441201138 0
1466 0.6270587939202957 0.0191142003531091 0
1467 0.5584350824951132 -0.003335298244992962 0
1468 1.283718402354947 -0.3399037298934551 0
1469 1.300865176009054 -0.2864764077103971 0
1470 1.356239129000316 -0.2729185710831701 0
1471 1.408264460935864 1.071601085925924 0
1472 1.429776170487922 1.151402235060676 0
1473 0.6425655480671938 0.02599048421857711 0
1474 0.6414992087911152 0.02186355539201564 0
1475 0.6455701310644677 0.02280609725169486 0
1476 0.6440682081171513 0.01930402666469348 0
1477 0.6478656079490348 0.01939460666379695 0
1478 0.6457958971673674 0.009047954609726081 0
1479 0.6465459750100556 0.007927001170832657 0
1480 0.6473215086384454 0.009213498262663556 0
1481 0.6481278929896166 0.007868641508824985 0
1482 0.6490451884896848 0.009405160212687762 0
1483 0.6452196235104182 0.01016943060827896 0
1484 0.6501350679130179 0.007532441461765145 0
1485 0.6512464811907445 0.009571437701417756 0
1486 0.6476974668322981 0.01066433302429255 0
1487 0.6447075640643944 -0.0006956498200310032 0
1488 0.6460394234072377 -0.0007105822792088876 0
1489 0.678725068649622 -0.04630261361613621 0
1490 0.6253203235003212 -0.002163072115746082 0
1491 0.6242010291676617 0.0006967984901168862 0
1492 0.6270383587071613 0.000164588211323054 0
1493 0.6213069785587721 0.001262275330261431 0
1494 0.6512823405974995 -0.006694800629190614 0
1495 0.6528336138167441 -0.009389012792428104 0
1496 2.676113251361033 -0.1413131281582511 0
1497 0.6766678682589542 -0.008155629282351346 0
1498 0.988132295792387 0.05396221490447473 0
1499 0.5477337955542549 0.04269116473083708 0
1500 0.6089540303284029 -0.03203340840478609 0
1501 0.5470735464708508 0.448441293580076 0
1502 0.478085637316817 -0.04711318159044144 0
1503 1.31685395266022 -0.2309901608500987 0
1504 1.371776279432949 -0.2182460494487537 0
1505 1.33562388547276 -0.1769002480891183 0
1506 0.9554423335097499 0.04474574257279704 0
1507 0.9638665760439107 0.0776329589958728 0
1508 0.9322134132546311 0.06884195406087489 0
1509 0.9403469963401423 0.1006458054033068 0
1510 0.9095487370584543 0.09232788924827012 0
1511 0.9175528328722452 0.1230641231378589 0
1512 0.8875495225455226 0.1149759952731365 0
1513 0.8953371103076022 0.1449808607713896 0
1514 0.8671425187461349 0.1368670734553178 0
1515 0.6524653638345269 0.007542871262457956 0
1516 0.3844493133795635 -1.089887802694261 0
1517 0.6877415926926119 0.1498240718061153 0
1518 0.706065560004166 0.1543615868346035 0
1519 0.7196528310112937 0.141316665592981 0
1520 0.7258150422639145 0.1601548504354549 0
1521 0.740656739853703 0.1449485580100209 0
1522 0.6847299027899769 -0.03914633525024011 0
1523 0.6242895364985118 -0.06382691834504757 0
1524 0.5388573509283491 -0.04468149369187747 0
1525 0.837158141713183 -0.09292629305031022 0
1526 0.8543322752067186 -0.1134921917871806 0
1527 2.227502176580428 -0.409462304713553 0
1528 2.170452828202456 -0.3503400837030434 0
1529 0.3291643790660881 0.718709466808726 0
1530 0.5557668584460068 -0.02955033271182442 0
1531 0.5502284048223675 -0.02796728692270274 0
1532 0.7961010478364107 -0.9307002154971424 0
1533 0.7727265635441209 -1.002445773870135 0
1534 0.7497264868856318 -0.1368949186987387 0
1535 1.817991318108658 0.09568647258189907 0
1536 1.836169237350887 0.1628068382841721 0
1537 0.8371312284411391 0.5922654179264032 0
1538 0.6641131790620581 1.162220147198511 0
1539 0.5835954128932334 1.139367800220035 0
1540 0.7454133326233975 1.18447504520321 0
1541 0.6260038717637134 0.002636102570170073 0
1542 0.6286816942294935 0.002164757438923614 0
1543 1.769472663949206 0.1452729132546894 0
1544 1.787129545272437 0.2112969113066481 0
1545 1.721799419733558 0.194209915496157 0
1546 1.739040989608866 0.2590039912047216 0
1547 1.674892663682602 0.2423958536224374 0
1548 1.692149287150156 0.3068090619928723 0
1549 1.628484021123781 0.2900120784922213 0
1550 1.645384235205282 0.3544967494016805 0
1551 1.582273831483024 0.336815401379374 0
1552 1.71036310515183 0.3715856867440903 0
1553 1.662351255007329 0.4200233637538879 0
1554 0.5987825289783231 0.1522972579486347 0
1555 2.670334300575059 1.082144229756119 0
1556 0.7577969494639587 -0.4803041427518172 0
1557 2.679203629616026 0.8356032227504178 0
1558 2.651935224970435 0.7467798926567562 0
1559 0.309737053327687 0.01366420049109282 0
1560 0.5604601180371234 -0.6127103341248503 0
1561 0.6356601298800373 -0.003133115146959404 0
1562 1.430725614837467 -0.592689072894765 0
1563 0.4146745058414215 -0.05526451712415678 0
1564 1.205335025520962 -1.176820248046667 0
1565 1.127127995943651 -1.190224271707867 0
1566 0.603625901423036 -0.03099829207813615 0
1567 0.6053915664883054 -0.03649469489202645 0
1568 0.369509018215898 -0.01389530095051761 0
1569 0.3758546609934713 -0.01758942120746384 0
1570 2.507382078644235 -0.4125518341050501 0
1571 2.566605969645677 -0.4789718123920743 0
1572 2.655125083748045 -0.4610643853973778 0
1573 2.626437048559655 -0.5472181853155274 0
1574 1.883206947229136 -1.13860595890019 0
1575 1.969038914673944 -1.119337664694089 0
1576 1.995002736566291 -1.034508043303934 0
1577 2.055613143655676 -1.099408101970555 0
1578 1.79068853618428 -1.146824937488629 0
1579 0.6290258990945847 0.05593902418536104 0
1580 0.4439136905546304 -0.001238498420539063 0
1581 1.218458703670461 1.162922859670508 0
1582 0.6423789539271448 -0.005163235795509899 0
1583 0.4014791067680537 0.002626992757810586 0
1584 0.4028101729324639 1.426515016366282e-05 0
1585 0.3998475829162346 0.0002074206793227141 0
1586 0.4010897362154256 -0.002290060333479258 0
1587 0.3982279518603807 -0.002201792924804835 0
1588 0.3995721760122605 -0.004878094536716248 0
1589 0.3965977162768974 -0.00469695012783851 0
1590 0.397925160798001 -0.007634508378203477 0
1591 0.3941234721808987 -0.006958940466149744 0
1592 0.4013280353979005 -0.007415838895388806 0
1593 0.396072041052246 -0.01088897179632446 0
1594 0.3897709325568305 -0.000506211776136637 0
1595 2.042456179957752 1.164472163484254 0
1596 2.128977162123894 1.187395278877406 0
1597 0.5937331961976385 0.0510339863438698 0
1598 0.4747039282106041 0.02971903381691144 0
1599 0.4381158747417806 -1.156906142873765 0
1600 0.5255215843441151 -1.140557220578155 0
1601 0.5826914291332967 0.1466785672591492 0
1602 0.2924846220157274 0.4284399514130275 0
1603 0.3061946863215242 0.4876298483338675 0
1604 0.5279791100461303 0.08262339890173892 0
1605 0.3501868089397986 -0.0383245909746003 0
1606 1.307354269860872 0.9750251488870801 0
1607 0.7464842734234522 0.1675602141673076 0
1608 0.762691802680303 0.1497746981300234 0
1609 0.6117830383800442 -0.1647055712281102 0
1610 0.6138288260437539 -0.05353269046259585 0
1611 0.5361069994825214 -0.011766010954973 0
1612 0.5345523094096093 -0.005759750279927301 0
1613 0.5377945758102513 -0.01780934336544526 0
1614 0.6620286035833639 -0.05489971318534281 0
1615 0.4016485117125169 -0.05304110423959242 0
1616 0.412986139725199 -0.001728402315946301 0
1617 0.5249675470153079 0.04813962578932998 0
1618 0.4783998784207278 -0.08331361264165062 0
1619 0.4926323862638807 -0.08434513137335486 0
1620 0.6345879419430954 0.01121471070353219 0
1621 0.6360449746147634 0.01289223712874269 0
1622 0.6353494568406597 0.01502238422834645 0
1623 0.6366028265065256 0.01095301311417788 0
1624 0.6381086347778531 0.01247741476545468 0
1625 0.6716513973964934 -0.03133193002152009 0
1626 0.3487176899468965 -1.172002211263989 0
1627 2.606140328297009 1.150679001623831 0
1628 2.697925937719859 1.172843363248321 0
1629 1.851758228065757 0.2318176845421012 0
1630 0.4034729361707909 0.456194569044975 0
1631 0.4105974278013492 -0.00499184578855892 0
1632 0.4148768400042543 -0.005659544575998075 0
1633 0.4120625427371028 -0.009323427474006057 0
1634 0.5831621041725762 -0.03081954386620457 0
1635 0.7223013440536319 -0.2729766466669226 0
1636 0.4129073151776727 0.03046779481681801 0
1637 0.4090407164763787 0.03817414352841264 0
1638 0.4037010336726812 0.03024926275734799 0
1639 0.4000469637297317 0.03899991131182434 0
1640 0.3943381890993566 0.03132300053490036 0
1641 0.6472002990843442 0.02681211069231897 0
1642 2.67687483367267 -1.084111268160261 0
1643 0.6511792813923909 0.005302310780288406 0
1644 2.406927130980972 0.247752307375334 0
1645 2.431696266113612 0.3284063514880272 0
1646 2.489987329852067 0.2659318209499933 0
1647 2.515085258599738 0.3486188549767531 0
1648 2.574648141062261 0.2847912311126179 0
1649 2.600020580348831 0.3688656113102469 0
1650 2.53966764348933 0.4330006006241949 0
1651 2.625761281607059 0.4538417187100499 0
1652 2.660569312793328 0.3043200656779557 0
1653 2.701071416333471 -0.05780581813897158 0
1654 0.4236283141267012 0.04586103533558104 0
1655 0.5475502363083532 0.005739112361271854 0
1656 0.5421356016071581 0.007485772731605338 0
1657 0.4507528293875163 -0.01691906313623618 0
1658 0.6405476133973322 0.008077090549989105 0
1659 0.6410920121698573 0.00914406398677042 0
1660 0.5918823454098132 0.03696568015556102 0
1661 0.5967750649919401 0.03273335511682062 0
1662 0.5912879684845196 0.03090057345618493 0
1663 0.5952267007137142 0.02725406415227369 0
1664 0.5906183682835633 0.02557943499525666 0
1665 0.5944278920370719 0.02251095619282854 0
1666 0.5982910774097207 0.02380449228093641 0
1667 0.5901011190250812 0.02087506662783465 0
1668 0.5935454244246894 0.01815531753588117 0
1669 0.5895745476541883 0.01655578048643279 0
1670 0.5927666171463527 0.01393300522919708 0
1671 0.5889723438366722 0.0124743026364066 0
1672 0.5858977194287142 0.02344568005480882 0
1673 1.555083676327361 -0.2146137278608233 0
1674 1.974841024920585 0.9078863282744563 0
1675 0.5854144795708542 -0.1277616637614044 0
1676 2.373803866843178 0.3878253790988942 0
1677 2.703275641766021 -0.9935278185656541 0
1678 0.6131158689665595 -0.01564099366567884 0
1679 1.1051023285724 0.5249327134933461 0
1680 1.857507530948203 -0.2070975267274728 0
1681 2.634470684001289 0.2194622609751557 0
1682 1.98612064851855 0.01240430049416632 0
1683 2.00260900055454 0.08253549173779068 0
1684 0.5368959585554811 0.0917183230046347 0
1685 0.5869061163291758 0.04847552653361188 0
1686 0.6453765223659189 -0.00199237667186154 0
1687 1.17453188053301 -0.174426379341442 0
1688 0.8282164451875436 -0.1179322758433491 0
1689 0.8456731693241357 -0.1383780053294359 0
1690 0.6160301073294538 0.3886564418839175 0
1691 0.5773666137826993 0.3721116527793845 0
1692 0.6571151250676894 0.4011565464805308 0
1693 0.5965309392483329 0.01532656536703671 0
1694 0.3901618071087711 0.03959181815260429 0
1695 0.3855808412392552 0.03000069300146459 0
1696 1.258613291943281 -0.5676283774959474 0
1697 1.217246139317711 -0.5192794546785658 0
1698 0.4514707175018377 0.3259701656551519 0
1699 2.762911531892373 -0.122311686970085 0
1700 0.592069642950215 0.01007474844520327 0
1701 0.5884783762546145 0.008634466702528501 0
1702 1.020749373687879 0.3221209588983917 0
1703 1.240553881891032 0.1706357077538558 0
1704 0.5412290550420004 0.07904250269104016 0
1705 2.564859273288924 0.5159469153048863 0
1706 0.6986071968725721 -0.208765599935723 0
1707 0.7109492885841823 -0.1916488221031076 0
1708 0.3912015898405764 0.02481868871402996 0
1709 0.3803565873804325 0.02451987152130966 0
1710 0.3897770879806347 0.009034321704422905 0
1711 0.7101117946227613 0.08582598745857488 0
1712 0.262464105976901 -0.3939910931600581 0
1713 0.4417662251828441 -0.6392302275180548 0
1714 0.3723491376933004 -0.6495344474350644 0
1715 0.6353349136837243 0.009228314420677616 0
1716 0.900310296998204 -0.4641976145017909 0
1717 0.7304082012733489 0.8377990501571607 0
1718 2.721507623686711 0.2389119801813315 0
1719 0.5694961865014874 -0.1247487818799161 0
1720 0.7688868619084659 0.1740789630082163 0
1721 0.7857457398599991 0.1555258742381725 0
1722 0.7931303611393324 0.1795903470137876 0
1723 2.081362624419087 -1.013972411943547 0
1724 2.143230962907774 -1.079055975390782 0
1725 2.117001154315325 -1.166051966892835 0
1726 2.206443736531832 -1.145292018164212 0
1727 0.770437004817607 -0.1410314811766847 0
1728 0.8602100831029549 0.1069218248961759 0
1729 1.408300462839091 -0.6570141156581927 0
1730 0.3920286670263035 -0.01058767278750909 0
1731 0.3938344173705369 -0.01492130869686652 0
1732 0.3996297876735606 -0.0143868731156881 0
1733 2.744018921843677 0.3252738920182782 0
1734 0.6642390429573679 0.1122511233419557 0
1735 0.4897741145129728 0.04522162488816114 0
1736 2.283475833637866 -0.4678722558692806 0
1737 0.6636198509746425 0.039453511496805 0
1738 0.6708101629916059 0.04162003621050571 0
1739 0.8740750014514975 0.1672792299687169 0
1740 0.3120943065695306 0.2519151471563025 0
1741 0.2748808817326558 0.2805414222561814 0
1742 0.2687118874572414 0.2290074886991277 0
1743 1.245797454665203 -0.2994100334108696 0
1744 1.228934519711511 -0.3505072542998212 0
1745 0.6618225915367917 -0.1277281400527413 0
1746 2.716079327261589 -0.528994742728554 0
1747 2.687131759183178 -0.6164897799657305 0
1748 2.734977904766386 -0.4344912465488719 0
1749 0.2425929626331833 0.4701003118339013 0
1750 0.2604333958338018 0.53504469213473 0
1751 0.3088446150706881 0.0441697386688665 0
1752 0.4171484656340255 -0.01018000236398995 0
1753 2.250108905518724 -0.330068574780554 0
1754 2.192727221013651 -0.2717775945080735 0
1755 2.114550018227502 -0.2913491024513624 0
1756 2.136245703865953 -0.2145302684394198 0
1757 0.9037522553204984 0.1752080973999964 0
1758 1.487023484093744 1.091507287728493 0
1759 1.510581656299182 1.171538548749258 0
1760 1.464991285226778 1.012946144768409 0
1761 2.650984522880652 -1.173091415623041 0
1762 1.411324282808333 -0.2589417544843182 0
1763 0.2258056738458308 0.2641970238962399 0
1764 0.3107674512076632 -0.2888364280937296 0
1765 0.2505786298840034 -0.2886354288789068 0
1766 0.3594526518539639 -0.2820832317391841 0
1767 0.3769794293680688 -0.009180837904201463 0
1768 0.370226543320348 -0.005976302450060846 0
1769 0.5664968591969 0.8612223965112449 0
1770 0.4064074435216773 -0.06594848761175859 0
1771 0.4001435777097769 0.005178458495452939 0
1772 0.4016687157395645 0.007657952665057317 0
1773 0.3989281710598218 0.007597643733835102 0
1774 0.4005398307946622 0.01038204482984963 0
1775 0.3971309161278079 0.009932041953266788 0
1776 0.3991948179775447 0.01330513946111097 0
1777 0.3955084186010446 0.01319877562016359 0
1778 0.562919116132479 -0.004540379995228446 0
1779 1.037619846625058 0.004718642268767406 0
1780 1.047976325064109 0.03930518508400623 0
1781 0.3960900111910203 0.04887439779683357 0
1782 0.4606776557310756 0.01118803622075075 0
1783 0.6538325169075361 0.005273712362325992 0
1784 0.6523335331010611 0.002902532749122596 0
1785 0.6999430727732708 -0.01208258121510653 0
1786 0.4650501731210195 0.1402126768519271 0
1787 0.4291687648391269 -0.002136185305575074 0
1788 0.6303115981212006 -0.04403086006642789 0
1789 0.8502213713121147 -0.9851522370910919 0
1790 0.8241368942249745 -1.062751176897277 0
1791 0.7404488738700621 -1.077506791380193 0
1792 0.7993350845201526 -1.141547245930793 0
1793 0.8781256906894754 -1.124459942360327 0
1794 0.8474048178101962 -1.202463944807706 0
1795 0.768015204340852 -1.219336178304408 0
1796 1.451422989902889 1.232826391607893 0
1797 0.4635829360248559 -0.08086189575104402 0
1798 0.4214979942319698 -0.06768829061888612 0
1799 0.2743419142123391 0.1247982912057951 0
1800 0.3851668920136953 0.01773763883203694 0
1801 0.3974419798084077 0.01667623879009357 0
1802 0.633154375163259 -0.002764555252314027 0
1803 0.6166578081118433 -0.003339142449385321 0
1804 0.6142704342378631 -0.005739409392343093 0
1805 0.5717931464260598 -0.01516686175626315 0
1806 0.519527362852616 -0.1361441629704913 0
1807 1.387836759381242 -0.1644874489966747 0
1808 1.349912538600994 -0.1242549471228773 0
1809 0.6884153459896836 -0.04800944782403138 0
1810 0.6348106741917606 -0.0009561973640497983 0
1811 0.6370705767745383 -0.001297046891678308 0
1812 0.6588058994662348 0.01995108688260984 0
1813 2.299825411836058 0.6726710979577937 0
1814 2.240677186561609 0.7360969585228008 0
1815 0.6852767776013293 -0.2258030527767088 0
1816 0.3178660323711613 -1.029045345645387 0
1817 2.651395063127688 0.5396959273169979 0
1818 0.8721427986539181 -0.1350014778969373 0
1819 0.8654284736263265 -0.1619931063751215 0
1820 0.8938664983593256 -0.1554939290174207 0
1821 0.8854368250139922 -0.1866350900516432 0
1822 0.9171923183856957 -0.1777904141465145 0
1823 0.9058853360633934 -0.2113147301258441 0
1824 0.6547149139952557 -0.006440762074175628 0
1825 0.6566910205671338 -0.009726729860976818 0
1826 0.6947232379288459 -0.04028111368580771 0
1827 0.3963692210044877 -0.01996560552436236 0
1828 0.7381441960807189 0.04005728729872411 0
1829 0.2683490703929562 0.7694460280644826 0
1830 0.286277581590971 0.8456332586343203 0
1831 0.3365874202856907 0.152212472777272 0
1832 1.942451043182097 -1.202678685455281 0
1833 0.39010411563182 -0.006983699048526667 0
1834 0.5434997669839832 -0.07615202245016853 0
1835 0.5356108116530833 -0.08778011751701932 0
1836 0.5515756937683119 -0.03396093932220898 0
1837 0.5618568836390101 -0.000254206626699506 0
1838 1.342997292037013 -0.6703006176404994 0
1839 1.384921686531824 -0.7206316604704375 0
1840 0.3248965802314191 0.54467003283775 0
1841 2.357626177154001 0.6103633196331522 0
1842 0.4137902364143983 -0.01452084074225103 0
1843 0.5856216661810931 0.1640175028100299 0
1844 1.728862998068468 0.4376804450143981 0
1845 1.679671640694229 0.4864781114304229 0
1846 1.614268113254182 0.4663912087792786 0
1847 1.777641155517561 0.3883304536205273 0
1848 0.9468366214493288 0.1315283081859027 0
1849 2.59650964683326 -0.6344080118011766 0
1850 0.262070252848525 -0.1454985576169762 0
1851 0.4017644763903745 0.01668595050110135 0
1852 0.6536893993986462 0.009771823396459494 0
1853 0.652248711384622 0.01204082426781424 0
1854 0.5299525908543586 -0.01014240429182323 0
1855 0.6470280083054033 -0.002089017654337257 0
1856 0.6478626587682557 -0.0003967512889879968 0
1857 0.7306809098338809 0.1823118511163947 0
1858 0.5877637075932728 0.05600431127775419 0
1859 0.5801082887119453 0.05340956969485909 0
1860 0.7275894952833286 -0.03170470659430678 0
1861 0.7431675557425358 -0.03023260031543483 0
1862 0.6313943290173512 -0.004607172622747214 0
1863 0.5636571187784603 1.056958654191917 0
1864 0.501469029451631 1.114429946749335 0
1865 0.5219407928441568 1.199298810966759 0
1866 0.4378425478737907 1.174461464664102 0
1867 0.418003635480993 1.088033979526314 0
1868 0.352694542521557 1.148624527356576 0
1869 0.3331187334204954 1.060817170345511 0
1870 0.6405489851711016 -0.005062128639307758 0
1871 0.6417079531912524 -0.003795711139677458 0
1872 0.2345903621335126 0.4101828261194236 0
1873 0.6469310225269982 0.3609158192032954 0
1874 0.6861356292888209 0.371654713573224 0
1875 0.5953756676989543 0.05927086017861542 0
1876 2.168504478309921 -0.9927324364152932 0
1877 1.534553841858495 1.253772828465678 0
1878 0.6712026171468597 0.1444015088691518 0
1879 0.6747402778948615 0.1626376344627021 0
1880 0.6017453724223558 -0.07175767630407022 0
1881 0.5452782689697819 -0.03210656931796354 0
1882 2.743400744402204 0.7670572601646033 0
1883 0.5283753858431293 -0.003867768883296539 0
1884 0.6422050085438192 -0.0005051597143858964 0
1885 0.6413066395495965 -0.0005551154989437003 0
1886 0.6426064310984985 -0.001133204966248473 0
1887 2.761970042415245 1.105468898233808 0
1888 1.605194641461415 -0.6301711137031187 0
1889 0.6285049233147788 0.01004075312646835 0
1890 0.3880085040091075 -0.0101797429717271 0
1891 0.3861825773077595 -0.006373583320697158 0
1892 2.180289895948064 -1.236836728522197 0
1893 2.271292030684916 -1.216133938502536 0
1894 0.5735375353564313 -0.4652041096350978 0
1895 0.5307873665168377 0.05495438941845359 0
1896 2.771121878573847 0.8572350805866603 0
1897 0.591260865904475 0.006396197833229447 0
1898 0.588048766851813 0.005005850035554917 0
1899 0.5949282517605532 0.007177712090534199 0
1900 0.6859967771643909 1.242827134403561 0
1901 1.565673505361888 0.2746639764642779 0
1902 1.521253523866377 0.3194261245204963 0
1903 0.4324691467770317 0.001233844436578399 0
1904 2.769248281372981 -1.062605971458914 0
1905 0.7683283477072529 1.266390244499727 0
1906 0.6567664344173221 0.03728071056884122 0
1907 0.6335524990010638 0.02421591476447659 0
1908 0.4117195610922629 0.01604640387271036 0
1909 0.6018299695150034 -0.02587491485759688 0
1910 0.5982989230954167 -0.02988615364241413 0
1911 0.62160662711627 -0.08879303574335284 0
1912 0.7365554332470856 0.6084220171371084 0
1913 0.9015981489892213 0.06173149354828229 0
1914 0.6293895309525122 0.007985590590467471 0
1915 0.627105003758109 0.008251106856294488 0
1916 0.4953028506035999 -1.224806694657989 0
1917 2.694261095527079 0.1556458405032058 0
1918 2.78274973842797 0.1728276620703616 0
1919 0.4258619089217458 -0.006051495392019057 0
1920 0.5819751572562166 -0.02121871601883252 0
1921 2.631648894758518 1.245613666779173 0
1922 2.542160138908711 1.218112141505498 0
1923 0.8212150835624759 -0.07227643669624113 0
1924 0.747160742872002 -0.01634589978347991 0
1925 0.7589029555560933 -0.02797857705103348 0
1926 0.4025006320285026 -0.01971736793912103 0
1927 0.6318602848014736 0.09768603699196468 0
1928 0.6612220949638836 -0.1041842021169833 0
1929 0.189316807873109 0.5165684189586 0
1930 0.4580772525510313 1.261613529176975 0
1931 0.9969170957874152 -0.1322714569574042 0
1932 0.9323201643554575 -1.193598085143087 0
1933 0.4580402809370721 -0.06650480015362326 0
1934 0.63166435348315 0.007783519660398508 0
1935 0.5858095203877318 0.01488701378587763 0
1936 0.2062877394884347 0.8234927231206336 0
1937 1.219601720959341 -0.1657422753804643 0
1938 1.236067813033328 -0.1186109164676482 0
1939 0.5868065856606589 -0.007589512895881308 0
1940 0.6741722139517858 -0.06971649549112482 0
1941 0.466137527039317 0.3745877485002855 0
1942 0.6859314986401395 -0.1434625784896554 0
1943 0.7034469522772153 -0.145597134380785 0
1944 0.7575657175728712 -0.157966904814556 0
1945 0.678602733450528 -0.001432216564517895 0
1946 2.479085510771561 -0.4966949412456622 0
1947 0.833584377123408 -0.7912515032154296 0
1948 0.6961170168242905 0.4099448241229279 0
1949 0.7251508721167215 0.3814966071768283 0
1950 0.7348790476232721 0.4251091978514981 0
1951 0.7646602133987811 0.3920851399593936 0
1952 0.7761568798156905 0.4306939973929698 0
1953 0.3841029529807009 0.04985947800906697 0
1954 0.5871235396339279 0.03429308589279387 0
1955 2.216181434469416 0.6536225025525444 0
1956 0.5010264475991667 0.5339177091447265 0
1957 0.4689977398214988 -0.09441863250244656 0
1958 0.2491779106765815 0.6731525303804694 0
1959 0.5906447232551086 0.002889392779540753 0
1960 0.5876390014908662 0.001559668711253793 0
1961 1.796853425181921 0.4561678594276889 0
1962 1.181708900154848 -1.260724353194719 0
1963 1.262740236843879 -1.240421193406219 0
1964 1.093597457327384 -1.270342742664374 0
1965 0.7788258049807608 0.1319446353972238 0
1966 0.8024917629740655 0.1373966660774525 0
1967 0.5834230713564723 -0.7721283455335182 0
1968 0.6552608060351413 0.01234727497546963 0
1969 0.6533818865149625 0.01496699476683272 0
1970 0.3751691394806725 -0.002091042289092174 0
1971 0.3700087099419114 0.000882983475154058 0
1972 0.3755284144108709 0.004597942798528511 0
1973 0.3866701597045231 0.008325139992699493 0
1974 0.3701771569532576 0.007242985210528375 0
1975 0.3643121901823417 0.004292042489641913 0
1976 0.3748971299614051 0.01048948286839504 0
1977 0.3704453817644898 0.01267565535331184 0
1978 0.6231331820169514 -0.1344595481944626 0
1979 0.4630983277069306 0.1179218952981981 0
1980 1.000390482462092 0.9108267118687636 0
1981 0.2693307894092825 -0.189182691357428 0
1982 0.225267554251818 -0.1717998086220768 0
1983 0.3104961382555205 -0.1998062307630654 0
1984 0.3766828927931342 0.03099692340330048 0
1985 0.6408012825723823 0.01845648120646861 0
1986 0.6428000591115419 0.0162000317494559 0
1987 0.3954193878509811 -0.001928731950075662 0
1988 0.391314525325464 8.643754259786529e-05 0
1989 0.6757273167318678 0.03619861371547996 0
1990 0.6786610374439838 0.04363455569323013 0
1991 0.6730114252071888 0.04964409691681619 0
1992 0.5233754052403083 -0.008434996551447638 0
1993 2.778236111782608 -0.5979841434693753 0
1994 2.741979459962734 -0.6830369046850839 0
1995 0.6398054009474409 0.009136838385095498 0
1996 0.6404147991873501 0.01029894493979427 0
1997 0.641872948665983 0.01021459930257376 0
1998 0.6410854803821823 0.01155426319249783 0
1999 0.6426644589506368 0.01157656852889423 0
2000 2.059889453610204 -0.2339976652052868 0
2001 2.081184653387859 -0.158415174006053 0
2002 2.157283722371298 -0.1384982372803453 0
2003 1.504719975615059 0.2604560763830788 0
2004 1.462018802066851 0.3036651511596742 0
2005 1.477486018547792 0.3624404788836298 0
2006 1.419155136875258 0.3463360655303581 0
2007 1.433677103704073 0.4046217801891413 0
2008 1.376145322646907 0.387897965320117 0
2009 1.361946870028384 0.3313024862420052 0
2010 1.320659100608641 0.3712594612917574 0
2011 1.306160782449447 0.3167550045891503 0
2012 1.267175615382468 0.3551377449522121 0
2013 1.253864775961207 0.3034284820495665 0
2014 1.215910972243444 0.3406594060497931 0
2015 1.228426804522921 0.3917012072388359 0
2016 1.177897213812657 0.3767805696329485 0
2017 1.335532505564703 0.4258395701949788 0
2018 1.189692680304845 0.4272468230642246 0
2019 1.140498087409929 0.4116996087721799 0
2020 1.12925912609464 0.363238913354776 0
2021 1.203592770751492 0.2906063173698023 0
2022 0.8205207183096502 -1.283546957769377 0
2023 0.5733794906579179 -0.1700928279806156 0
2024 1.195416687161477 -0.5804543237090575 0
2025 1.155004677181622 -0.5324389817332198 0
2026 1.175133456807809 -0.4775091329864878 0
2027 0.6737954622745511 -0.01443730580594985 0
2028 0.5213566198039202 0.05673126624361031 0
2029 0.5163297397130585 -0.1152079780244678 0
2030 2.065836486464274 1.252358303868283 0
2031 2.15278395394636 1.275391599269317 0
2032 2.020865011306135 -0.9497613196464119 0
2033 0.3909422481673644 0.06035392311878753 0
2034 0.4035700384201287 0.05822068661746114 0
2035 0.6471338405833637 0.006287785579355349 0
2036 0.535601394707261 -0.1218747003145907 0
2037 1.66043547281342 0.1808476668571699 0
2038 1.000699231141209 0.08889731963853804 0
2039 2.718600875593545 1.263945649727597 0
2040 0.4955304675557983 0.3407663359839136 0
2041 0.6166922269940799 0.009736929384585816 0
2042 0.5835597727668808 -1.208390482339622 0
2043 0.8699674955460959 -0.9134069955362447 0
2044 2.100255776773032 -0.08446211335140059 0
2045 2.563449530723331 0.7297456626621798 0
2046 0.819726069838839 -0.142201921717071 0
2047 0.5529150975654773 0.004131829526476814 0
2048 0.5516938373932513 0.009498320475945341 0
2049 0.5568742132748263 0.007998296226352772 0
2050 0.555857433548175 0.01318079187699765 0
2051 0.4499048859116428 0.260198439496566 0
2052 0.5686498580272622 0.1578596324431666 0
2053 0.565257054621796 0.1384235011972775 0
2054 0.5514715037089863 0.1513392916226664 0
2055 0.5465950834299949 0.1338722975972606 0
2056 0.5338196321567442 0.1455498355141061 0
2057 1.49244662159588 0.4218737124878513 0
2058 1.448149849032078 0.4650237588272429 0
2059 1.593627565086822 1.191875705914101 0
2060 1.618742615917106 1.274639223377398 0
2061 0.5852043221484569 0.007034628284748203 0
2062 0.715362923295356 0.02799918709617301 0
2063 0.5504933576239897 0.0884072302346693 0
2064 0.5463045737950197 0.1017487259206115 0
2065 0.4182630627342627 -0.7058773781541962 0
2066 0.3458513894133027 -0.719128749805493 0
2067 0.2980905603256792 -0.6581072062094486 0
2068 0.2695868665926126 -0.7318365171975684 0
2069 2.735733595113721 -0.2108677507012513 0
2070 1.423882416349852 0.0275337177240992 0
2071 1.981985666284507 1.224255817207442 0
2072 0.4548325653387436 0.572380439637296 0
2073 0.5218738564733145 -0.08633043529298146 0
2074 0.6437371781311323 -0.01762637939450837 0
2075 0.2673723380664452 1.118822630870737 0
2076 0.2743572168130647 1.208354174430609 0
2077 2.277851915823505 1.145838110331189 0
2078 2.09021833346111 -1.253779033617212 0
2079 2.713741519052586 0.4740850967352922 0
2080 2.740252356649026 0.5614241578824752 0
2081 1.235301049924916 -0.6348889485328413 0
2082 0.7327666579259225 0.1271713545954643 0
2083 0.3916503904999269 -0.06364492882954073 0
2084 0.3961437971281209 -0.07957377851486855 0
2085 0.6854585857221075 0.9522137716656875 0
2086 0.55021487777782 -0.06567508409723161 0
2087 0.6811061037185455 -0.01388553986552295 0
2088 1.240113468385872 0.4429749605312292 0
2089 0.805391807809101 0.4018126688331266 0
2090 0.8180983719748808 0.4422692536474827 0
2091 0.7865133315138679 0.4733746311766697 0
2092 0.8314265506813017 0.4853157031573544 0
2093 0.5651764206946898 -0.1093867873436266 0
2094 1.246618865751547 -0.8273529235020947 0
2095 0.4486147480320645 -0.07876795787794 0
2096 1.864064582823564 0.8178235685474098 0
2097 0.6583687502666852 0.04451209061348286 0
2098 0.6512508221236107 0.04227384110640475 0
2099 1.192444608068874 -0.3104517412621864 0
2100 1.17723517942941 -0.3591592906455595 0
2101 2.366441676414974 1.168387919515154 0
2102 0.6555280573059612 0.002725949093114048 0
2103 0.6400178233414291 -0.003278495107364322 0
2104 0.6409267454524014 0.1323715986060161 0
2105 1.742294265482513 -0.4019617264220577 0
2106 2.787640953653244 -0.04093581544637707 0
2107 0.8736424786296946 -0.2182451596259304 0
2108 0.8944801561344305 -0.244393105120243 0
2109 0.6491210447099972 -0.002069369672177473 0
2110 0.6536704174025169 -0.0002705234736536635 0
2111 1.879992337249182 -0.6350341523719254 0
2112 0.9191611600740521 0.7172260079972045 0
2113 1.678475387271147 1.212814527976137 0
2114 1.515950618850858 -0.517745586802917 0
2115 0.5659896018762798 -0.001658577330707723 0
2116 0.5670784463390162 -0.00563979133059731 0
2117 0.5494090466861961 -0.02242339751375002 0
2118 0.5493421574666941 -0.08783102152526522 0
2119 2.302960269989579 1.235235273951077 0
2120 0.3894809189223774 -0.01923800482964378 0
2121 0.3929352217997953 -0.02596794361505503 0
2122 0.3940182868332652 0.01025974937474673 0
2123 0.3924140247217816 0.01297448083068949 0
2124 0.3908028892130453 0.008486759651253117 0
2125 0.5331259378127853 0.0002038526417434025 0
2126 0.4340674985697433 0.03551239327261403 0
2127 1.631227204859139 0.533822879080931 0
2128 2.158590234811216 0.7166890848133983 0
2129 0.5270073263458281 0.00238192200149073 0
2130 0.5318331826912382 0.00730495137950927 0
2131 0.6028799946595074 0.1697390383987378 0
2132 0.6106912440686419 -0.03705628888483165 0
2133 0.6074430081391914 -0.04229143408375466 0
2134 2.853104954554547 -0.1029224824411225 0
2135 0.3851971981430443 0.005433689460677949 0
2136 0.3825919670103717 0.2018070510390471 0
2137 2.795008714087035 -0.9703837432122899 0
2138 2.729848172123797 -0.9017987833662717 0
2139 2.821789493344416 -0.8783515860993055 0
2140 0.7210982829910773 -0.212995218338163 0
2141 0.8278652611490882 1.207332673415044 0
2142 0.8519758575718047 1.287476316354377 0
2143 0.9115980524721408 1.228157528164178 0
2144 2.145017556184316 0.117313429068449 0
2145 1.403174131794702 -0.1113889382177488 0
2146 1.365072005533292 -0.07198706394479293 0
2147 1.438825752290875 -0.1491867869667894 0
2148 1.07976136592765 -1.128698139902773 0
2149 2.479034629223229 0.4936841039818837 0
2150 0.6649666053997092 -0.2216722153459912 0
2151 0.6700774968134464 -0.2442828020830458 0
2152 1.054658955365456 -0.05300870212615015 0
2153 0.4269567902284206 0.07202456858284804 0
2154 0.4421731107104346 0.07775894291019819 0
2155 1.751507359809055 0.07952506180853781 0
2156 1.205698723324164 -0.2101273606067881 0
2157 1.543380715935704 1.032142939496983 0
2158 1.519267148876761 0.954509323501483 0
2159 1.439364020029484 0.9360667603438713 0
2160 0.2803275002851487 -0.00466417614985444 0
2161 2.037706451018395 -0.311806808340552 0
2162 0.4040502213623845 0.01006033168736145 0
2163 0.5153240513488959 0.04911862466663672 0
2164 0.6569335673555272 0.005607565797148036 0
2165 0.2513634743862634 1.037688726696546 0
2166 0.794699038124989 0.5190366896728246 0
2167 2.391961555009601 1.258636260347611 0
2168 0.698908786952862 -0.05031878948232802 0
2169 0.6151588634199303 -0.009132801169281635 0
2170 0.6117780356870777 -0.008307657050837591 0
2171 0.6107970440505466 -0.004896773000661736 0
2172 0.6439783340443781 -0.02851348015410168 0
2173 0.6907339593138545 -0.05906979964043671 0
2174 0.6675266979736413 -0.01506054520765234 0
2175 1.073859474347653 0.01228539383723117 0
2176 1.241387373490379 0.2550613927965194 0
2177 2.181735770218851 0.7988368702696604 0
2178 2.10010296546186 0.7785158366931715 0
2179 0.6433882216905873 0.1504657874341816 0
2180 0.6363977418609832 0.0005816565716513643 0
2181 0.6341339417556348 0.00154019436735136 0
2182 0.8811994515367871 0.1972340083052069 0
2183 0.9121736104948002 0.2064155764168444 0
2184 0.8512120359979987 0.1903111548691291 0
2185 0.6440217196162019 0.009957984890249977 0
2186 0.7534513650994402 -0.0435080134348021 0
2187 0.771663395929958 -0.04072549834512074 0
2188 2.505720957313904 0.5712445835878098 0
2189 0.5538101799785811 0.07588779085226788 0
2190 0.4931337847645702 -0.0245539324498049 0
2191 0.9345381103694486 0.1832266596406976 0
2192 0.4189173512784253 -0.01509450978481454 0
2193 1.506206623878151 0.4858751248830813 0
2194 1.461453571969252 0.5272539069962054 0
2195 0.4156607432659071 -0.02063374400340472 0
2196 1.983799488086238 -0.2544998003496541 0
2197 0.6906395825517692 -0.0308422619687239 0
2198 0.7326778230285874 -0.1936423853563698 0
2199 0.7827059585088824 -0.1214964490247673 0
2200 0.545253562011724 0.06674024303478784 0
2201 0.5560753450604701 0.06560818099975949 0
2202 0.7802320824227205 -0.1638055049711404 0
2203 0.1013877211408634 -0.061598669413386 0
2204 1.470422064001779 -0.6495923868130029 0
2205 0.4341864465027806 -0.003820064440421936 0
2206 2.271325638352067 -0.25186087272649 0
2207 2.328679596977694 -0.3097082712526427 0
2208 0.5468678115139244 1.281723249421852 0
2209 2.638164652917288 0.002628201834218093 0
2210 1.313870157124826 -0.08364538012904255 0
2211 1.327379771410654 -0.03432065823666575 0
2212 0.6309274825007865 0.1628826152068786 0
2213 0.648624804477728 -0.651095778898362 0
2214 0.7060902590302496 -0.04162255890570516 0
2215 2.057543682725174 0.03357358941676764 0
2216 1.008577002412418 -0.9381253547934119 0
2217 0.9792515947433049 -1.012338183426263 0
2218 0.4040400456247127 -0.002783003023148031 0
2219 0.5157635290613491 -0.06291493987593079 0
2220 0.6009484604212711 -0.04137139799356071 0
2221 0.6031120519638602 -0.04800024094102137 0
2222 0.644081395587971 0.05935391164439111 0
2223 0.4630758723094027 0.6347122509476009 0
2224 0.9393261550337814 -0.2043949447374055 0
2225 0.3829984447486776 0.00422148000000662 0
2226 0.3828678083102 0.007109928863087768 0
2227 0.6499757765562892 0.0142652467578662 0
2228 0.3485781896288975 0.005787994856360218 0
2229 0.6819772895074344 0.05184971975555261 0
2230 0.6511492813972199 -0.01240792768435748 0
2231 1.084661853532799 0.04930481351949138 0
2232 1.058489031570765 0.07471350628893779 0
2233 0.3826944770014334 0.001054884844426019 0
2234 0.5967752882767297 -0.02487606912726857 0
2235 0.5930633047674253 -0.02868689784717801 0
2236 0.5948787838358921 -0.03333261271530713 0
2237 0.639814683395864 0.01579713640278789 0
2238 0.3996327196878106 0.02077416988443256 0
2239 0.4049187332832846 0.02018113458678814 0
2240 1.235738617187468 -1.321484050854401 0
2241 1.320175870874454 -1.301619787974292 0
2242 1.347316469138393 -1.220951295290445 0
2243 1.405306576289677 -1.287592449828963 0
2244 1.433603341464782 -1.202463114134968 0
2245 1.491746009044403 -1.269800116575163 0
2246 1.518991390014123 -1.183721172325106 0
2247 1.578567898076122 -1.24849969298643 0
2248 1.460903901784899 -1.119708503532248 0
2249 1.5438987260998 -1.10103096988269 0
2250 1.487194140837151 -1.038762035352977 0
2251 2.833682986934545 0.7885517101528847 0
2252 2.810921789394143 0.6866695704356305 0
2253 0.5900438504806415 3.42703855998325e-05 0
2254 0.5878627358943069 -0.001936493542341471 0
2255 0.5847379199826023 -8.823681951891748e-05 0
2256 2.804439937789016 0.4982993349157693 0
2257 0.4388688692327532 0.06295142688122782 0
2258 0.6296905533783641 -0.0001018258782579556 0
2259 0.2226596555560359 -0.6663919098637443 0
2260 0.2504523546335758 -0.5960712323671751 0
2261 0.1722524212408536 -0.6012865809287474 0
2262 0.2028180357299383 -0.5320291563847712 0
2263 2.425902449322042 -0.4300749116718265 0
2264 1.704858707551513 1.293822522577609 0
2265 1.763287242246512 1.233421247546877 0
2266 1.791382661971991 1.315267622349615 0
2267 0.2744674099313698 0.08859828496343711 0
2268 0.2416294219354557 0.1084301596079405 0
2269 0.2427128580601273 0.1474281050767227 0
2270 0.6555309156078071 0.02474511022184102 0
2271 0.540096857286426 0.05232422740470852 0
2272 0.5888525732563006 0.1823746828619519 0
2273 0.7230535364948756 -0.171395104628299 0
2274 0.2830584716506135 0.3275776205233286 0
2275 0.3104186875285545 0.1735408561962958 0
2276 0.5071222339662742 0.385236412806455 0
2277 0.477426801292882 0.4208397379065553 0
2278 0.6443083914807862 0.01134501476809092 0
2279 1.26457805844178 -0.758148441936653 0
2280 1.313367434874656 -0.8113553176596735 0
2281 2.428336977337781 1.102628159414624 0
2282 0.6103499859206024 -1.126648153100076 0
2283 0.738174255715361 -1.301572331677305 0
2284 0.4801878884837234 0.1258630547717402 0
2285 0.643037642098136 -0.003951953421709396 0
2286 0.4770551809470652 -0.2136315660053517 0
2287 0.4855392595316864 -0.241822812691515 0
2288 0.4512753875188296 -0.2336213814279575 0
2289 0.4631684264160982 -0.2660326721841861 0
2290 0.4972654647165092 -0.2730281399339939 0
2291 0.4737749929511316 -0.299685129144738 0
2292 0.5093838251070195 -0.3061340519821183 0
2293 0.5338146945771232 -0.2748253105636758 0
2294 0.5465174778259727 -0.3110615153469367 0
2295 0.5222911143590376 -0.3406835152459702 0
2296 0.5599717282893921 -0.3454555029282985 0
2297 0.5828576751576966 -0.3162711011779434 0
2298 0.5969681917431395 -0.349516741816946 0
2299 0.6163450133620554 -0.319218531226288 0
2300 0.536032885614344 -0.3777250440659528 0
2301 0.4333375624391211 -0.2979805567691977 0
2302 0.633632142331821 -0.3522164577534084 0
2303 2.295003191636897 -1.125853562968909 0
2304 2.359359604569235 -1.194600934652264 0
2305 2.336478232787078 -1.282952491850222 0
2306 2.425181162316657 -1.263157445332534 0
2307 1.346239476401538 0.2784764236510733 0
2308 0.3852029484266862 -0.02634921453672205 0
2309 0.3904485839715961 -0.03480625102688881 0
2310 0.3768062344032226 0.06148114378216789 0
2311 0.5253652854588973 -0.01493440337109233 0
2312 0.4854354603413068 -0.68455103720124 0
2313 0.7764242604497427 -0.02374596922308498 0
2314 0.9509694124931201 -0.1695734828830343 0
2315 0.6212662760106604 0.01709944472457312 0
2316 0.6224903608840034 0.01911347230194127 0
2317 0.6199121352897909 0.01930440034015136 0
2318 0.6214002717606673 0.02166379874403923 0
2319 0.6182852168947164 0.021779701247327 0
2320 0.6200226781125704 0.02460941150786771 0
2321 0.6164868760859885 0.02502276743678642 0
2322 0.6235224244894207 0.02406457502421778 0
2323 0.6147742124350707 0.02126262024313795 0
2324 0.6128777803557348 0.02499164943619519 0
2325 0.6110343010768962 0.02161674442632607 0
2326 0.6092520579268323 0.02485300439205695 0
2327 0.6074117952106324 0.02155124406814481 0
2328 0.6055120770696643 0.02485808517313132 0
2329 0.6074550269629457 0.02835251483158284 0
2330 0.6034456998779953 0.02823520661663659 0
2331 0.3888447870405858 -0.004135664494697837 0
2332 0.5505088755732928 0.01485311346901777 0
2333 0.5550354381054696 0.01841225409997529 0
2334 0.6439613032684152 0.1015110529875759 0
2335 2.463891989921024 0.1846146578342228 0
2336 1.094697036069532 0.3967848188442336 0
2337 0.8438828982465243 0.4128080390543961 0
2338 0.7059065489009445 0.1090420102152397 0
2339 0.3906981031599613 0.009795576586791435 0
2340 0.3892406082814706 0.0100972009228121 0
2341 0.3879215295543242 0.008904936802739065 0
2342 0.386544700067634 0.0098090024888216 0
2343 0.6479274366747056 0.1684511408554006 0
2344 0.643664415976421 0.01291807074135748 0
2345 0.6454370239279708 0.01294013242487249 0
2346 0.4198681060809445 -0.0002058620080453509 0
2347 0.605068161590777 0.0321227752777443 0
2348 0.171755044664432 -0.7381395954333214 0
2349 0.2377932300162584 -0.8090200486415774 0
2350 0.1557450455061536 -0.8207458017552623 0
2351 0.202815717474429 -0.8855066160014311 0
2352 0.7645728119832128 -0.05754948532243116 0
2353 0.7851500358064243 -0.05589233378264753 0
2354 2.004015080825328 1.317734757974705 0
2355 2.178989060002857 -0.06641164808275776 0
2356 1.107992003523254 0.444026675801001 0
2357 0.6224197004977283 -0.02148737234705048 0
2358 0.4086912062928884 0.608999405093919 0
2359 2.606333969203487 0.1392044163249392 0
2360 0.6960249662836506 -0.1303356053431834 0
2361 0.7122096180607074 -0.1322234241627163 0
2362 0.397762129649891 0.005042855576166684 0
2363 0.3862538127350543 0.0005475354693548421 0
2364 0.3870439998676949 -0.000965160731623449 0
2365 2.235443860160494 -0.1147204845847422 0
2366 0.9366486316907437 1.305557614419826 0
2367 0.9956338995371361 1.249197733213112 0
2368 1.019862198655931 1.33016921923869 0
2369 1.079013192804155 1.274104651231109 0
2370 0.6585555964890165 -0.006387302261563504 0
2371 0.6383024337169155 0.01739460608663589 0
2372 0.553029042210144 -1.290158376905665 0
2373 0.4583042345796134 -1.30577213121911 0
2374 0.5819731450529503 0.06137003864285801 0
2375 0.5730006186953758 0.05828518639282367 0
2376 0.5728381039169261 0.04902695827797345 0
2377 0.204481975876941 0.05684419337119682 0
2378 0.6282938007391475 0.0061762186833677 0
2379 0.626031390545614 0.006397312712285727 0
2380 0.5995006034854155 -0.1300596192652421 0
2381 0.5919846673376926 -0.1430440315602639 0
2382 1.471174620596032 1.313336670239505 0
2383 1.393851694892681 1.292198892901133 0
2384 0.6568973988663278 -0.000155707785189675 0
2385 2.39762548077532 -0.5115396593138299 0
2386 1.211532222656767 -0.3998403196358509 0
2387 0.5115367031765375 0.05843058043630937 0
2388 0.5056221541080776 0.05090011247581207 0
2389 1.087870535910428 0.3482650274280262 0
2390 1.123179797641027 0.3154408984336226 0
2391 1.701582565773365 0.5466384855235318 0
2392 1.843697794740067 0.4062544652724292 0
2393 1.822310605145027 0.3393659200691087 0
2394 0.5591904722887142 0.09838532493559304 0
2395 0.4950527366979853 -0.1095691420150885 0
2396 2.140650989881119 0.6293501073726425 0
2397 1.135150081643109 -0.5908624270957517 0
2398 0.6432945110441326 -0.001129676892893858 0
2399 0.3916676692930394 -0.003893033105641824 0
2400 0.7948130638211286 0.1152444739379216 0
2401 0.8189712671821985 0.1190692138871925 0
2402 0.8239326481462484 0.1407449342398936 0
2403 0.341867383695742 -0.08334772188050112 0
2404 0.3593296752207809 -0.06757363660932032 0
2405 0.3383134988103655 -0.06080303003354386 0
2406 0.6383038832045407 0.000183235383857434 0
2407 0.6745595224912999 0.3354338994795949 0
2408 0.641010917506042 0.3234029548787535 0
2409 1.42196904881384 -0.05753352371618801 0
2410 1.098512758191491 -0.5461246134102651 0
2411 0.6436817904886072 0.009056553838683838 0
2412 0.6185025469160054 0.02786088764208431 0
2413 0.5652409802123188 0.002110972611019262 0
2414 1.405550172900244 0.5040511798392564 0
2415 1.443731292436926 0.2503325232149222 0
2416 2.864832630946768 0.8750106914925527 0
2417 2.806428454118297 0.9566947910619406 0
2418 1.163102209685833 -0.2198474729767112 0
2419 0.4457826728353356 -0.1171390398686902 0
2420 0.5560285125277346 0.1119810169401923 0
2421 0.6499284160029647 0.003115521253731338 0
2422 0.446428478910358 0.09426757128842768 0
2423 0.6727515744510577 -0.05289601627415693 0
2424 0.321300714170468 0.9852074313232493 0
2425 0.2262029095721342 0.8950172032049093 0
2426 1.891338990505398 0.3588839524750695 0
2427 0.2352946423741741 -0.222532656169401 0
2428 0.1856716350879995 -0.203713980097477 0
2429 0.1772645439388463 -0.1479677679764287 0
2430 1.56783039035518 -1.017606774876718 0
2431 0.2091964778078918 0.5889687763151308 0
2432 0.1367958805530856 0.5682445353267164 0
2433 1.144202332194371 -0.322466695961301 0
2434 0.6248708433104369 0.008595469101575406 0
2435 0.6235870026056513 0.006611124188898679 0
2436 0.9737846274771584 -0.1999592792558816 0
2437 0.7747946311860452 0.1974989379249632 0
2438 0.8006956104842803 0.2041097439338602 0
2439 0.5652509393974496 -0.01405576886886063 0
2440 2.562535556491623 1.306730617869228 0
2441 0.391796817961458 0.007661393212327993 0
2442 0.2171348109285186 0.210730714135677 0
2443 0.173545899297032 0.2475567097265807 0
2444 0.184157454093191 0.3126750456913276 0
2445 0.1225794646582585 0.2854665638566858 0
2446 0.6327189654293284 0.1103971442583951 0
2447 0.7105996634975382 -0.05266543440402248 0
2448 0.6568766461697055 0.01533433076277479 0
2449 1.551658015883084 0.207614067848173 0
2450 0.517943903665858 0.06617342045144063 0
2451 0.677982358965033 -0.02117937477836995 0
2452 0.6430383346439653 -0.001816520338721172 0
2453 0.6421501096006244 -0.001873004270974326 0
2454 1.19050344956231 0.2418910270781265 0
2455 0.1269438392836516 -0.5399457175015636 0
2456 0.6373669707075535 0.008855797241483408 0
2457 0.6359183235294861 0.00720707286434893 0
2458 0.6305129318279626 0.02714840022909604 0
2459 0.6301109519693984 0.02330755587664045 0
2460 0.6332959746614906 0.02059001412723034 0
2461 0.663250204329491 0.01772336218437745 0
2462 0.4455209974128694 -0.06312345773553629 0
2463 0.4532300132582557 -0.05339118761610211 0
2464 0.4869762510950942 0.3017672103587188 0
2465 0.5212467639522786 0.310676511056473 0
2466 0.6037906559464149 0.02141780942075232 0
2467 0.6054884418654278 0.01837200455120157 0
2468 0.6019362042103132 0.01824537978361337 0
2469 0.6035210422494335 0.01574179629289549 0
2470 0.5467601925120309 -0.03900409049904609 0
2471 0.5546108079953708 -0.04048065893294009 0
2472 0.5486159484984849 -0.04734445432134535 0
2473 0.5564693723554289 -0.04957907190353349 0
2474 2.404947356162921 -1.346776545264998 0
2475 0.6045819907497205 -0.2911433309219314 0
2476 0.6379074402958524 -0.2926486393986605 0
2477 0.6740845771484566 0.05898794893887978 0
2478 0.3952507770769185 0.007726269465257407 0
2479 0.6375628707935947 0.06624943020442484 0
2480 0.6359536556705889 0.02174511615341315 0
2481 0.4048916698893701 -0.01523199903061872 0
2482 0.6333446748862902 0.1809243544820309 0
2483 0.6471658624285277 0.18852167016529 0
2484 0.5417733205449946 -0.09950489651279386 0
2485 1.072420231306322 -0.5961117990670276 0
2486 0.8059046806815356 0.09378142068762529 0
2487 0.4294037047209495 -0.01444021629868419 0
2488 0.5400605045957703 -0.1376119261654622 0
2489 0.4846265849133707 0.1453963610226567 0
2490 0.4991168439393939 0.129707730011751 0
2491 1.851204101515256 1.253528198612787 0
2492 0.6868475568381609 0.03030003167638678 0
2493 2.754389414025148 0.09087633274009699 0
2494 2.844608227332573 0.1083544467549901 0
2495 2.871922050590726 0.1903220166504185 0
2496 0.5652310579258192 -0.1520154309607363 0
2497 0.6421413072158578 0.009091035821985179 0
2498 0.5379895476010421 0.1641779419119612 0
2499 1.855454102061488 0.4803069419003676 0
2500 0.687116144423552 0.006926845680698991 0
2501 0.6440260196101237 -0.1999700520325962 0
2502 0.600077062611275 -0.02034191297065868 0
2503 0.6382376250708062 -0.01646456576955813 0
2504 0.6393249387793506 0.01023320471766132 0
2505 0.645994026447235 -0.003607403284395466 0
2506 0.6504739296467932 0.0005560672026638813 0
2507 0.7079633045502601 0.5463406927060181 0
2508 0.3576111240995251 -0.007596585386358773 0
2509 0.1788194387804339 1.095036502356297 0
2510 0.192731491573594 -0.2615455929889881 0
2511 0.1938203742301762 -0.3247988425280373 0
2512 0.1396603784492088 -0.2968093505046794 0
2513 0.3494162099630302 0.03033550882201839 0
2514 0.3585384031147554 0.02448353976884062 0
2515 0.3831234752886563 -0.009982112579385362 0
2516 0.6505349818766247 -0.04106788924773028 0
2517 0.6446420296014566 -0.03955464169229384 0
2518 0.3746323482277517 0.02300189307154444 0
2519 0.6528493310850376 0.04957519688458481 0
2520 0.6462283537014493 0.04717109420196826 0
2521 0.660286677296466 0.052448268450254 0
2522 0.1617688715597106 -0.4699595896671714 0
2523 0.692036472113702 -0.002236885409536659 0
2524 0.4970834559639865 -0.3719898193609442 0
2525 0.5079414913662428 -0.4142349284229936 0
2526 1.248497453794466 -0.1943603151339313 0
2527 2.624540352190649 0.6627770258221839 0
2528 0.5651052359377371 0.05441373815811139 0
2529 0.4360945538702858 0.009554303955100851 0
2530 0.4436876112259051 0.008276877222905618 0
2531 0.4390703529996279 0.004281829798749533 0
2532 0.3848822521731267 -0.0006214598362389537 0
2533 0.3823097229385135 -0.002203563229126244 0
2534 0.542478354468371 0.1173187067208318 0
2535 2.82609987141303 0.5856538846861497 0
2536 2.447508229172798 -0.590336699327517 0
2537 0.6091563685995747 0.01822706044747185 0
2538 0.6496052267596386 0.03468110309482891 0
2539 0.9088135395519503 -0.1092537893871463 0
2540 0.6457790097157174 -0.04636706580440912 0
2541 0.6398781338606756 -0.04307861072103054 0
2542 0.6392438983856317 -0.03718096190076318 0
2543 0.795375549443051 -0.01327828554036838 0
2544 1.655148240134693 0.5904636435994174 0
2545 0.1387826392544431 0.8810927614671989 0
2546 1.276882239962585 -0.04428425772719383 0
2547 1.288382507178887 0.002964264182240004 0
2548 1.653962620812042 1.359819788961171 0
2549 2.756937702221004 -0.8092423341068288 0
2550 2.859837083106839 -0.800892606836933 0
2551 2.905675699738375 -0.8605688268437597 0
2552 0.6082127322918447 -0.007457963094567189 0
2553 0.6090859775735302 -0.01100204760960197 0
2554 0.6075313652512172 -0.003965738611556992 0
2555 0.858109598813835 -0.2501555152814733 0
2556 0.8811889023929551 -0.2780890030019226 0
2557 0.9181590701895633 -0.271899340861803 0
2558 0.9057578065833829 -0.3075553890784112 0
2559 0.867521476204598 -0.3137691589663054 0
2560 0.9428710654905716 -0.2999205641334436 0
2561 0.8904544484555317 -0.3442203832762721 0
2562 0.8526394860475262 -0.3512179290426216 0
2563 0.8784161960234739 -0.3839869689913008 0
2564 0.8348944868230178 -0.3905090044501436 0
2565 1.125026249640022 -0.3629148687912118 0
2566 0.6458126337691922 0.01681734019751509 0
2567 2.150273933408291 -1.331936552248948 0
2568 0.631325981120028 0.001890050158176265 0
2569 0.6302456660533415 0.004291530431488734 0
2570 0.6329166201683991 0.003759770485565942 0
2571 0.6352053974528178 0.003755225425449996 0
2572 0.7320375642597339 -0.24258836088716 0
2573 0.611893247026389 -0.3835852724383193 0
2574 2.832609996353994 -0.6634539965621253 0
2575 2.866055851137292 -0.5832023990442283 0
2576 0.6607897621346184 -0.01028217909250192 0
2577 0.6574044076083921 -0.01430516183435178 0
2578 0.6611593735612565 0.3022221575972471 0
2579 0.7690988707902406 0.02028457870986856 0
2580 0.7647239483148609 0.002680128710104303 0
2581 0.7502699094983438 0.01511725390996574 0
2582 0.754747021587576 0.03188842202176688 0
2583 0.657166532409253 0.009482519975801205 0
2584 0.3898715641652881 -0.3153530766003171 0
2585 0.6514243694986876 0.01788682218853523 0
2586 0.7733623999430321 0.1117331526250387 0
2587 0.9444318464280582 0.2155046291841204 0
2588 0.9213088888317759 0.2391090145729661 0
2589 0.5720444561110808 -0.2818574817715335 0
2590 0.6390440878464546 0.007724432188716666 0
2591 2.92995594245305 0.8118667489299037 0
2592 0.4075744473088025 -0.008148377368037196 0
2593 0.7097698998418058 1.325785951224109 0
2594 1.225278620977993 -0.0559381063153662 0
2595 0.4611357825882174 0.08084676249394185 0
2596 0.6391194119549763 -0.001491186687500392 0
2597 0.6787564599871656 -0.1265049452966147 0
2598 0.1185468627669105 0.4874254887414692 0
2599 0.9546087971847863 -1.100269085099708 0
2600 0.597448186604228 -0.06256064905849844 0
2601 0.6068334198953746 -0.06362691648963312 0
2602 0.6129337617608618 -0.07102215998305267 0
2603 0.6067808608925409 -0.08056768309555373 0
2604 0.6392630255331639 -0.006554856897998748 0
2605 0.5524414077288351 -0.1234876260006114 0
2606 0.8452675735860835 0.5390707742104098 0
2607 0.880313414395392 0.5038123481709057 0
2608 1.15651289309438 0.2824984551184172 0
2609 0.5609122997564671 0.01148315294547395 0
2610 0.5851421816582597 -0.1889937107558435 0
2611 0.6336453106781266 -0.08872473406820268 0
2612 0.627246144978456 -0.07971831525661406 0
2613 0.6208832928460544 0.1061882679116662 0
2614 0.543298879790289 -0.05577019973376469 0
2615 0.6378947675273672 -0.003250732470355903 0
2616 0.121698199428852 0.8035908058274324 0
2617 2.054720055119932 -1.345389534988534 0
2618 1.960668780576703 -0.3348172414525826 0
2619 0.6923895773628003 -0.2497287352762251 0
2620 0.675318704070345 -0.2646229846536585 0
2621 0.6471678029402688 0.1154772827649538 0
2622 0.6050780611833443 -0.02193653902544578 0
2623 0.6037276171595527 -0.01741482200866488 0
2624 0.6077465329711305 -0.01813858069282261 0
2625 0.540078828686978 -0.03688134786359562 0
2626 0.5386730411773015 -0.02955769339320512 0
2627 0.5933677520869846 -0.170106638622714 0
2628 0.6123887458020228 0.03709735330991384 0
2629 2.873634832965747 -1.04441471000923 0
2630 2.830444555622601 -1.135971713425442 0
2631 0.7071828672259801 -0.3049374765290295 0
2632 0.6343914766558422 0.005583308339988644 0
2633 1.201265164187396 0.4804343033780602 0
2634 1.255531100943099 0.4967931085775018 0
2635 0.387712594178566 -0.04774457946747558 0
2636 1.403858023095132 -1.057500346302112 0
2637 1.430765385396002 -0.9779942693499853 0
2638 1.094446233578154 -0.03129527761918758 0
2639 1.552162367633835 -1.334037503074986 0
2640 1.638781649433337 -1.311433331676735 0
2641 1.663455525321181 -1.229395377783852 0
2642 1.723810447440335 -1.296132515937928 0
2643 0.7457009589475 0.5004337067638042 0
2644 0.5833269745648434 -0.007697453273470945 0
2645 0.5844991769229245 -0.004982397001810352 0
2646 0.3986887824636182 0.002690736645881524 0
2647 0.3971180170380227 0.0003093129242747646 0
2648 0.3947872454877056 0.0005486186645611247 0
2649 0.5640112906487487 -0.009050510003180851 0
2650 0.5679499635949042 -0.009827564696480221 0
2651 0.5711686424798437 -0.006661980197399347 0
2652 0.5329904157640473 0.07146690338808809 0
2653 1.21423528391233 -0.7045621958386252 0
2654 0.6105557333855409 0.3471533535175602 0
2655 0.6062486189385808 0.3098439158219621 0
2656 0.5767399486036788 0.3303426957283068 0
2657 0.5396463831237067 0.3503226713815572 0
2658 1.601191313883455 0.9737795143031801 0
2659 1.573888747454302 0.9016287719949616 0
2660 0.4202709101606906 -0.005131956628478503 0
2661 0.6406956708145327 0.0002465029213419074 0
2662 0.4075546609603212 0.008768221213856203 0
2663 0.8363032112700785 -0.2208881683722468 0
2664 0.829989778961868 -0.1905911378402802 0
2665 2.936160101260237 0.1296212149229169 0
2666 2.493065515752654 -1.322724861590937 0
2667 2.521549363056231 -1.236775825668141 0
2668 2.574972050025661 -1.309702068834374 0
2669 0.5784580000557705 0.03416865697452932 0
2670 0.579668238055329 0.02844018026374879 0
2671 0.5768375905275901 0.04090730455183848 0
2672 2.014406130015757 -0.3937163118774383 0
2673 1.88708441188605 -0.3528231747882011 0
2674 0.5697421905687862 -0.0029053919069381 0
2675 2.34923803695977 -0.2268353944775903 0
2676 0.5643495811961502 0.08534481182107052 0
2677 0.4666673169852582 -0.1225830568143226 0
2678 1.898410442200324 -0.2714728578187017 0
2679 1.826609029677018 -0.3001535304410577 0
2680 1.787248003016386 -0.2361468260997274 0
2681 0.720322004312109 -0.1488419167519092 0
2682 0.3318093395410842 -0.242545850562384 0
2683 0.376398866574292 -0.2332841439406344 0
2684 0.3172079649809107 0.6528369470649057 0
2685 0.6075438614753883 0.06626394331041868 0
2686 0.5969139256740947 0.07039843254308691 0
2687 0.541050929833931 0.0253290224317609 0
2688 0.5448469785419383 0.01843364835412248 0
2689 0.5373989637153158 0.01963989968635814 0
2690 0.5943714811117103 -0.05294711152985439 0
2691 0.8581874711813396 0.218653323211796 0
2692 0.6375962860733027 0.014684778513188 0
2693 0.6271403633650918 0.04784346705625153 0
2694 0.6348276429844645 0.05039320412605493 0
2695 0.3902435721533792 0.01136077563733363 0
2696 0.3883079524028703 0.01169183982384348 0
2697 0.3894418282308917 0.01359413423266409 0
2698 0.390871306721327 0.01565568304184329 0
2699 0.5858726361740123 -0.03828261166020362 0
2700 0.6632540474671224 -0.06877735210412292 0
2701 0.9241093387546503 -0.140925957308029 0
2702 2.387484769439932 -1.10133779676008 0
2703 0.8408159722738121 -0.2823224740148992 0
2704 1.051386981144289 0.3817853543476056 0
2705 0.7935687872014182 0.3612815366007953 0
2706 2.329839970165763 1.318599499308228 0
2707 2.414281454636239 1.344060609118987 0
2708 0.3960975300235759 0.002788860762684756 0
2709 0.5091461093806333 -0.09813415706439224 0
2710 1.039284656590876 -0.5533348977855836 0
2711 0.4942365312916351 1.351863075814536 0
2712 0.3885221835316747 1.332710137306733 0
2713 1.815233920473902 -0.3753735491081214 0
2714 0.6861761355863598 -0.02172513352195764 0
2715 0.9757421863510296 1.163009666345354 0
2716 0.6236248857852791 -0.04251457025348243 0
2717 0.6279630897142058 -0.03759493044219354 0
2718 0.6217634544719906 -0.03604166258137592 0
2719 0.6265168331406524 -0.03171609471111535 0
2720 0.6315464067494516 -0.03324200992669721 0
2721 1.412227629755499 1.378785221177544 0
2722 0.514813088190927 -0.4694910860421181 0
2723 0.6638002150205354 -1.190131905861692 0
2724 0.5196759790700052 0.1576477600705695 0
2725 1.626719846827097 1.051991346074193 0
2726 0.6698340789689222 -0.3735428275440523 0
2727 0.4671017214355871 -0.05483209668286919 0
2728 0.4675168764480541 -0.04206632074440179 0
2729 0.4763350807981788 -0.03594782951517664 0
2730 0.4667634287887469 -0.03159602444556775 0
2731 0.458060080654706 -0.03644013487844397 0
2732 0.4745573068134164 -0.02601793881665863 0
2733 0.4657351472177487 -0.02175750958848023 0
2734 0.457246762401891 -0.02776115427221893 0
2735 0.5328459857837151 0.02573815989773908 0
2736 0.5304905205425505 0.01859897460835503 0
2737 0.5342871060356829 0.01353956925172068 0
2738 0.8802269091831725 0.08518268287840632 0
2739 0.8511468098868866 0.08053400466491764 0
2740 0.8720179036877969 0.05549581833654801 0
2741 0.8951074578419395 0.0345639178937478 0
2742 0.5675259139494706 -0.0178855547272795 0
2743 0.6274632775653365 0.01238609393575193 0
2744 0.4718440680912355 -0.01795939123265557 0
2745 0.4368030534901799 0.5061019557251567 0
2746 0.6528812466215226 -0.2632295188212544 0
2747 1.661180362461697 0.9175997366657755 0
2748 0.3846965464931787 0.008962173085395472 0
2749 0.3848509954291696 0.01125232060118867 0
2750 0.3865308569983275 0.01362887775239365 0
2751 0.3830484841552931 0.01390453880767667 0
2752 0.3805535621281702 0.01817612985913698 0
2753 0.6274766968736237 -0.4579048943104009 0
2754 0.829561458328803 -0.04942221397971221 0
2755 0.8068805901987324 -0.05337911670461744 0
2756 0.7980159248502501 -0.07378072075693815 0
2757 0.8122822923245194 -0.09452113243703343 0
2758 0.6473988519428723 -0.0183464468226073 0
2759 0.6457773221927661 -0.01462393501355726 0
2760 0.6424875483183011 -0.01435212283864105 0
2761 0.5618414349226197 0.006577254424225881 0
2762 0.5650918620086697 0.009727235264789353 0
2763 0.5600708748141399 0.01648777751012819 0
2764 0.4822206621356305 0.03727669415354855 0
2765 0.4842737597919177 0.02755350484109762 0
2766 0.4774032634066049 0.0208846942333363 0
2767 0.4856998757589069 0.01860436634712575 0
2768 0.4927100904482096 0.02450816513907026 0
2769 0.4927900045618499 0.03527544382422033 0
2770 0.5004147306946004 0.02931487081218941 0
2771 0.5019158373189204 0.03673840264296482 0
2772 0.4681591246700403 0.02372162526398265 0
2773 0.4711114159819673 0.01604005582022143 0
2774 0.4791535252850451 0.01212904155333851 0
2775 0.4875966411035222 0.01055685309114089 0
2776 1.416012884919017 0.566670770240156 0
2777 0.3679459862173627 0.02884231310074142 0
2778 0.3687661833167069 0.03892305719933038 0
2779 0.4702322086603143 -0.7542494982404481 0
2780 0.6279745133531981 -0.008722916002282807 0
2781 0.6264662912660344 -0.005402730639194922 0
2782 0.6316404378972832 -0.009202038243778934 0
2783 0.4181767026706723 0.004229870270755611 0
2784 0.3586186708121545 0.0122117172269282 0
2785 0.6766302002511293 0.02575077508569831 0
2786 0.6711559716730859 -0.3077555131003124 0
2787 0.641870729945287 0.01295211393460838 0
2788 0.6400753617716111 0.01286090055106693 0
2789 2.255245038915779 -0.04119948534268144 0
2790 1.871606599243315 1.344149526146252 0
2791 0.7352272725616088 0.08275955599350476 0
2792 0.7390493186360541 0.09957633728893667 0
2793 2.023103082516843 -0.1063892214041126 0
2794 2.217751070776407 -1.41357585193493 0
2795 0.9374038604856199 -0.02229398378875729 0
2796 0.9133803073633976 -0.004483627595390582 0
2797 0.7604588453430411 0.5548097469832515 0
2798 0.5904970564162809 -0.008547880832201213 0
2799 0.5892447579499892 -0.005240288500183576 0
2800 0.7902110734839003 -0.5760134913387012 0
2801 0.8503960383409455 -0.5661577712276479 0
2802 0.8046329490095536 -0.5141535561204212 0
2803 0.6426519387994775 0.009709956344075151 0
2804 0.6399162910320025 -0.01323580302317016 0
2805 0.52427026595077 0.1797675461317211 0
2806 0.5698291551020315 -0.07565584618031122 0
2807 0.4778763324889637 0.1056139671968613 0
2808 0.4028575140915929 -0.09827098281414677 0
2809 0.2358446519909551 -0.4611813566331817 0
2810 0.5763706767916199 0.2932590828446473 0
2811 1.119363736425637 -0.4899953160566783 0
2812 1.13882297621908 -0.4428083365351013 0
2813 2.19974060020604 0.5654088969370505 0
2814 2.121316772040229 0.8619593059564427 0
2815 2.0382458147476 0.8411235361177816 0
2816 2.016526213574471 0.756995104933628 0
2817 1.948111056444538 0.830801348966737 0
2818 0.632316300435831 -0.00044283683255873 0
2819 0.4209527141619147 0.01804290875258311 0
2820 0.5978745214605418 0.01941937966376555 0
2821 0.8704134111887762 -0.5053232754774201 0
2822 0.829749382413325 -0.470098881392062 0
2823 0.4710120347604751 0.1639210622616788 0
2824 0.6231607845781852 0.003639863911126516 0
2825 0.6203340451358552 0.003987897938768276 0
2826 0.6185745512802951 0.001962314431598037 0
2827 0.6177164622148223 0.004623757685513769 0
2828 0.6157851859495562 0.002568328229926507 0
2829 0.6194809042275241 0.006373036249280641 0
2830 1.806634227284675 1.397081387574369 0
2831 1.302198696495037 -0.4429582313790922 0
2832 1.234422820442557 -0.453705643196968 0
2833 1.625137855870635 -1.393245303793147 0
2834 1.462199616180479 -1.356901145695736 0
2835 0.591934267361917 -0.02359245910115832 0
2836 0.5879232043630227 -0.02752430485717986 0
2837 0.5993383903245901 0.002947495469364919 0
2838 0.5959944395690279 0.003498911514819631 0
2839 0.4903778798407448 0.003144100215324475 0
2840 0.5869522187359628 0.0412841604430178 0
2841 0.5253335903625476 0.009028615025898815 0
2842 0.6405375399954737 -0.002024112940354529 0
2843 1.022026416399282 -0.1647033167966385 0
2844 1.348697539238167 -0.9963761915400842 0
2845 1.374367581856921 -0.9202917184268864 0
2846 1.450971062575299 -0.9046789690279808 0
2847 1.388043528180778 -0.843513886033219 0
2848 1.477626665682401 -0.8328957333606035 0
2849 0.5591908103379635 0.02209903688157162 0
2850 0.6641792511221872 0.06022305812853516 0
2851 0.3930215413614499 -0.001335821126114153 0
2852 0.618343935273566 -0.04095758567585348 0
2853 0.6883871728244914 0.04459369300302451 0
2854 0.2964811407265707 -0.8755103352686485 0
2855 0.6688049454995912 -0.1416929420825823 0
2856 0.6682670908063716 -0.1145032811761532 0
2857 0.5728827104338946 0.1955367019120125 0
2858 0.5200291979770469 -0.02716479889710177 0
2859 0.5291222558870919 -0.0291701828673533 0
2860 1.445049049920457 -0.3552853003358403 0
2861 1.510350309203025 -0.3387753190705898 0
2862 1.534244105904151 -0.2749169356217719 0
2863 1.497058191170712 -0.2276334257588628 0
2864 1.517288366602606 -0.1691137589983836 0
2865 1.155862401217032 0.5222740850575955 0
2866 1.481308015250413 0.2093164289540865 0
2867 1.562258167103246 0.1519215097025718 0
2868 0.5949513185996504 -0.002894521623831718 0
2869 0.6971335779858265 -0.07020980903814465 0
2870 0.5753827023270409 0.02513908055904374 0
2871 0.8637578449030509 -0.4256828625600395 0
2872 0.5804929995463104 -0.002399126447041482 0
2873 0.5146283288924044 -0.2454986038309281 0
2874 1.384861657172256 0.9944026572059097 0
2875 1.361300369421866 0.9191694266175078 0
2876 1.287281568098494 0.9003006311613807 0
2877 1.413821255534168 0.8660745126973667 0
2878 1.339261487586026 0.8505510346042457 0
2879 1.267278594273167 0.8335286571776678 0
2880 1.385639309673075 0.7985624100131342 0
2881 1.215253569382008 0.8824305490553075 0
2882 1.199335725668625 0.8124256635710858 0
2883 1.14487053293015 0.8649744157274746 0
2884 1.132436658172557 0.7927057792702493 0
2885 1.083220089533683 0.8401470196944263 0
2886 1.066125153713324 0.77587600685101 0
2887 1.022941609490385 0.8131208590998094 0
2888 1.006909191662587 0.7559233157964502 0
2889 1.249195237190056 0.7631768216186545 0
2890 1.489777643905711 0.8755161467669226 0
2891 1.232664162987308 0.9570314350735638 0
2892 1.402827429599878 0.2908138758644428 0
2893 1.385364915695357 0.2440188310692944 0
2894 0.5691052737775295 0.0008042208653471333 0
2895 0.6429437805358847 0.2102025000140368 0
2896 0.6671657121709842 0.2171712455300403 0
2897 0.6839902210027566 0.1996330057271508 0
2898 0.7053043414997424 0.204037868311877 0
2899 0.6975777519010947 0.1848144206173978 0
2900 0.7152510215548586 0.2272039725165059 0
2901 0.7432083814389889 0.2337566126510937 0
2902 1.17539876473182 0.7466583988396527 0
2903 0.7658641651328764 -0.1809026674006692 0
2904 1.030247976355876 1.426268240918451 0
2905 1.231110440468292 1.439765527375668 0
2906 1.185148778226942 1.359778761135268 0
2907 1.273340688257189 1.355122528746632 0
2908 1.219792329264523 1.286929216278996 0
2909 0.1968422116776954 -0.3949659973965126 0
2910 1.151755201699335 -0.2704761305498593 0
2911 1.0328156307077 -1.441913834892099 0
2912 0.985355297323063 -1.362966550394612 0
2913 0.8862130559785194 -1.345692971367619 0
2914 0.8394887190583842 -1.43801156472365 0
2915 1.229266445174628 -1.427659180955018 0
2916 0.6063761771691643 -0.01405436846022847 0
2917 0.6026775175497995 -0.013366810662617 0
2918 0.4841255820001701 -0.02895797954996258 0
2919 0.5956892065352419 0.01134430336494913 0
2920 0.5984230650786052 0.008836131472673895 0
2921 0.5994587986063388 0.01214226944090269 0
2922 1.704760092986037 0.1298559692148568 0
2923 1.686249283541062 0.06377363943333667 0
2924 1.648468853030567 0.1229342948661562 0
2925 0.5850238176415931 0.003438811377524349 0
2926 0.5821970019374951 0.005048871580366331 0
2927 0.5822326659490793 0.008921978032582833 0
2928 0.5854835183986331 0.0108686195561285 0
2929 0.5826316562325686 0.01300405862149292 0
2930 0.5827778457805027 0.01698737194532681 0
2931 1.080125430999574 -0.4473788992410473 0
2932 0.9539602835066721 -1.280878757630999 0
2933 1.012423056314658 -1.23188762675465 0
2934 1.733361424122055 0.0112474707642528 0
2935 0.5934672801493143 0.0006629404984809331 0
2936 0.511415159938046 -0.01269612206955176 0
2937 0.344438365440939 0.1874231007706851 0
2938 0.3756018805417548 0.1614132492588649 0
2939 1.16772546227294 0.32820409332656 0
2940 0.4474548324791803 0.003128397024442018 0
2941 0.5301968946943574 -0.1568362921582348 0
2942 0.9413624909140597 0.01128495086859565 0
2943 1.014258547159137 0.1807492992617747 0
2944 1.003943604729198 0.143803132551681 0
2945 1.024389264128962 0.1180640750940619 0
2946 0.9815412433300827 0.1719078015837894 0
2947 1.063278310637687 0.1153504096921637 0
2948 0.6170834638396019 0.007115263901507408 0
2949 1.293843257237949 -0.1341040121916765 0
2950 0.6442412179525526 -0.005038132958520534 0
2951 1.466563507799384 -0.2855981353617092 0
2952 0.9227548064195583 0.03991866380899055 0
2953 1.07921299506956 0.913947036979655 0
2954 0.6330173063488539 0.01562375708829868 0
2955 0.6345899074791596 0.0174253504175198 0
2956 0.6260991985175224 0.0104941691285349 0
2957 0.7539654480095748 0.3531286370144836 0
2958 0.7153128248596661 0.343396176708792 0
2959 0.7940090459345713 0.6322071723838469 0
2960 0.8075952895115883 -0.1701665237422325 0
2961 1.374518168352913 -1.139576092174536 0
2962 1.6154282646807 0.2292438993608882 0
2963 0.5805124311188301 0.02338479853387201 0
2964 1.274350788492746 0.5514070056994285 0
2965 1.311088724096187 0.5155288339701192 0
2966 2.091785931396364 -0.3713181667531068 0
2967 0.5583348693314835 0.003153576657559169 0
2968 0.6077813612972081 0.01270200286965352 0
2969 0.8344809370729747 1.43952778185933 0
2970 0.8215079065466673 0.1847257766109217 0
2971 0.2844292301362932 -0.240864866976216 0
2972 0.6098811705431906 -0.00154928190517981 0
2973 1.291465354787774 0.267598445343551 0
2974 1.276692463081982 0.2151371928180861 0
2975 0.6560438287389969 0.03064760656512207 0
2976 0.6131948767184281 -0.002513492678292289 0
2977 2.005335167488552 -0.1793372533070607 0
2978 2.059017908679186 0.92799021427552 0
2979 0.08354486552753523 -0.4662004897295634 0
2980 1.818249756232174 -1.441107018539107 0
2981 1.868072541785859 -1.362275328565902 0
2982 0.7459193224090611 -0.2150482091919553 0
2983 0.6012058395664993 0.006097367892732725 0
2984 2.167959123534096 0.1920942740089728 0
2985 2.090696502541536 0.176490144851565 0
2986 2.113496629926724 0.2528166811001623 0
2987 2.035966377014161 0.238012153025203 0
2988 1.987675066457028 0.2955163865346798 0
2989 1.959591628752272 0.2239085270766307 0
2990 2.019388009609019 0.1577176312572953 0
2991 2.011345758261488 0.3686844543996572 0
2992 0.7560542276259206 0.1263312012230852 0
2993 0.361698019975604 0.06095959155919055 0
2994 0.6285813039853929 -0.002952172924873978 0
2995 0.6054655340959896 -0.01028801404861347 0
2996 0.6112060764813254 0.004885789992959776 0
2997 0.6131668982729908 0.002301770760330855 0
2998 1.961185420598212 -1.355495015958477 0
2999 2.012342727274617 -1.436323572381962 0
3000 0.6092524527701119 -0.1443070321679413 0
3001 0.5079416850726909 -0.005724446861572611 0
3002 0.515889616532614 -0.00596630066004346 0
3003 0.6173955353253853 0.01912769359976118 0
3004 1.096357476013128 0.08699824782022463 0
3005 1.863921919104706 -0.4344956689741821 0
3006 0.5078372198630778 0.03248413320814516 0
3007 0.5094187397979003 0.04148564035465644 0
3008 0.4997177554125508 0.02092227785136208 0
3009 0.6425707766108768 -0.08187256279656666 0
3010 0.8108142546988635 -0.3576999372823622 0
3011 0.8115691682088457 -0.4283476867879495 0
3012 0.5549921160315916 -1.058861128435512 0
3013 0.6473709057400102 -1.047062990939741 0
3014 0.6642338155968399 -0.03149220393617749 0
3015 0.6671689948541234 -0.02605872719329968 0
3016 1.509815238161559 -0.9591758839716717 0
3017 1.375024431121167 -0.0230758137951832 0
3018 2.963626084357696 0.3937783387561962 0
3019 2.883806598047279 0.3399792711829081 0
3020 2.964213302420247 -0.3922457053564753 0
3021 2.881870565638572 -0.3430508363304352 0
3022 2.886228559014527 -0.2486580005978544 0
3023 2.798495379574133 -0.2949220848840594 0
3024 2.966506536835221 -0.2012245363730536 0
3025 2.950702036445652 -0.09800664692062323 0
3026 0.5265577610710686 -0.09934273331544076 0
3027 2.879997886946161 -0.4411879859410106 0
3028 0.6147476325024148 0.005241657644870648 0
3029 0.3998127550214357 1.004354868363811 0
3030 0.8926062118521785 0.5416273441058301 0
3031 0.4064383982442297 0.01577381995217069 0
3032 0.4970323829741205 0.4698675159721666 0
3033 0.6552731980673815 -0.7634377157724221 0
3034 0.5556649668803161 -0.07652313437926866 0
3035 0.5620763406412737 -0.06650894855641167 0
3036 0.6787108220360775 0.005998825324051532 0
3037 0.5749718698310604 -0.01231405964070452 0
3038 0.09719890749317345 -0.8845757318910502 0
3039 0.6321386415525827 1.44192878715556 0
3040 0.6449582151796268 -1.444721947325618 0
3041 0.7466787423732065 -0.5320085748016726 0
3042 1.798847191137844 0.02925497726824838 0
3043 1.781352546406861 -0.04024203415043622 0
3044 0.6158449132248558 0.01584352023004301 0
3045 2.278026366569689 0.5880462357891758 0
3046 2.33706402924541 0.526647967818093 0
3047 1.579399557877025 -0.7027135724880319 0
3048 1.508473371253063 -0.7111606134576846 0
3049 1.152315155701865 0.4620151298067399 0
3050 0.7301213992660163 0.2070505825079697 0
3051 0.4821077534721324 1.033082243479352 0
3052 0.5425029760952389 0.9812779464710749 0
3053 2.45468227924778 -0.347895512160894 0
3054 0.8290578961793973 0.2118533130474754 0
3055 0.8039984305912418 0.2280332303691748 0
3056 0.8307778466786592 0.2454745905976073 0
3057 1.095966550408354 -0.327861415890412 0
3058 2.664660488653099 -0.8347039921289392 0
3059 0.7068593459413581 -0.02246914365209896 0
3060 1.814658125222586 0.5267922444856913 0
3061 2.013289996488956 1.422102557962301 0
3062 0.685284432824862 -0.06988355230076616 0
3063 2.106016955190364 -0.9293607628933445 0
3064 2.044993295210685 -0.8664372278522375 0
3065 2.192410047102732 -0.9068074264388106 0
3066 2.255327445156772 -0.9702633121261106 0
3067 1.961299861068961 -0.8869862684732608 0
3068 1.986263977541339 -0.8039496865469142 0
3069 2.068874916004829 -0.7794534438070662 0
3070 2.011432506114751 -0.7260635811252022 0
3071 1.934569796044873 -0.7447475484284066 0
3072 1.958074670010951 -0.6651147329164504 0
3073 2.09190653568828 -0.7024494244548761 0
3074 1.903724790428405 -0.8235302488397462 0
3075 1.81921928441181 -0.8487868209539547 0
3076 1.392720629810401 0.4453087880544018 0
3077 1.603356519790555 -1.163802416505199 0
3078 1.691104587885602 -1.140655987093315 0
3079 1.631076776277278 0.8416693360735541 0
3080 0.7878335060776355 -0.09616913956437881 0
3081 1.206491384173683 -0.2606907669903963 0
3082 0.417183400265801 0.02434766943409764 0
3083 1.627346108858255 -0.5590298892163201 0
3084 0.6106931745027515 0.03225873326209781 0
3085 0.3326139386900813 -0.1658189692620485 0
3086 0.3482089805793176 -0.201028970561921 0
3087 0.606781092900373 0.01547991584911337 0
3088 0.4342302140952154 -0.009595114668392555 0
3089 2.968565991152879 0.5847897127040151 0
3090 0.3855667006794682 -0.01467311106092607 0
3091 0.397224474370703 0.1803192744687923 0
3092 0.5659406957210225 -0.03317028224698969 0
3093 0.3269178647594079 -0.5926644973291987 0
3094 0.6328966554216682 -0.2173843593311507 0
3095 0.6898566194159015 -0.1158884791942793 0
3096 0.08457103641191732 -1.082086284473047 0
3097 0.1689467917305 -1.129983679206006 0
3098 0.1702388421140719 -1.226606738115732 0
3099 0.1665891970189377 -1.037140761579345 0
3100 0.2484840868968669 -1.082094543389527 0
3101 0.2615533277297118 -1.176791194346271 0
3102 0.2549160963147569 -1.272544312240405 0
3103 0.1720309048923423 -1.322955470564877 0
3104 0.2591880155356269 -1.369055624418205 0
3105 0.340816277953126 -1.317092278712122 0
3106 0.1624624088733768 -1.430724614626061 0
3107 0.08535108742860228 -1.276120985237513 0
3108 0.450107252280558 -1.441304942043733 0
3109 0.6498028377541653 -1.281399152267156 0
3110 0.9291932779589313 0.8926956613512878 0
3111 0.5950465589238961 -0.01981525593264132 0
3112 0.5870163061614209 -0.02152578923396133 0
3113 0.6058649046626787 0.01050450557108745 0
3114 0.6027860704627596 0.01112990579486335 0
3115 0.383560772430255 0.07452204790968758 0
3116 1.93010368487852 -0.1967133321553705 0
3117 0.439689467708339 -0.005236739486789537 0
3118 0.4832501179042983 0.004306252221577528 0
3119 0.39011011987279 -0.002536656091629133 0
3120 0.4860763848560958 -0.03962823707808923 0
3121 0.6252932003773345 0.01286810400703442 0
3122 0.4414786680145703 1.434344028142156 0
3123 0.2868153637871579 1.353872637835846 0
3124 0.2451680404750653 1.438417808767077 0
3125 0.1946433333997194 1.363802949691018 0
3126 2.715446696013214 0.6779098170204969 0
3127 0.5681782880420007 -0.04723434416374236 0
3128 0.6493942586499161 -0.01541602940563503 0
3129 0.6530778026273065 -0.01540533885279546 0
3130 0.6553405637894761 -0.01859552795360394 0
3131 2.265500207619437 0.8208075986428841 0
3132 2.215056400493307 1.444671593097049 0
3133 0.6450055901466886 -0.2377589116745457 0
3134 0.5563671106519921 -0.2566909910285038 0
3135 0.6714936171701191 0.5898581039308014 0
3136 0.08506171266288209 1.278040885531025 0
3137 0.1716703181525863 1.230294751422204 0
3138 0.9035401393766191 -1.041782181543038 0
3139 0.6258730132962733 -0.1500127257801554 0
3140 1.146060626810942 -0.7243121181518567 0
3141 1.162153502608734 -0.6496593261390244 0
3142 1.598511891235956 0.3992830844462183 0
3143 1.914989361945588 0.2751430981982678 0
3144 0.5443902105026205 -0.01921247566113457 0
3145 0.3887597812439677 0.009217908354656409 0
3146 2.610420898189752 1.4431454978919 0
3147 2.647402077447889 1.344433192695377 0
3148 2.603592279750836 -1.445593264189365 0
3149 2.963321090446 1.082192858389493 0
3150 2.884260388509977 1.025133849536537 0
3151 2.863280209231045 1.122026269655109 0
3152 2.877461489002536 1.229828108026419 0
3153 2.962196679026288 1.277916076482526 0
3154 2.880790950894874 1.326949835615714 0
3155 2.888260515468198 1.433692144430146 0
3156 2.800543432703029 1.377802802856589 0
3157 2.96285234347014 -1.08155219080995 0
3158 1.57554120934855 -0.1548999390873453 0
3159 1.538264027976479 -0.1092288758865786 0
3160 2.963703182207339 -1.277773566154556 0
3161 2.878194661771385 -1.326692193364245 0
3162 2.887866747321064 -1.433437367078821 0
3163 2.796071421568338 -1.375783620866537 0
3164 2.795542192155403 -1.28321721178331 0
3165 2.714905987388493 -1.324258818885342 0
3166 2.877924339244434 -1.219462654398393 0
3167 2.473415818419081 0.7127896822573487 0
3168 2.869995017744897 0.4289057305436268 0
3169 0.5110016145002164 0.2774908044751048 0
3170 0.6072655508629027 0.056812850751169 0
3171 0.6545883829891763 -0.1149687108404373 0
3172 0.6737110957180285 -0.1006237394716401 0
3173 1.460165648804295 -0.01677064036909335 0
3174 1.052509587179261 0.7129547618857256 0
3175 0.9971466929202373 0.6946326429350766 0
3176 0.6527839672804246 -0.003800814973025124 0
3177 0.3822385959587962 0.01055089085779749 0
3178 0.4570434829827887 -0.008718321681673028 0
3179 0.4587024472283183 -0.01525033121706932 0
3180 2.229783594767931 -1.059659281595482 0
3181 2.537146833429452 -0.5667310527620194 0
3182 1.652107736814071 1.131330617483692 0
3183 0.5719577666138207 -0.0006935440055917687 0
3184 0.5221157532642811 -0.001930300800635393 0
3185 2.648498662771464 -0.7019507955880756 0
3186 2.557139933054049 -0.7211407911694383 0
3187 2.510517957017391 -0.655405244975415 0
3188 2.477100911594647 -0.7390771437505694 0
3189 1.84894277581498 -0.7601643119940767 0
3190 0.9174100482000929 -0.4119874064613245 0
3191 0.8997110621665805 0.3959441634646075 0
3192 1.085800873847984 -0.07893151681609745 0
3193 0.4342945485044073 0.1102072164313379 0
3194 0.6247874090212338 1.004042936603283 0
3195 0.6086777817582586 0.9236075673902689 0
3196 0.8013518208288379 1.127322602485282 0
3197 0.5610998573997106 -0.03707742951093976 0
3198 0.0891223894920643 1.068174014285431 0
3199 0.469225696274552 0.005464364455783455 0
3200 1.074575632095079 -1.363075506685735 0
3201 0.6683973433511344 0.4420270547492565 0
3202 2.06941247474919 -0.4509780683007045 0
3203 0.4395101131245045 -0.09530934014227307 0
3204 0.4222299069016682 -0.0872800488382082 0
3205 0.4234688066741748 -0.01149783501647762 0
3206 0.5798928368816298 -0.9783331116707108 0
3207 0.9733028357969029 -0.1032962059139181 0
3208 0.6640819305754418 0.09686575294302072 0
3209 0.5434363077223356 0.2816337711441472 0
3210 0.8900082594754504 -0.08579529112958557 0
3211 0.3763541310074022 -0.05914324438788955 0
3212 2.204998920979856 0.8847144196121324 0
3213 2.500086792220337 0.7968647503577133 0
3214 1.935326776334839 -0.9712746459208916 0
3215 2.740827027276642 -1.151529191166619 0
3216 2.315018441408395 -0.6029788591802522 0
3217 0.6331371838643416 0.009529102312996486 0
3218 0.5492655428564295 0.05741180213926052 0
3219 2.67840534374332 -0.3739738090059779 0
3220 1.052248789495975 0.5166827586285637 0
3221 0.5792940856374972 -0.0258273648323732 0
3222 1.251701020957871 0.03875785342805759 0
3223 0.1661533224891628 -0.0697108635127737 0
3224 0.5868440311016303 0.02851575151605103 0
3225 0.5538014588764 -0.001038054483629029 0
3226 2.708084083739932 0.9265449276861999 0
3227 0.6437725351307348 -0.0005468880535012243 0
3228 0.6237129637332823 -0.2640783742988292 0
3229 2.548207456167839 0.2034111366626576 0
3230 0.6382240888769329 0.03945124508018876 0
3231 0.6445122776814346 0.04060016298536608 0
3232 0.3991263639210017 -0.04112323514807271 0
3233 2.638284344169937 -0.9257061457437785 0
3234 0.6458903417810945 0.006980112016307748 0
3235 2.401967864757125 1.014518769290641 0
3236 0.5862445956883858 0.01897312928188537 0
3237 2.245358577655527 -1.306785410516832 0
3238 0.6114063795918498 0.0164816569863365 0
3239 0.6124775389392763 0.01863169098986688 0
3240 0.5497742609659473 0.5000749713333759 0
3241 0.6686086325500433 0.1272371714705698 0
3242 0.4639033372731817 -0.4073535534264001 0
3243 2.649127165828485 -0.2261040247136496 0
3244 2.810670789927398 -0.4969488022404787 0
3245 0.6194887200114534 -0.7098165737072606 0
3246 0.4257464672601317 0.05838762823133693 0
3247 0.4355662831828307 0.04982570803682816 0
3248 2.686637645994706 0.3893457827416862 0
3249 2.029334608598464 -1.184454305486224 0
3250 1.902733455388698 0.1831693483591699 0
3251 1.792270604322316 -0.4536371066804149 0
3252 0.4951063639492307 0.008728200771916925 0
3253 2.258153999068023 -0.5474354617405308 0
3254 2.293628210707059 0.3664263074852052 0
3255 2.455938822621483 0.4102819505022316 0
3256 2.554646163774751 -0.015287651719237 0
3257 0.5192777403197285 0.01059633156268448 0
3258 2.81520576127326 0.2695425676110557 0
3259 1.131208978922697 -0.1823414569238199 0
3260 0.7950783662205139 1.351936427295829 0
3261 1.126488946381072 0.05443818370607072 0
3262 2.957112055769564 -0.5839668144819276 0
3263 0.4308503203862589 0.00600623705128885 0
3264 0.5537895098963275 -0.01943184166198347 0
3265 1.849024176614312 -1.213570043811379 0
3266 0.6190495887852179 -0.001018958367971039 0
3267 1.568156272274732 1.111206530728094 0
3268 2.190911432012608 1.123198054721981 0
3269 2.088266778145841 1.344300274807629 0
3270 0.8893657719210251 0.2292629071705541 0
3271 1.794581762845179 1.094109196650266 0
3272 2.395933308972713 0.4684105191471116 0
3273 2.382163348621128 0.1687698519308536 0
3274 2.237447952345751 0.424398714638848 0
3275 0.3226525940155614 -0.7971355662456656 0
3276 1.390484643730678 0.07016611792211147 0
3277 0.6145410478856496 0.8068144224056976 0
3278 0.6790558897329226 -0.0610329071295557 0
3279 1.566949314364529 0.5080197344110088 0
3280 0.814210609195074 -0.8593406058249875 0
3281 0.8666291560543065 0.4541223804968912 0
3282 0.4693102034795947 0.2366572472995664 0
3283 2.304174232681633 -0.3881573430516296 0
3284 1.838518190968392 0.74681044091805 0
3285 1.556641260304501 1.352742614788599 0
3286 1.265996832014593 -0.3937283790838181 0
3287 1.800403149495309 -0.6496092141947757 0
3288 0.4094459139863521 0.02410604195910511 0
3289 0.4009609821996455 -1.236670579830299 0
3290 1.371748807290827 1.209971688607945 0
3291 1.583756552017958 -0.5039566671820708 0
3292 0.6682558370492508 -0.06143971207431599 0
3293 1.889247753884941 0.8945419063073139 0
3294 0.3731631832854277 1.235219866276552 0
3295 1.636063281633165 -0.9737220819638606 0
3296 1.228214259966524 -0.896034149319875 0
3297 1.718077841142078 -0.05956567897325078 0
3298 2.212838231303522 -0.1946258418174016 0
3299 0.3476312212436161 0.2265521815510186 0
3300 1.968132739737935 -0.05552438277385452 0
3301 1.959367504869783 1.138754775957087 0
3302 1.451838762578755 -0.1008008460863645 0
3303 0.6445706314317146 0.01466921160261611 0
3304 1.450738188728349 -0.5296720424604136 0
3305 0.6778556659508915 0.8823648413541647 0
3306 0.6918273993950633 0.0538185614950789 0
3307 0.6379948748775509 0.001879354755646669 0
3308 0.9518276178781397 -0.7646303939591939 0
3309 0.9298934343147491 -0.8264465444762955 0
3310 1.424623569179717 -0.2044075190393206 0
3311 0.6160063687023261 -0.01273403943302854 0
3312 1.747171896957867 0.5034648006015428 0
3313 0.3861028202659158 -0.003055407429496305 0
3314 2.788083964462237 1.195319276766686 0
3315 1.561324898734766 -0.5728205296987993 0
3316 1.62963062713643 0.02300103910528924 0
3317 1.761616212022275 -0.7926143958558926 0
3318 1.289735552747503 -1.159062376837828 0
3319 2.127438939489574 -0.007095967982242298 0
3320 0.5477301788401447 -0.01415209223282597 0
3321 0.5446586417940165 -0.02560676333099609 0
3322 0.392131788874419 0.009162032868288584 0
3323 0.6849816114041576 -0.7018392947352657 0
3324 0.5842655094663128 0.07006189043306579 0
3325 1.757375043700139 0.3234153279340106 0
3326 0.7258762129961426 -0.07022284059709713 0
3327 0.733713842023161 -0.05614586361064267 0
3328 0.4017674679241665 -0.2715591880819161 0
3329 0.4157088553058162 -0.2357275345037118 0
3330 1.193729796496945 0.1510109755859206 0
3331 1.199898329737296 0.1949390532357311 0
3332 1.111775184852269 0.730003079887699 0
3333 1.396745644298906 -0.314918473580123 0
3334 0.3797944012788098 0.005290047339888877 0
3335 1.537062286761646 0.3792659370865431 0
3336 1.300243294634795 -0.6191895826268428 0
3337 0.4088929545969791 -0.01911519213408298 0
3338 0.5392139452468053 -0.001969397746754679 0
3339 0.5783027557406566 0.1016027327780402 0
3340 0.3557226571999307 0.1292331520000975 0
3341 1.103178305431135 -1.054220443155339 0
3342 0.8331560627343217 0.3749212736979456 0
3343 0.860657843981672 0.3482134508842388 0
3344 0.4520307607239409 0.0669342343400164 0
3345 1.035869119591581 0.4696863989911577 0
3346 2.732649572342638 1.01400357535344 0
3347 1.545963576182265 0.1042868576893326 0
3348 0.9346118713447351 0.2714365836649705 0
3349 0.583855646684169 -0.01736933160556015 0
3350 0.5775786222225884 -0.1003004923794219 0
3351 0.6303716613651766 -0.02781104649949866 0
3352 0.6252005919947478 -0.02576360527538307 0
3353 0.3949856547295619 0.02053539193147431 0
3354 0.6048747518666797 1.220095192893441 0
3355 0.2039734850112392 0.1248747666459578 0
3356 2.490408006839255 1.035554390827883 0
3357 1.294863325091078 1.183578671076 0
3358 0.8163481271573245 0.05256925767110174 0
3359 1.28023815050506 -0.6866408228390949 0
3360 1.023414997432147 0.06239273982254767 0
3361 0.3526069984326508 -0.9422371650001999 0
3362 0.6015852307656315 -0.009808993560482912 0
3363 0.6268307870707985 0.02539137429655382 0
3364 0.7207177686882221 -0.04450810736042941 0
3365 0.6140852175879076 0.009803330794707401 0
3366 0.4935143324981753 0.01618582412466107 0
3367 1.687903885896978 -0.358072461342803 0
3368 1.280253909569804 0.407582211958155 0
3369 1.134994523948523 1.145163537979355 0
3370 1.159060060749672 1.224432320571388 0
3371 0.6030718548318534 -0.05608683627986781 0
3372 2.51758403347312 1.127122092281684 0
3373 0.5973600880008696 -0.4210732959049391 0
3374 2.412010649650241 1.439465024478577 0
3375 0.8877897832375272 -0.01335184633813956 0
3376 0.2606721718633074 -0.9502566129199043 0
3377 2.70819981310071 -0.2917318573499034 0
3378 0.7190759415401278 0.7730619065547847 0
3379 0.9712625035111817 0.1094560439915144 0
3380 2.771771506156231 0.4111328182520986 0
3381 0.6439103210604058 -0.03360591214562875 0
3382 0.6396945946334449 -0.03181302048751794 0
3383 0.1881681594601551 0.7416159871429392 0
3384 0.1590479870717408 0.6516947485249233 0
3385 1.114051147027186 0.01055880586419549 0
3386 1.161888013045308 0.1785972442854135 0
3387 2.127373122849343 -0.8393885347683294 0
3388 0.577408701520735 0.01264434873234017 0
3389 0.4861725126938471 -0.3341089182798053 0
3390 0.743596623891924 0.9047700570213837 0
3391 0.7915372601872974 -0.03630073604025084 0
3392 0.3933374914600237 0.007799709899253914 0
3393 0.3941829928013704 0.006129188186283625 0
3394 1.037000191396098 -0.8676258184543761 0
3395 1.103790301167444 0.2367550618549464 0
3396 0.6560306872108705 0.1382429850275912 0
3397 0.3919787361752034 0.01079077508922139 0
3398 0.913063193686659 -0.7146350033924227 0
3399 1.047291079651733 0.2934373395244279 0
3400 0.8540031223593201 1.070972674253956 0
3401 0.9616399466561023 -0.1359602099223324 0
3402 1.623453097004524 -1.080806037523177 0
3403 0.6383089263291076 -0.0648524331712016 0
3404 0.6315019857451514 -0.07080761471919829 0
3405 0.6226610808289603 -0.07243341897314731 0
3406 0.5822765250608556 0.00214924431162977 0
3407 0.5649681238963769 0.07248682808651223 0
3408 0.5789930930140695 0.005810607796223022 0
3409 0.6281927587237801 -0.01902704463615183 0
3410 0.9249028079334239 0.1530327945734496 0
3411 0.6547217830421127 -0.1850681640779272 0
3412 0.9927813666455464 0.6384077992316878 0
3413 0.4281648566114291 0.2872162118927556 0
3414 0.6201720226511368 -0.1206763021724328 0
3415 2.215772229706323 1.211449750836535 0
3416 2.43838218196259 0.1079501752168325 0
3417 0.7209503142558519 0.03949338848970824 0
3418 0.7282449366052308 0.02836551728060879 0
3419 0.7221215291672087 0.01762192670061456 0
3420 0.7350906535478809 0.0168032809328961 0
3421 0.7257684695777779 0.4624347004207069 0
3422 0.6229907545590225 0.009680422636488746 0
3423 0.8494573312880533 0.02006036913059579 0
3424 1.417197818912744 -1.443745846991782 0
3425 0.6800705953293406 -0.02964531837720495 0
3426 0.882463973840513 0.760501268019213 0
3427 0.9278266378235636 -0.2374866261271278 0
3428 0.9538667990466696 -0.2627274681283923 0
3429 0.3925166822243667 -0.7743909650470154 0
3430 0.532320627900754 -0.03648510633781986 0
3431 0.5340650208934732 -0.02340462454883393 0
3432 1.736295066487284 1.152367643660612 0
3433 2.454029505548976 1.192932198855028 0
3434 0.6898646731771254 -0.01266924320864427 0
3435 0.5754602503745112 0.02050417877715951 0
3436 0.274925124411275 -0.528634385244408 0
3437 1.115710131559813 -0.2213959761383393 0
3438 0.4151800227575606 0.001378502966558314 0
3439 0.537812972570487 0.003865133022480329 0
3440 0.3643183086158122 0.8651291603290989 0
3441 0.6148580657324704 0.157602365482955 0
3442 0.6341510795675088 -0.039062877887061 0
3443 1.028194251847139 -0.02865573141568696 0
3444 0.6186129436012093 -0.009983827925025465 0
3445 0.5187134056266791 -0.01363450725962272 0
3446 0.1506212493171034 1.444173369342787 0
3447 0.5713048153027381 -0.06456922089587569 0
3448 0.5599858844002342 -0.05734880546679649 0
3449 0.5205493007332841 0.04132064605996331 0
3450 0.5462397643804472 0.01159878001641641 0
3451 0.5403972305221598 0.01336288744587202 0
3452 0.5945849143543849 0.202244772169738 0
3453 0.5715910827677371 -0.0108040537519978 0
3454 0.7764422923165551 -0.07219189839377423 0
3455 2.406519183792609 -1.44096219739035 0
3456 0.08198585740435174 -0.7809318534396228 0
3457 0.7519694384942779 0.1908765870421177 0
3458 1.259549595357448 -0.2383450140987965 0
3459 1.755784526235314 -0.3347917451902488 0
3460 0.6310273723960397 -0.002173712702150381 0
3461 0.227153674970281 -0.1212443503578764 0
3462 0.7675068868834664 -0.4341122499379737 0
3463 0.3934262204383522 0.553688150463405 0
3464 0.6386968690134125 -0.004804547209396514 0
3465 1.310058433113476 1.266400457123339 0
3466 2.293220474489485 -0.1666482613971764 0
3467 2.239669525517018 1.296389400865114 0
3468 0.9938026280651925 0.3502168085627489 0
3469 1.007043387164055 0.3854676081652386 0
3470 0.5287760117318386 -0.2225169556519996 0
3471 0.6190392574563993 0.00859961521138651 0
3472 2.316417537083349 0.4455011688915297 0
3473 1.028939872911831 -1.0723272350903 0
3474 0.4706153996358009 -0.1889145232959178 0
3475 0.918463733336265 0.4792453102916012 0
3476 2.25813372950497 0.5056612171282966 0
3477 0.5244032014806723 0.65533071788404 0
3478 0.6431742140191706 -0.01072623463974666 0
3479 0.6159524540491348 -0.6036608272315076 0
3480 1.309734013272319 -0.8802879256212515 0
3481 1.612853036518425 1.444317391248156 0
3482 0.8096332600670076 0.1607616408060606 0
3483 1.097454908520128 0.6711187071465005 0
3484 0.5271553971926528 -0.02195324582477988 0
3485 0.6543088035294985 0.02066409218618888 0
3486 0.6504998123331688 0.02290337290591241 0
3487 0.651598559598342 0.028014771137011 0
3488 0.4198702221355644 -0.1809750849744131 0
3489 0.401699867674382 -0.2052389127383081 0
3490 0.5329473376637159 0.1045792694039557 0
3491 0.695768986270425 -0.02211123088699522 0
3492 0.5642811767033804 0.04649528649544114 0
3493 0.5570358754527494 0.05135584176281838 0
3494 0.5808042317563094 0.130338630762969 0
3495 0.5846477792959602 1.364025085461868 0
3496 1.802347093156131 0.2756625598029235 0
3497 0.4797050445570377 0.266743697274321 0
3498 0.3634789093820566 0.4981083977197658 0
3499 0.8986791228082509 0.2637220849713504 0
3500 0.6608035708712579 0.006386260507482391 0
3501 0.6154443177628987 -0.06175131814429356 0
3502 0.5620110539262951 -0.08714090810643353 0
3503 0.5558974209650751 -0.0983130135216651 0
3504 0.8523204648241264 -0.7269098831131067 0
3505 1.998684622813378 -1.27100483681917 0
3506 0.4430893601760315 0.02785003750680387 0
3507 0.5005342504977782 -0.07332822023081019 0
3508 0.2535891296350675 -0.08674157707068111 0
3509 0.9296689398838203 -0.9509827088671061 0
3510 0.4910321875596608 -0.01664920802315218 0
3511 0.6143210990831111 0.02923981414148171 0
3512 0.5317399782820257 -0.01666833872615794 0
3513 0.5962456851883443 -0.04565091493048747 0
3514 0.5665530174161251 0.2605474934449596 0
3515 0.8074541938970401 -0.2879900421234754 0
3516 0.8006750790782219 0.068376796280436 0
3517 0.8246094854509816 0.07599786206606912 0
3518 0.3644375849632291 -0.5366253848821203 0
3519 2.877079479442847 -0.01851494281965885 0
3520 0.7987030434150353 0.3250935309298174 0
3521 0.5549295335305984 0.1684668063734732 0
3522 0.416165786374479 0.01587104543649115 0
3523 0.5170558764555799 0.1388648649118789 0
3524 0.5714366413912295 0.1757125713647896 0
3525 0.5508734718267101 -0.421126518382997 0
3526 0.6489922341923129 0.005256153121972429 0
3527 0.6473514326084959 0.004574542609269244 0
3528 0.3221793367546494 -0.05106474383262011 0
3529 0.6162422108943144 0.2708484833679996 0
3530 0.4355436017082799 -0.074790276230568 0
3531 0.3806757794056943 0.1327282777425465 0
3532 0.4970378649408271 0.2440657353582147 0
3533 2.418785495140755 0.5501563727860754 0
3534 2.425522419509751 -0.2010740478104708 0
3535 2.958736087188759 -0.7950975931538279 0
3536 0.5303871787536596 0.1291865383347038 0
3537 2.821528497914383 -0.191172174767664 0
3538 0.7428046772426932 0.3048670164398627 0
3539 0.6595104943572165 0.7553643137442467 0
3540 0.1724822368405007 0.4424823376232131 0
3541 0.1693210436777301 0.3769713826207854 0
3542 0.6603268556022451 -0.02684501774075057 0
3543 0.6582726931092534 -0.0613157882615928 0
3544 0.5111561337443836 0.0003529858791116369 0
3545 2.957593089893259 0.8997666443115868 0
3546 1.950904930517189 0.1370355864917676 0
3547 1.77277881523321 -1.36635829617973 0
3548 0.464716342533857 0.70011784022037 0
3549 2.521003168906204 0.1248686493506293 0
3550 0.364202476491151 -0.1706269673319787 0
3551 0.4338890791821382 0.4121806589522346 0
3552 0.5829995031160443 -0.002725202377778717 0
3553 1.370575661266888 -1.368059687153916 0
3554 0.575516602083474 -0.3830803959229088 0
3555 1.098904092175306 1.353888311788223 0
3556 0.6155514549864166 -0.0004312471754335185 0
3557 0.6077239654032809 -0.1179339687744223 0
3558 0.5897477270773984 -0.03317552814533248 0
3559 0.6203186891346794 0.09330669915257504 0
3560 0.6288072015375631 0.04151325451978966 0
3561 0.7206539731259063 0.07719657431545685 0
3562 0.8315571377316126 -0.3171031797051198 0
3563 0.5027886793883702 -0.6216937262827634 0
3564 0.6526657797834197 0.09265070378635928 0
3565 0.9692688948833201 -0.8796502874035707 0
3566 0.6009823000614958 -1.366638494005322 0
3567 1.723028916885279 -0.2360055767434543 0
3568 0.5999779671595222 -0.03504164345441807 0
3569 0.7125399541128172 0.1245423308953671 0
3570 2.073606058110717 0.1017737434011803 0
3571 0.568779629820108 0.008213958282500024 0
3572 0.2982098355326496 -0.4349732729227582 0
3573 0.5705289521886475 0.04254948570208028 0
3574 0.6477352316355196 -0.02983469439486009 0
3575 2.257784644065183 -0.8588757812087429 0
3576 0.5437047339723609 0.251149215656763 0
3577 0.7001396439573725 0.09494346802831233 0
3578 0.6243868621058541 0.02069082530857395 0
3579 2.125069477467079 0.541220782673361 0
3580 0.7004185596017312 -0.1750467886542492 0
3581 1.448126950489774 0.7660822083305107 0
3582 0.6655286189862372 0.0469923156161467 0
3583 0.5124066286089348 0.9101506230715691 0
3584 0.7008495213647596 -0.03190294192169058 0
3585 0.7854967987443642 -1.365122722820961 0
3586 2.083178296949527 0.6929098129177516 0
3587 2.069024901550799 0.6040848155451535 0
3588 0.6337945537969312 0.007512796645889459 0
3589 2.723614880565132 -1.23071434547474 0
3590 0.639687406733257 0.001157818123389212 0
3591 0.8853610546998514 1.367248501023744 0
3592 0.4697361547501123 -0.01128797350862684 0
3593 0.80522036858103 -0.1171046794589849 0
3594 1.90647818143487 -1.28296862167409 0
3595 0.9859471444542384 -0.1683954219177593 0
3596 1.55257414184839 0.4434514670156636 0
3597 2.477766611096758 1.279919227771699 0
3598 0.7577192500823037 -0.07279585135205746 0
3599 0.5118433139302999 -0.05296033762594285 0
3600 0.8337373804874828 0.1002207056362063 0
3601 0.7937078333617004 -0.1431857958888697 0
3602 1.753250137977554 -1.081142478827146 0
3603 0.4492737469999319 0.05408343996779168 0
3604 0.6200042478522979 -0.02502794388996791 0
3605 2.884505118255677 -0.9441377214167506 0
3606 0.4150214059600215 0.05402315825261073 0
3607 0.3791259212767643 -0.07539733134824328 0
3608 0.3630041334517227 -0.04742217757711705 0
3609 0.6480409435365508 -0.01221691582837195 0
3610 0.8412979039394135 0.1579585310807567 0
3611 2.447547737301516 0.6310720483226184 0
3612 0.5210479678535895 0.004286767457067503 0
3613 0.8403600571962158 0.05841298347440278 0
3614 0.4237416354965199 -0.01980686436092229 0
3615 0.6138524520615014 -0.03255282587669135 0
3616 0.1388530942709725 -0.3583107748147241 0
3617 0.8857055005294471 1.15428334435165 0
3618 0.07607384667834594 -0.6056555872624351 0
3619 0.7072851767424672 -0.2319425803681338 0
3620 0.6846206404675996 0.06222474482980182 0
3621 0.4629279711585285 0.006020717287071275 0
3622 0.4059663897974498 -0.0004916987765914409 0
3623 1.196204344107768 -0.09234222574470026 0
3624 0.5743532093086147 -0.005875640319717181 0
3625 0.7274913200290316 -0.1120389439334429 0
3626 0.7239606146524089 0.09431493323674423 0
3627 2.96901238122097 0.2073184633611488 0
3628 0.612473814295337 0.1878731277371031 0
3629 0.7500960997671099 -0.002095681668544128 0
3630 1.959243514447542 0.7044161966735808 0
3631 0.5638062849247266 0.01972426169974775 0
3632 0.9581867457725803 0.2462344138408153 0
3633 1.913358363790286 0.7613600726430647 0
3634 0.4623461056781842 0.09967607437191134 0
3635 0.6005873902439809 0.05386590213176062 0
3636 0.5676845858779875 0.1241592029072602 0
3637 1.582979497806412 0.5712539859379433 0
3638 0.07070185055230854 -0.2699430683100542 0
3639 1.334889027136723 0.01457119407553501 0
3640 1.495169100138382 -0.5850947754683773 0
3641 1.162481987993645 -1.359198554430298 0
3642 0.4872090560210351 0.08893039466427309 0
3643 0.7020935443916398 -0.06046559896248553 0
3644 1.296631422262344 0.4621895265312764 0
3645 0.6403212644171348 -0.0008830014650764023 0
3646 1.113739690781149 0.2744800272605579 0
3647 2.80854707511932 -0.3932621130450117 0
3648 1.009950452941836 -0.2064639381529136 0
3649 2.178119613398233 1.361984754079302 0
3650 0.4477397961700776 0.03486048625623309 0
3651 0.8365916596954962 -0.1632261310739292 0
3652 0.4360651994919585 0.02853180666433752 0
3653 0.5938401947356938 -0.03891190502305551 0
3654 0.3377986103946997 -0.04000577970817521 0
3655 1.324073924079526 -0.7327551504591081 0
3656 0.7367108536232783 -0.006090303468238434 0
3657 1.423489745416533 -0.7750459341388179 0
3658 1.820410558174059 1.173612631310421 0
3659 0.5042095941660979 0.1123053389726203 0
3660 0.3015096889261835 0.0789921594356201 0
3661 0.2822979956803345 0.05378606482907318 0
3662 0.2429190159085146 0.07179836427784816 0
3663 0.2754600348780096 0.02235863645351537 0
3664 0.6442130593593955 0.03024418969009688 0
3665 0.5606881175028817 -0.03120050002499453 0
3666 1.471033558344064 0.5906439640398714 0
3667 0.7108026323574068 0.01775123720065862 0
3668 0.5875114316835015 -0.01738555040849999 0
3669 0.6440920951786091 -0.001530123274198313 0
3670 0.7872193588727256 -0.1849780424826938 0
3671 0.7299303102503387 -0.1312714616099696 0
3672 0.611117422105663 -0.04745747660750788 0
3673 0.4844086252426287 -0.09652945605767842 0
3674 0.3744213026424582 0.01623096465123441 0
3675 0.5666732685976302 0.03829042266942181 0
3676 0.6653298367284135 -0.09475542460027823 0
3677 0.6549565723633786 -0.9612847587950089 0
3678 0.5405903025096686 0.04408129983823153 0
3679 0.6201809206877281 0.01536436164550786 0
3680 0.5538836288085407 0.02367543669889778 0
3681 2.043765811626851 -0.03458229926677935 0
3682 0.6361589225039052 0.005382649436536265 0
3683 0.5652775934840147 0.06264206830921308 0
3684 0.5840083901361276 -0.02521772103864317 0
3685 0.493797752508382 -0.03321033480680764 0
3686 0.7596491825472627 0.214464118964288 0
3687 0.5462846792060394 0.4023988448515551 0
3688 0.5368847364362375 0.008993616272228963 0
3689 0.5796350968076329 0.01883181378752387 0
3690 0.937076509571329 0.7788990045441788 0
3691 0.3308340239361937 0.3403052992668139 0
3692 2.578690477198553 0.063236546594127 0
3693 0.9268998121297224 -0.3376402096147583 0
3694 0.3914583640490498 0.6657449237854218 0
3695 0.4720550975826334 0.068624036398756 0
3696 0.6399578308220563 -0.02784861055888042 0
3697 0.5091760785169149 -0.08394801254779075 0
3698 0.6214862930817101 -0.03006122048850318 0
3699 0.5200432673963608 -0.07322410273848796 0
3700 2.323582421546737 -0.9108787442451661 0
3701 0.2788262739832469 0.1616208841749886 0
3702 0.6342305628063124 0.04357982752100038 0
3703 0.1702445984659933 1.01325255601533 0
3704 0.4507594301108992 -0.3300195392501308 0
3705 0.6295278385926127 0.01817129647575038 0
3706 0.16595969658788 0.1924985394545018 0
3707 0.1741063954564838 0.09265117868480587 0
3708 0.9803002292025631 -0.2903407963340394 0
3709 0.5978655109254079 0.005800814981922398 0
3710 0.5538904053545086 0.04123294192109911 0
3711 1.269188417667336 -0.08731653456618545 0
3712 0.6591649550598788 -0.01857753813934379 0
3713 0.3103736793639001 0.2116421273194342 0
3714 0.3882001189289573 0.01613630525326439 0
3715 0.5796777452646487 8.688236065205416e-05 0
3716 0.7709413952382382 -0.1062501838888754 0
3717 0.8941053483373934 0.3584107431456638 0
3718 0.2324403657358746 1.28902720069431 0
3719 1.750325905164562 -1.218129207376651 0
3720 0.4113983384231156 -0.02634464646305624 0
3721 0.6496010373575661 0.01144636478935825 0
3722 1.285290354935289 0.1714291410783973 0
3723 0.6989607823185607 -0.1047369667920507 0
3724 0.9972693161640894 1.091368514814446 0
3725 0.7441064506275735 -0.1747190781633073 0
3726 0.5992385564405082 -0.01282301451198459 0
3727 0.6231834863221455 0.02774046187073097 0
3728 0.2427060357380264 0.3087145744384823 0
3729 0.4045142293730976 0.007383355845575869 0
3730 0.4062509404765828 0.0120921220378695 0
3731 0.6738676473248655 0.002110860728094204 0
3732 0.1380050843973565 -0.1149834722674521 0
3733 1.057755752352692 -0.01919113501100522 0
3734 0.6560624777414721 -0.003296694282167 0
3735 0.552708624870393 -0.01495432462650521 0
3736 0.6246278936654336 -0.01825215557830452 0
3737 0.6633615081725014 -0.02100635712780166 0
3738 0.4253113633679428 -0.05439892191062317 0
3739 0.6317012043009133 -0.06270102619018653 0
3740 0.7480112151498589 -0.05738619050945971 0
3741 0.3993756827583611 0.07207102206944276 0
3742 0.8029225196112861 0.5590742007601074 0
3743 1.060400252910815 1.19783304200498 0
3744 1.214618710867223 0.7017145910979179 0
3745 2.402225505347106 -0.2867401085774003 0
3746 0.7241898272269511 0.1095621307793813 0
3747 0.561469857280207 -0.0439576757700993 0
3748 0.6542312252033593 -0.01224683420498193 0
3749 0.7079864384899371 -0.1600574628312641 0
3750 0.3822501578263851 -0.00625626057964342 0
3751 0.5742239417346227 0.06702245251710189 0
3752 0.4381847057026104 0.0002069237692927553 0
3753 0.6384965683028364 0.02052636547695192 0
3754 0.6209055094535316 0.03134100294870503 0
3755 0.4371124046096431 -0.03767304103956851 0
3756 0.4484940703231916 -0.04062793066580166 0
3757 0.6212267892155201 0.007844756979809322 0
3758 0.8919053081113257 -0.7750851398801859 0
3759 0.5459774656033953 -0.716844564772471 0
3760 0.4304744840797229 -0.2100916981717424 0
3761 0.4307000756924279 -0.006566225213370817 0
3762 0.4431673285346651 -0.04977875327328748 0
3763 0.683818427794991 -0.006609997077945118 0
3764 0.6591842958365524 0.1563673148782191 0
3765 0.6113912946193061 0.0992937053789064 0
3766 1.901533012147453 1.194798512218375 0
3767 0.6015062747116836 0.03551412460777246 0
3768 2.894771886302765 0.6384806225923961 0
3769 0.06889880426805282 -0.1272827680545611 0
3770 0.3972085072664885 0.02544046565100941 0
3771 0.7136005818351273 -0.03230579264967379 0
3772 0.6395081709758109 0.01142199859240923 0
3773 0.6124716353895321 -0.01183883002557564 0
3774 0.4065180577680349 0.04798310069094813 0
3775 0.4138797883422253 0.06617539413471241 0
3776 0.4964692343640242 0.05312910337594961 0
3777 2.537704787264511 0.649274221497516 0
3778 1.538146589415643 -0.6436750801864159 0
3779 0.5585557852264271 -0.1376882065933999 0
3780 1.520090866434019 0.5491579973299319 0
3781 0.6602870893301748 -0.002285672275239719 0
3782 0.6593585267005834 0.002602502698744911 0
3783 1.542264409889748 -0.8523797699856092 0
3784 0.379443913124976 0.001202334579551967 0
3785 0.599764293775635 0.01589727668972007 0
3786 2.88810841977357 0.5373402783618216 0
3787 0.9570457631631417 -0.229753727205281 0
3788 0.7376561832529286 -0.04304764625871211 0
3789 1.065214563366195 0.4283151202230388 0
3790 0.4485902580340297 -0.02417684708904227 0
3791 0.8908909448788218 0.01056195038747011 0
3792 2.798946351994647 1.288919787828052 0
3793 0.4495482719256548 0.4530254301845787 0
3794 0.3989336641151194 -0.03134229555479184 0
3795 0.3642511582968095 -0.002355099085130093 0
3796 0.3572744328489375 0.001005244960569973 0
3797 0.6549099034415561 0.007561834633473534 0
3798 0.7077138607119891 -1.006435806937343 0
3799 0.4591405860729452 0.04956472174683951 0
3800 0.4623442553965564 0.9605497242263719 0
3801 0.5842667483680176 -0.1566796002579386 0
3802 0.6495574674789079 -0.004593557447191006 0
3803 0.6654892429222179 -0.04881621332999669 0
3804 0.6362411878431277 0.05789901196401342 0
3805 0.9285911275988219 0.5231406644217748 0
3806 0.3789737578755868 0.01300435519925719 0
3807 1.604046383023984 0.6333778858290051 0
3808 0.6246092505538064 0.0184941354997624 0
3809 0.6270502764403727 0.02202257703990865 0
3810 2.903148337552089 0.7273271288147358 0
3811 0.8415819566203411 0.1250199076152573 0
3812 0.6322124739103521 0.005855930378776146 0
3813 1.811748344612191 -1.28990566892428 0
3814 0.6582786359415334 0.01269373624244218 0
3815 0.631477180147378 1.301399471696988 0
3816 2.316912510390638 -0.07706260993844244 0
3817 1.297722068277819 0.04963524077259404 0
3818 0.5163724554201715 0.1224065722919347 0
3819 0.502638130615403 0.1501039858906871 0
3820 2.37780539196294 -0.3676359875670626 0
3821 1.078308944575358 0.4797826384267641 0
3822 0.3884517837478948 -0.002015364034975705 0
3823 0.3912623292065653 -0.001248795279203686 0
3824 0.3890060570714278 -0.0008274782233343151 0
3825 0.7623771523830088 -0.01271264536993032 0
3826 0.8807585607249038 -0.1109138439805401 0
3827 0.6320352006516783 0.01803560783757758 0
3828 2.306988213507965 -1.049562935331 0
3829 2.664969044050992 0.07846008786599745 0
3830 0.4558036882866419 -0.09100369814849224 0
3831 0.6426238180688435 -0.002836462898549584 0
3832 0.4620044720061718 0.01717925149736561 0
3833 2.515592398880133 -0.8065214360743382 0
3834 0.3790401522758065 0.04008873665934124 0
3835 0.5913106160977583 -0.003030859149385133 0
3836 0.6595645585649785 -0.3372620569539954 0
3837 0.416641731799303 -0.002108005428815406 0
3838 0.6467311047983862 0.0006307312953172119 0
3839 0.6482493243474537 0.001638196387801648 0
3840 0.6440576652507515 -0.002967567549708 0
3841 0.6110941879934073 0.02784509101923399 0
3842 0.305976824796905 -0.002959998567962328 0
3843 1.007634678857784 -0.5963417820032615 0
3844 0.6793029927526769 0.1811179047428961 0
3845 2.722404182019059 0.0187422080897681 0
3846 0.6456849240054631 0.001599255995684435 0
3847 0.1669814250591232 -0.9565591446416493 0
3848 0.6073385074596136 -0.251823494444595 0
3849 1.431680111024398 1.450655042291931 0
3850 0.4509369942798049 -0.03227036275124268 0
3851 0.3670954131765092 0.01825199575335199 0
3852 0.6398820541704849 0.04560942712461778 0
3853 0.670495788794896 -0.02019121015264866 0
3854 1.270046132063311 0.7075999098316142 0
3855 0.1332892845216365 -0.2358254665510734 0
3856 0.5523431795132328 0.3120123178761461 0
3857 0.2509256388115848 -1.455040206697377 0
3858 0.8531669013392131 0.03936769425247084 0
3859 1.695992382297138 -1.363813994236679 0
3860 0.5684771770565418 0.107937600038608 0
3861 0.4046954744110754 -1.367072899753328 0
3862 0.3840898448694737 -0.09174203143586752 0
3863 0.9660551816725742 -0.3305767405971986 0
3864 0.9651787289877921 0.8414356434222158 0
3865 0.679473940515115 -1.120822064520709 0
3866 0.365608637783714 0.01063267899162294 0
3867 0.4071577838245709 -0.003882934304393119 0
3868 0.4861802329905472 -0.02192904619845312 0
3869 0.6070062342889486 -0.0008249148091187327 0
3870 0.4737250037832904 0.09137102189477461 0
3871 0.3772536520624812 -0.02620006737719998 0
3872 0.6718094778682623 0.8179942504094844 0
3873 0.5821503543479869 -0.0003603087380080526 0
3874 0.6730150605232865 0.02993084635423207 0
3875 0.4188562575035824 -0.02588196009372211 0
3876 0.6375470521674924 0.006468693629067905 0
3877 0.6460567599722953 0.01139776503049185 0
3878 0.647558003817275 0.01253848088929615 0
3879 0.6835366891198988 0.03751574821891794 0
3880 0.6303328816782001 0.006357443309021391 0
3881 2.593829397421354 0.590708270358989 0
3882 0.07307609820735383 0.6109318664775573 0
3883 0.6296318238129204 -0.006297301875775861 0
3884 0.6047656540378737 0.01318176144331618 0
3885 0.4419663493698642 0.0422096489697374 0
3886 0.5756664748453935 -0.1389867179590444 0
3887 0.40277184045905 0.0243412674092751 0
3888 2.802199603861975 -1.458130029946423 0
3889 0.6070774975830764 0.03705078590559303 0
3890 0.7390770499005354 -0.1518790193711732 0
3891 1.296687975218407 -1.372889701090185 0
3892 0.8713632525465245 0.0272900592484871 0
3893 0.3754977426849984 -0.04480623643931674 0
3894 1.329148332639109 0.2353063797623099 0
3895 0.4530466356569418 -0.0120285201624386 0
3896 1.023982345313371 -1.301830236826074 0
3897 0.5128077561538636 0.02867758630287942 0
3898 0.4092474807352774 0.01931936943794559 0
3899 0.615083994299447 0.01799135239866521 0
3900 0.3991937264258136 -0.02444085527671755 0
3901 2.80219354838728 1.45866105463832 0
3902 0.6011585624890062 0.008929261114791793 0
3903 0.6862410462662153 0.2890469031282419 0
3904 2.903927297889148 0.05474810805395818 0
3905 0.6322560766181071 -0.006555067553000629 0
3906 0.6172884395455427 -0.07982837191387475 0
3907 0.6188968064148783 0.1718043002615411 0
3908 0.5993847714243302 0.02787636976042834 0
3909 0.358906106286772 0.03489573732689349 0
3910 0.3715071112769586 0.04973805173382341 0
3911 1.577814720576725 0.7999777589698521 0
3912 0.6606100928105512 -0.2024159825631296 0
3913 0.2510390912226858 0.1872088351717108 0
3914 0.3957140719900705 0.005370722899722892 0
3915 0.5374170018589943 0.06100192103911151 0
3916 0.3941659573926533 -0.003762695355163978 0
3917 0.3502788381844723 -0.00386887715245677 0
3918 0.6770607009125862 0.06803991900579817 0
3919 1.350314074704429 0.4806767196641084 0
3920 2.446842424252917 -1.044301235799843 0
3921 0.5514231403879415 -0.05719665041855472 0
3922 1.842529894946786 -0.691047165669658 0
3923 2.119349451929159 0.06002119249823507 0
3924 1.006263610084347 -1.157547813484545 0
3925 0.565785910912728 0.005354840864367359 0
3926 0.4046067697815358 -0.006133795821180693 0
3927 1.364517742412986 -0.777586055137201 0
3928 1.381204393589985 0.02266915168527605 0
3929 2.81463552340362 0.03589528258976239 0
3930 0.5686836443861024 -0.01320958758915866 0
3931 2.491715305815076 1.36603282547001 0
3932 0.6459663681405676 0.005363072411669114 0
3933 0.08490863957594548 -0.3324754044179482 0
3934 2.316066302328406 -1.359276900042157 0
3935 1.083551387721153 0.3020252894596616 0
3936 0.7556128682967161 0.1055299024823246 0
3937 0.5718376746985548 0.001991012232259605 0
3938 0.6418651076869072 -0.001080677072642356 0
3939 0.580713326166887 0.04582177860440929 0
3940 1.313847787923163 0.7968111202107249 0
3941 0.3900302927348854 0.01899265357220572 0
3942 0.7209392196647227 -0.05841430139529262 0
3943 1.446339898513344 -0.7138318578046758 0
3944 0.5169819371243729 0.0002687465639573229 0
3945 2.682185122600099 0.6097347705403233 0
3946 0.1517144051950507 -0.6688989479172514 0
3947 0.6648444438468688 -0.2835874957615072 0
3948 0.2883618217018334 0.3786795574790121 0
3949 0.06606361665504054 0.3215257485647645 0
3950 0.5981309317885701 -0.1557685747673936 0
3951 0.6470481973181896 0.01466907794597624 0
3952 2.352029165238998 -0.4467164280203159 0
3953 0.6908924778744749 -1.372591248277832 0
3954 0.7040347842688288 -0.1181482765396923 0
3955 0.5291931675574196 0.01295768843564647 0
3956 0.6412693989723164 0.0524610288331283 0
3957 0.867378408693841 0.3848901550020457 0
3958 0.5057253163044759 -0.0623052416594396 0
3959 0.5077272688301537 -1.367376401232098 0
3960 0.4902013997246695 0.1142362129057448 0
3961 2.901303161631266 0.2615867501697202 0
3962 0.7697822007546931 0.09316298676143198 0
3963 0.6622991642266397 -0.006451668467579262 0
3964 0.9534273549506358 0.1619142846720522 0
3965 1.736050665361512 1.361755596407582 0
3966 0.2640916200747026 -0.1135156199482038 0
3967 0.5916247977822415 -0.6574433759707151 0
3968 2.605423247223604 -0.7855464018256506 0
3969 0.3829473392157816 0.9351685639825218 0
3970 0.2063009329971116 0.1701059376978256 0
3971 0.3997085499714223 -0.01029595937665658 0
3972 1.683329113283814 0.6516416882708009 0
3973 0.6623413866880932 0.1759784063061686 0
3974 1.258130653580086 -0.1598355146325629 0
3975 1.926306900704199 1.284105312651626 0
3976 0.4138200515733531 0.02026370572059233 0
3977 0.6929136003803258 0.1672974670022953 0
3978 1.14838369064412 1.299826652200997 0
3979 0.9753423240011574 0.1409017286943872 0
3980 2.895718038069222 0.9488748992238585 0
3981 2.437992120784234 -1.184485573534538 0
3982 0.3127939005896114 0.02931751516876321 0
3983 0.2944471987962343 0.03285181162745478 0
3984 0.6149089926789943 0.007794513257620061 0
3985 0.06367574029999094 0.8762849119215418 0
3986 2.269296554756695 1.376318333094686 0
3987 0.6427922691525155 0.01434389878502704 0
3988 1.14445220339603 0.2428183631421361 0
3989 1.047703694976521 -0.6408981474021993 0
3990 1.160097704541548 -0.4016162551029629 0
3991 0.6020860858371653 0.02450487630847164 0
3992 0.5487026696130701 -0.1100120620336696 0
3993 0.524728628831148 -0.7848221448852097 0
3994 0.651121365303728 -0.002035639672676677 0
3995 0.2811178017476029 0.5979930545270207 0
3996 0.1330188542220347 -0.1769934287228903 0
3997 0.4328766820653032 -0.2615542225197646 0
3998 0.402127352606367 -0.004700158521982608 0
3999 0.5376099134673823 -0.6627288295386924 0
4000 2.893760068508962 -0.167732138204196 0
4001 0.3879066160777161 0.0102117983537354 0
4002 0.3134094698949522 0.06093564602983469 0
4003 0.5801016151459388 0.01131278937553071 0
4004 0.5272768790334319 0.06330682640981615 0
4005 0.6547566157561711 0.1040965286897127 0
4006 2.546214092308239 -1.380670570130013 0
4007 0.6215738130139449 0.005711208900519777 0
4008 0.7803755188224423 -0.3506715157094908 0
4009 0.6005829206876843 -0.01596504263728642 0
4010 0.7412993434639502 0.02644635228879233 0
4011 0.5048601264724352 0.01781229522934985 0
4012 0.8757899905950028 -0.8412740550176734 0
4013 0.6275970546770159 0.004170631664461407 0
4014 0.6482194402043359 0.003496049527572865 0
4015 0.5038160114429092 0.05878088385115352 0
4016 0.5496078527285484 0.04886183010807107 0
4017 0.4350289695894871 0.004776764693748549 0
4018 0.2336991981658178 0.3524668344787265 0
4019 0.7118008179466963 0.1714871074062997 0
4020 1.947496944209336 1.370165063750193 0
4021 0.9541420933321283 0.6755769275207281 0
4022 0.618676831430125 0.1181149370285801 0
4023 2.148508098939518 -0.7414440920478267 0
4024 0.6284946373046574 0.2976365691058009 0
4025 0.5212125003520013 -0.01954233007135127 0
4026 0.5504216438260735 0.01999924957636057 0
4027 0.3229191232585559 -1.239146109552675 0
4028 0.6430690035931286 0.01047472910816041 0
4029 1.736890783583373 0.597761404141839 0
4030 1.104393451763806 -0.4023103128481881 0
4031 2.763158231202949 0.6265909679960904 0
4032 0.5797345422952489 0.01491570854759789 0
4033 0.5869573855846454 -0.00422643139793944 0
4034 1.052956688572888 0.3339725056331282 0
4035 0.6794283930344373 -0.1119599340662802 0
4036 0.7766772033323366 -0.008470561843638494 0
4037 0.4098273311750058 -0.07975231767957364 0
4038 0.4031183230239424 0.01318384421357434 0
4039 1.292643022875346 -0.1863600539890943 0
4040 0.9614240393695067 1.374629482548627 0
4041 1.232688865125388 0.2155810418241586 0
4042 1.037808567275937 -0.4330477015986721 0
4043 2.578892834429968 -1.177990429165914 0
4044 0.6119564452653793 -0.1294872941149002 0
4045 2.326934142965429 -0.5240823665686993 0
4046 0.6908586250998339 0.313040581307679 0
4047 2.973556885627291 -0.9031698825508209 0
4048 0.64815428620043 0.02993804365356394 0
4049 0.6184896552424372 -0.0331641455406993 0
4050 2.79738046643273 -1.203092563571353 0
4051 0.7942510671958299 -0.4654033033980447 0
4052 0.5670559535953984 -0.09664361644712913 0
4053 0.6099787925578494 -0.01485519534514759 0
4054 0.3247457827102097 -0.07281106473398193 0
4055 0.3942303185482318 0.002384563890833493 0
4056 0.3926911948713355 0.0009384931619791381 0
4057 0.7532504278712481 0.04539754082215688 0
4058 1.165949587592447 0.2132522711828235 0
4059 1.118580597568734 0.4864092827673787 0
4060 0.7859511004265216 0.09901336189476974 0
4061 0.5989066506603679 0.2855971573345777 0
4062 0.4823089657181073 -0.4430369370488554 0
4063 0.9605322261893503 0.1915773720158921 0
4064 0.996914638027111 0.1178488861205683 0
4065 0.1990992300262417 1.165002012837431 0
4066 0.3495684917608313 -0.05120825649875059 0
4067 0.3796781904737691 -0.03414117241156081 0
4068 0.7827577484821067 0.2170525535682322 0
4069 0.3133315398834418 1.281080146081241 0
4070 1.347221642526317 1.348891645197126 0
4071 0.07827903789227696 0.5321166701308837 0
4072 1.086624950558099 -0.2937345574601932 0
4073 1.942563576915236 -0.6007109916479482 0
4074 0.878053897893225 0.4202728298325867 0
4075 1.02518781172686 0.3547126471214226 0
4076 2.698302306265599 -0.7646115817673187 0
4077 0.5932075832360735 0.004215738098715079 0
4078 0.6414457650565741 -0.002581960352034073 0
4079 0.6924992242285717 -0.276483338140354 0
4080 0.4310834271532367 0.04229026830537882 0
4081 0.6080284531563018 -0.05252793399765019 0
4082 0.6410050697041091 -0.01658211861710954 0
4083 0.07197712456344768 1.452022875436544 0
4084 0.07197712456355132 -1.452022875436398 0
4085 2.976022875436436 1.45202287543642 0
4086 2.976022875436554 -1.452022875436554 0
4087 0.06792070476318143 0.2569360281810578 0
4088 2.80971773332344 1.044665476768167 0
4089 0.3808826625553428 -0.0142759415959103 0
4090 2.634901446008643 -1.253777131535628 0
4091 2.636065841034606 -1.363674548474309 0
4092 0.664924934915482 0.2778562233804238 0
4093 0.6260056063103951 -0.02210420037015328 0
4094 0.6190798715747396 0.01728613126320779 0
4095 0.6251182584020912 0.0046063519903989 0
4096 0.4658340192056032 -0.01529343652473098 0
4097 0.4339557637385199 -0.05947006109681476 0
4098 0.5833643261774349 0.02665937954913983 0
4099 0.6356298325317771 -0.04606137429012375 0
4100 0.4592443511354083 0.2883791449355026 0
4101 0.6410231222533607 0.01430708373775479 0
4102 0.6007494692196795 0.02132214907057666 0
4103 0.5830135377648132 0.02032455872068338 0
4104 1.863312126426948 0.5602580450339979 0
4105 0.4432136449236427 0.003349304242676338 0
4106 0.2404776897997389 -0.3472761405092748 0
4107 1.85654885576358 0.2961746430174942 0
4108 0.1849597956327648 -0.1070307954878172 0
4109 1.491887532049671 -0.1276401348109009 0
4110 0.6437814923449888 -0.01263367469982984 0
4111 2.202560515028117 -0.008476211706354497 0
4112 0.857384123277646 -0.1923532597651804 0
4113 2.032746681394086 -0.6587932499528896 0
4114 0.6329707127261249 0.122178978129359 0
4115 1.547541932462078 0.8477754842629448 0
4116 1.424201650726473 0.207851234962919 0
4117 0.4089161820405185 -0.01239274600771809 0
4118 0.6652959189863143 -0.009941467035532336 0
4119 1.954418673949703 0.3457198268154967 0
4120 0.5822658340794246 0.03794548760950529 0
4121 2.733559774663864 1.340768765612819 0
4122 1.595571826224497 0.1146911111513792 0
4123 0.4664789626056463 0.01073212077309479 0
4124 2.891945617107397 -0.7262226482319643 0
4125 0.2928619741534177 0.009297974931937507 0
4126 1.452782641223572 0.8231879793812498 0
4127 0.6477082961790173 -0.003565584783268262 0
4128 0.4843623282665996 -0.1226494996554974 0
4129 1.470176466597479 -0.1864310734594529 0
4130 0.4794956727188388 -0.02032817325883067 0
4131 1.064741570704424 -0.5052644641768068 0
4132 0.5399728786058318 -0.02237315717722058 0
4133 0.7308875541657873 -1.164203263398158 0
4134 0.5680637096674443 0.01159394619570242 0
4135 0.3881404103322894 -0.0007467546557778126 0
4136 0.5156744725954268 0.4255182233932153 0
4137 0.3896983153245133 -0.01395909372930389 0
4138 1.372920135177268 0.1976274402775107 0
4139 0.5281755313546078 0.1162994294500762 0
4140 0.6440910421688866 -0.3177993332363913 0
4141 0.5627844682284255 -0.05124054401388022 0
4142 1.913330009794904 0.496419707313519 0
4143 1.482432061037775 -0.76954643628992 0
4144 0.3913032262666341 0.006234837917986092 0
4145 2.378542865734754 -0.5776300870816551 0
4146 1.39376356921409 0.7394797168246749 0
4147 0.3823735906066378 -0.019720960101311 0
4148 0.4992217641174794 0.04535847742007136 0
4149 0.5892583910971171 0.06342110661507608 0
4150 0.09252249363121234 0.1393982127610512 0
4151 1.480452318900922 1.385341147909072 0
4152 0.6647534093313294 0.1970720598150344 0
4153 0.3925815133941076 0.004221479999995325 0
4154 0.3765397170741958 -0.1969320459406209 0
4155 0.458880552423959 -0.04547153411752374 0
4156 0.6484253170182788 0.01660661875073794 0
4157 0.4141658533857237 0.04491696377191642 0
4158 0.3150608217320343 -1.110862855953415 0
4159 0.639420833583682 0.004184127163217581 0
4160 2.795181523993087 -0.7424216835026224 0
4161 0.6018594526547905 0.01353244228228391 0
4162 0.7524863010627423 -0.1955560076377214 0
4163 0.6562862127724149 0.1247187220998814 0
4164 0.6012359945193453 0.03129636627588046 0
4165 0.6400884760696268 0.006843703906771695 0
4166 1.364643701734771 0.5381642989292684 0
4167 0.6413367040613938 -0.3812933049748616 0
4168 1.632274871757056 0.07347104737696206 0
4169 0.6464020154159139 0.01006870383932541 0
4170 0.6734796323941983 -0.02550126674577075 0
4171 0.3527109419300787 0.6026855933062009 0
4172 0.6362354536257724 0.002323042317882388 0
4173 2.906944945409915 -0.64238010425012 0
4174 0.4536421480041554 -0.2069773361444582 0
4175 0.5385167251121153 -0.2443034460218066 0
4176 0.6130757637386228 -0.04213867554244391 0
4177 0.4075459144464607 0.1623548664090155 0
4178 0.4499295610488947 0.11048744564151 0
4179 1.622252599373479 -1.46915337949583 0
4180 0.6821407320280184 -0.05322495395093943 0
4181 1.032934877915939 0.8651644673112701 0
4182 0.6391699069369545 0.01392916513963106 0
4183 0.5628395506962733 0.02405608816274865 0
4184 2.906877258063633 -1.131114473342318 0
4185 0.6312993314186595 0.1967215201387995 0
4186 0.6476515756326027 0.05352377751984727 0
4187 0.5829539948505862 0.03167042363429468 0
4188 1.456227454561259 0.1729559900430945 0
4189 0.6605328129224932 0.01502955267394327 0
4190 0.4727245237805076 0.009746857088344291 0
4191 0.461982930506953 0.06905631317452027 0
4192 0.6641744215190688 0.01405471987350903 0
4193 0.7134451593585194 0.1877898870110427 0
4194 0.6674181099521072 0.05365913761012638 0
4195 0.4561714878644041 -0.02108959644781029 0
4196 0.6306799196258354 0.06299747279072034 0
4197 0.3791811841909324 -0.004056661423407626 0
4198 0.3853374539410128 0.007338824358182658 0
4199 1.112034252847264 -0.6316312891018708 0
4200 0.3846883906094824 0.0009195007107308962 0
4201 1.891599147194981 0.4329175312497673 0
4202 0.4766833271955654 -0.0127412758930054 0
4203 0.5191535451778967 0.07555127152552681 0
4204 0.405229893181163 -0.0252110637502575 0
4205 0.6120153970824108 -0.0001981591160781999 0
4206 2.815484256298623 0.353801203531978 0
4207 0.6020694082876872 0.06121805560226662 0
4208 0.1341871668033968 -0.4137632025394404 0
4209 0.604869857754508 -0.003145452199521609 0
4210 0.3786834724073981 0.008674124151302538 0
4211 0.3050732869165366 0.9157001043883218 0
4212 0.4583129044302858 -0.1056606644687576 0
4213 2.979490650528002 0.06950038375268763 0
4214 1.451375388291296 -0.2406048151824598 0
4215 2.894864252945571 -0.512715259754737 0
4216 0.5984713905627231 -0.2682481818967484 0
4217 0.40380792029473 -0.01057222708789831 0
4218 0.5291369422904466 0.2657576725408772 0
4219 0.6420541144030529 -0.01230731425911059 0
4220 2.745388410795151 -0.3512375750536479 0
4221 1.417626508818304 -0.0129871606158903 0
4222 0.5586621112210268 0.04487065554906483 0
4223 0.9149177510445976 -0.8823521182601781 0
4224 0.5619370633707701 0.003180349081821529 0
4225 0.123031123582085 0.2358206005024889 0
4226 0.3899227080554423 -0.001363312777786789 0
4227 0.6351142066209027 -0.0788011482117094 0
4228 0.6622572083225577 -0.01486220807286397 0
4229 0.05961859421904453 0.4664748129990132 0
4230 0.0509391219281318 0.7865806451630435 0
4231 0.6395978739402011 -7.153955187920959e-05 0
4232 0.6382541895751503 0.01052187953393939 0
4233 0.5102484883553757 -0.07114410341049186 0
4234 0.3501566091222583 0.04061234276678484 0
4235 0.636318683750377 0.01908059052907937 0
4236 0.3700843878243769 0.07279330465917018 0
4237 0.7567725186766046 0.4581798508216895 0
4238 0.6468557802641242 -0.005379365816473978 0
4239 0.8960177791330541 -0.1309664495339048 0
4240 0.3643077258230953 -0.009481786107512611 0
4241 0.5697648195029835 0.09621040937746997 0
4242 0.5557710630883278 0.1239922356246134 0
4243 1.765952453088434 0.5540361051700742 0
4244 0.7398088458654795 0.005669041587334299 0
4245 0.6171032444521688 0.01717693310793807 0
4246 2.357604800932902 1.38787239732385 0
4247 1.019987982385086 -0.5146245527637505 0
4248 0.4281233533885133 -0.009831472830113114 0
4249 0.6272036690866027 0.02892952664289099 0
4250 0.509226555098187 0.06690585624641777 0
4251 0.1717995164494884 0.9445074825527171 0
4252 0.3943182902655277 0.01605415545563013 0
4253 0.7087497617869922 -1.240838970741482 0
4254 0.1205556099454646 0.3425696205635783 0
4255 0.58535481802195 -0.002777930871030441 0
4256 1.608472265037363 0.1737795855766316 0
4257 2.979515608798551 0.7577152192776722 0
4258 0.1284171645031442 0.1007435928785553 0
4259 0.3970199209004433 0.007059778909792534 0
4260 1.062131649516433 -1.19065445977527 0
4261 2.442916400566527 -0.6777722578002566 0
4262 0.1536632409644776 1.299859516837708 0
4263 1.190153606649124 -0.4364227934605233 0
4264 0.4877967753630789 0.1625524618856352 0
4265 0.5485298744724526 -0.150044946126299 0
4266 0.7172501512822458 -0.1201277627990232 0
4267 0.6840569199637702 0.0005293143905501706 0
4268 2.257988513596362 0.01778487428888828 0
4269 0.7117900406400096 0.09750420697090949 0
4270 0.8862431283053969 -1.260391075144721 0
4271 0.6299044732810595 0.02035294870643769 0
4272 1.511157016711099 -0.8993733674246074 0
4273 0.4408620956667317 0.03443987526323314 0
4274 0.6042932337813504 -0.1802758157902457 0
4275 0.2844876947135363 -0.4775168574337652 0
4276 0.6188309526868425 0.01046802600597271 0
4277 1.074806710946268 -0.3591257855219118 0
4278 0.6412710710510516 -0.001499645266670898 0
4279 0.6691392558679752 0.06669336004400921 0
4280 0.2347893615320922 -1.016347545410222 0
4281 0.2409974166601473 0.9652289173635122 0
4282 0.8008263205333794 0.2518189275537631 0
4283 0.6549595210358178 0.01776066535738829 0
4284 0.9126992014835555 0.01836917107268271 0
4285 0.9658655325168323 0.7353948682379295 0
4286 0.2617584930018975 0.009213695074336368 0
4287 0.866057733875839 -0.4663256584828281 0
4288 0.6386666284543118 0.009227961615354162 0
4289 0.390519876279634 -0.0004570441992902476 0
4290 0.6496829022483255 -0.2145674520919736 0
4291 0.6567060612015079 1.3739402167771 0
4292 1.24258596196357 1.223370696736488 0
4293 0.5566717672372877 -0.03440665848341824 0
4294 0.6090121108363787 -0.05756242569725805 0
4295 0.7386047558519109 0.32732941003623 0
4296 0.9109686926032283 -0.3706544323749799 0
4297 0.5496690282381687 -0.01811615575246549 0
4298 0.6433109737407956 0.009668012506220215 0
4299 0.6122076376528305 -0.08796401944219916 0
4300 0.7130003587751809 -0.2525474786747837 0
4301 0.7794402060728003 0.5899716257444494 0
4302 1.375491680208785 0.5912266212083942 0
4303 0.8783228332553126 0.5739027170963655 0
4304 0.9796475420198154 0.7963878962889894 0
4305 0.5585519185582801 0.05828632627383257 0
4306 0.6159205504482268 -0.0367718794499062 0
4307 0.6800783779009154 0.03125578818591609 0
4308 0.4963112364718708 -0.09677319149365401 0
4309 0.3854816275561691 0.02237427925003064 0
4310 1.121467459591563 -0.2921524751803191 0
4311 0.526466290788832 0.02241286010896924 0
4312 1.816386095699566 1.470350235522883 0
4313 0.2113835346513315 0.09183916117120684 0
4314 0.4172802441594334 0.1914242556074262 0
4315 1.760175937952529 -0.2805333957886693 0
4316 0.6364313535720829 0.0167215419549539 0
4317 0.6227420851422618 0.8607952008581873 0
4318 0.6246039485357915 0.01009421806100514 0
4319 1.033579909786397 0.0907811219282345 0
4320 0.5676527511586056 0.003180711538874899 0
4321 0.4649901982293307 -0.3607180981600172 0
4322 0.6360201239895282 -0.0340738216000775 0
4323 0.6110765632771797 -0.018456351616978 0
4324 0.7780067510902453 0.3399287683814174 0
4325 0.7165943207153808 0.00906732186306065 0
4326 2.565678273890884 1.381074712623031 0
4327 0.2838739239111258 0.1926040383123114 0
4328 0.38666512491603 0.01154990172953974 0
4329 2.462304768399784 -1.388821787651066 0
4330 0.5337929771298905 -0.1091884740401926 0
4331 0.7019700178571249 0.4421231862983359 0
4332 0.4189323290442953 -0.3387292461425013 0
4333 0.7433156557205015 0.1147837422530078 0
4334 1.899346686523674 -0.6939787790944189 0
4335 1.842443751460483 -0.2537176852717399 0
4336 0.6188321742128081 -0.06725845386138528 0
4337 0.4763002752407093 -0.1085684085856318 0
$EndNodes
$Elements
8728
1 1 2 1 37 2 37
2 1 2 1 37 37 38
3 1 2 1 37 38 39
4 1 2 1 37 39 40
5 1 2 1 37 40 41
6 1 2 1 37 41 42
7 1 2 1 37 42 43
8 1 2 1 37 43 44
9 1 2 1 37 44 45
10 1 2 1 37 45 46
11 1 2 1 37 46 47
12 1 2 1 37 47 48
13 1 2 1 37 48 49
14 1 2 1 37 49 50
15 1 2 1 37 50 51
16 1 2 1 37 51 52
17 1 2 1 37 52 53
18 1 2 1 37 53 54
19 1 2 1 37 54 55
20 1 2 1 37 55 56
21 1 2 1 37 56 57
22 1 2 1 37 57 58
23 1 2 1 37 58 59
24 1 2 1 37 59 60
25 1 2 1 37 60 61
26 1 2 1 37 61 62
27 1 2 1 37 62 63
28 1 2 1 37 63 64
29 1 2 1 37 64 65
30 1 2 1 37 65 66
31 1 2 1 37 66 1
32 1 2 2 38 3 67
33 1 2 2 38 67 68
34 1 2 2 38 68 69
35 1 2 2 38 69 70
36 1 2 2 38 70 71
37 1 2 2 38 71 72
38 1 2 2 38 72 73
39 1 2 2 38 73 74
40 1 2 2 38 74 75
41 1 2 2 38 75 76
42 1 2 2 38 76 77
43 1 2 2 38 77 78
44 1 2 2 38 78 79
45 1 2 2 38 79 80
46 1 2 2 38 80 81
47 1 2 2 38 81 82
48 1 2 2 38 82 83
49 1 2 2 38 83 84
50 1 2 2 38 84 85
51 1 2 2 38 85 86
52 1 2 2 38 86 87
53 1 2 2 38 87 88
54 1 2 2 38 88 89
55 1 2 2 38 89 90
56 1 2 2 38 90 91
57 1 2 2 38 91 92
58 1 2 2 38 92 93
59 1 2 2 38 93 94
60 1 2 2 38 94 95
61 1 2 2 38 95 96
62 1 2 2 38 96 2
63 1 2 3 39 4 97
64 1 2 3 39 97 98
65 1 2 3 39 98 99
66 1 2 3 39 99 100
67 1 2 3 39 100 101
68 1 2 3 39 101 102
69 1 2 3 39 102 103
70 1 2 3 39 103 104
71 1 2 3 39 104 105
72 1 2 3 39 105 106
73 1 2 3 39 106 107
74 1 2 3 39 107 108
75 1 2 3 39 108 109
76 1 2 3 39 109 110
77 1 2 3 39 110 111
78 1 2 3 39 111 112
79 1 2 3 39 112 113
80 1 2 3 39 113 114
81 1 2 3 39 114 115
82 1 2 3 39 115 116
83 1 2 3 39 116 117
84 1 2 3 39 117 118
85 1 2 3 39 118 119
86 1 2 3 39 119 120
87 1 2 3 39 120 121
88 1 2 3 39 121 122
89 1 2 3 39 122 123
90 1 2 3 39 123 124
91 1 2 3 39 124 125
92 1 2 3 39 125 126
93 1 2 3 39 126 3
94 1 2 4 40 1 127
95 1 2 4 40 127 128
96 1 2 4 40 128 129
97 1 2 4 40 129 130
98 1 2 4 40 130 131
99 1 2 4 40 131 132
100 1 2 4 40 132 133
101 1 2 4 40 133 134
102 1 2 4 40 134 135
103 1 2 4 40 135 136
104 1 2 4 40 136 137
105 1 2 4 40 137 138
106 1 2 4 40 138 139
107 1 2 4 40 139 140
108 1 2 4 40 140 141
109 1 2 4 40 141 142
110 1 2 4 40 142 143
111 1 2 4 40 143 144
112 1 2 4 40 144 145
113 1 2 4 40 145 146
114 1 2 4 40 146 147
115 1 2 4 40 147 148
116 1 2 4 40 148 149
117 1 2 4 40 149 150
118 1 2 4 40 150 151
119 1 2 4 40 151 152
120 1 2 4 40 152 153
121 1 2 4 40 153 154
122 1 2 4 40 154 155
123 1 2 4 40 155 156
124 1 2 4 40 156 4
125 1 2 5 41 7 157
126 1 2 5 41 157 6
127 1 2 5 42 9 8
128 1 2 5 43 11 158
129 1 2 5 43 158 10
130 1 2 5 44 5 12
131 1 2 6 45 15 159
132 1 2 6 45 159 14
133 1 2 6 46 17 16
134 1 2 6 47 19 160
135 1 2 6 47 160 18
136 1 2 6 48 13 20
137 1 2 9 49 23 161
138 1 2 9 49 161 22
139 1 2 9 50 25 24
140 1 2 9 51 27 162
141 1 2 9 51 162 26
142 1 2 9 52 21 28
143 1 2 10 53 31 163
144 1 2 10 53 163 30
145 1 2 10 54 33 32
146 1 2 10 55 35 164
147 1 2 10 55 164 34
148 1 2 10 56 29 36
149 1 2 5 58 8 165
150 1 2 5 58 165 7
151 1 2 5 60 10 166
152 1 2 5 60 166 9
153 1 2 5 62 12 167
154 1 2 5 62 167 11
155 1 2 5 64 6 168
156 1 2 5 64 168 5
157 1 2 6 65 16 169
158 1 2 6 65 169 15
159 1 2 6 66 18 170
160 1 2 6 66 170 17
161 1 2 6 68 20 171
162 1 2 6 68 171 19
163 1 2 6 70 14 172
164 1 2 6 70 172 13
165 1 2 9 72 24 173
166 1 2 9 72 173 23
167 1 2 9 74 26 174
168 1 2 9 74 174 25
169 1 2 9 76 28 175
170 1 2 9 76 175 27
171 1 2 9 78 22 176
172 1 2 9 78 176 21
173 1 2 10 80 32 177
174 1 2 10 80 177 31
175 1 2 10 82 34 178
176 1 2 10 82 178 33
177 1 2 10 84 36 179
178 1 2 10 84 179 35
179 1 2 10 86 30 180
180 1 2 10 86 180 29
181 2 2 7 92 19 167 171
182 2 2 7 92 168 6 172
183 2 2 7 92 7 165 169
184 2 2 7 92 166 10 170
185 2 2 7 92 12 5 181
186 2 2 7 92 8 9 182
187 2 2 7 92 13 20 181
188 2 2 7 92 17 16 182
189 2 2 7 92 5 13 181
190 2 2 7 92 20 12 181
191 2 2 7 92 9 17 182
192 2 2 7 92 16 8 182
193 2 2 7 92 167 19 11
194 2 2 7 92 6 14 172
195 2 2 7 92 170 10 18
196 2 2 7 92 7 169 15
197 2 2 7 92 5 168 13
198 2 2 7 92 14 6 159
199 2 2 7 92 6 157 159
200 2 2 7 92 157 7 15
201 2 2 7 92 165 8 16
202 2 2 7 92 9 166 17
203 2 2 7 92 18 10 160
204 2 2 7 92 10 158 160
205 2 2 7 92 19 158 11
206 2 2 7 92 12 20 171
207 2 2 7 92 167 12 171
208 2 2 7 92 168 172 13
209 2 2 7 92 157 15 159
210 2 2 7 92 169 165 16
211 2 2 7 92 166 170 17
212 2 2 7 92 158 19 160
213 2 2 8 93 5 11 6
214 2 2 8 93 6 11 184
215 2 2 8 93 183 10 185
216 2 2 8 93 7 183 185
217 2 2 8 93 9 8 185
218 2 2 8 93 165 7 185
219 2 2 8 93 157 158 183
220 2 2 8 93 158 157 184
221 2 2 8 93 166 9 185
222 2 2 8 93 10 166 185
223 2 2 8 93 157 6 184
224 2 2 8 93 7 157 183
225 2 2 8 93 158 10 183
226 2 2 8 93 5 6 168
227 2 2 8 93 5 12 11
228 2 2 8 93 8 165 185
229 2 2 8 93 12 167 11
230 2 2 8 93 11 158 184
231 2 2 11 94 176 30 180
232 2 2 11 94 174 34 178
233 2 2 11 94 35 175 179
234 2 2 11 94 23 173 177
235 2 2 11 94 28 21 186
236 2 2 11 94 24 25 187
237 2 2 11 94 29 36 186
238 2 2 11 94 33 32 187
239 2 2 11 94 21 29 186
240 2 2 11 94 36 28 186
241 2 2 11 94 25 33 187
242 2 2 11 94 32 24 187
243 2 2 11 94 174 26 34
244 2 2 11 94 176 22 30
245 2 2 11 94 27 175 35
246 2 2 11 94 23 177 31
247 2 2 11 94 29 21 180
248 2 2 11 94 21 176 180
249 2 2 11 94 30 22 163
250 2 2 11 94 22 161 163
251 2 2 11 94 161 23 31
252 2 2 11 94 173 24 32
253 2 2 11 94 25 178 33
254 2 2 11 94 25 174 178
255 2 2 11 94 34 26 164
256 2 2 11 94 26 162 164
257 2 2 11 94 162 27 35
258 2 2 11 94 28 36 179
259 2 2 11 94 175 28 179
260 2 2 11 94 161 31 163
261 2 2 11 94 177 173 32
262 2 2 11 94 162 35 164
263 2 2 12 95 189 22 190
264 2 2 12 95 23 188 191
265 2 2 12 95 27 189 190
266 2 2 12 95 188 26 191
267 2 2 12 95 21 28 190
268 2 2 12 95 25 24 191
269 2 2 12 95 173 23 191
270 2 2 12 95 22 176 190
271 2 2 12 95 161 162 188
272 2 2 12 95 162 161 189
273 2 2 12 95 28 175 190
274 2 2 12 95 174 25 191
275 2 2 12 95 175 27 190
276 2 2 12 95 26 174 191
277 2 2 12 95 161 22 189
278 2 2 12 95 23 161 188
279 2 2 12 95 162 26 188
280 2 2 12 95 27 162 189
281 2 2 12 95 176 21 190
282 2 2 12 95 24 173 191
283 2 2 13 96 2538 3664 4048
284 2 2 13 96 2996 2997 3028
285 2 2 13 96 3073 778 4113
286 2 2 13 96 2538 1403 3664
287 2 2 13 96 2503 358 4082
288 2 2 13 96 2427 1765 2971
289 2 2 13 96 2686 1875 4207
290 2 2 13 96 1331 1328 3608
291 2 2 13 96 4004 2652 4203
292 2 2 13 96 57 2455 2979
293 2 2 13 96 2802 1556 3041
294 2 2 13 96 901 2779 3429
295 2 2 13 96 732 1204 3079
296 2 2 13 96 34 164 3932
297 2 2 13 96 19 1988 4056
298 2 2 13 96 231 2712 3122
299 2 2 13 96 1039 2530 2940
300 2 2 13 96 2332 2688 3450
301 2 2 13 96 2568 2181 2570
302 2 2 13 96 2507 1912 3135
303 2 2 13 96 3727 3363 4249
304 2 2 13 96 782 778 3073
305 2 2 13 96 1148 1140 2663
306 2 2 13 96 1875 2686 4149
307 2 2 13 96 2412 1170 3511
308 2 2 13 96 714 534 2805
309 2 2 13 96 33 178 2411
310 2 2 13 96 2970 3482 3610
311 2 2 13 96 148 149 2794
312 2 2 13 96 1467 2967 3225
313 2 2 13 96 2430 831 3016
314 2 2 13 96 2399 1591 3916
315 2 2 13 96 2498 714 2805
316 2 2 13 96 2348 202 3456
317 2 2 13 96 2449 598 2867
318 2 2 13 96 1659 177 2497
319 2 2 13 96 1477 2585 3486
320 2 2 13 96 1862 2994 3883
321 2 2 13 96 2975 2538 3487
322 2 2 13 96 178 1380 2411
323 2 2 13 96 377 488 2782
324 2 2 13 96 1958 2431 3995
325 2 2 13 96 2409 833 3173
326 2 2 13 96 1997 2497 2803
327 2 2 13 96 1978 3000 3139
328 2 2 13 96 2455 57 3618
329 2 2 13 96 2486 948 3516
330 2 2 13 96 598 2449 2866
331 2 2 13 96 367 365 3172
332 2 2 13 96 464 2537 3087
333 2 2 13 96 2615 1180 3464
334 2 2 13 96 2543 2313 3391
335 2 2 13 96 498 164 3846
336 2 2 13 96 2156 3081 3458
337 2 2 13 96 177 32 2497
338 2 2 13 96 2808 3204 4037
339 2 2 13 96 2690 2221 3513
340 2 2 13 96 1481 2035 3526
341 2 2 13 96 1170 2412 3754
342 2 2 13 96 1222 2546 2547
343 2 2 13 96 719 2910 3437
344 2 2 13 96 2752 2518 3674
345 2 2 13 96 1983 1981 2971
346 2 2 13 96 2221 2690 3371
347 2 2 13 96 2649 2439 2650
348 2 2 13 96 2450 4004 4203
349 2 2 13 96 477 2956 3121
350 2 2 13 96 3061 2354 3269
351 2 2 13 96 2860 2951 3333
352 2 2 13 96 2598 209 3540
353 2 2 13 96 3069 3387 4023
354 2 2 13 96 3540 209 3541
355 2 2 13 96 831 2430 3295
356 2 2 13 96 602 3169 3532
357 2 2 13 96 478 2552 2554
358 2 2 13 96 3369 3370 3743
359 2 2 13 96 833 2409 3302
360 2 2 13 96 2431 1958 3384
361 2 2 13 96 2994 1862 3460
362 2 2 13 96 3295 2430 3402
363 2 2 13 96 2036 2488 2605
364 2 2 13 96 256 257 259
365 2 2 13 96 2441 246 3392
366 2 2 13 96 471 2502 4009
367 2 2 13 96 3143 1629 3250
368 2 2 13 96 372 377 2782
369 2 2 13 96 3654 2405 4066
370 2 2 13 96 289 288 3134
371 2 2 13 96 160 19 193
372 2 2 13 96 259 260 261
373 2 2 13 96 1912 2507 2797
374 2 2 13 96 2236 3558 3653
375 2 2 13 96 254 255 256
376 2 2 13 96 2885 2883 2953
377 2 2 13 96 1112 2346 2660
378 2 2 13 96 1380 2185 2411
379 2 2 13 96 2628 1082 3889
380 2 2 13 96 2765 2768 2769
381 2 2 13 96 3247 1654 4080
382 2 2 13 96 2570 2181 2571
383 2 2 13 96 3133 293 3228
384 2 2 13 96 2448 1812 4283
385 2 2 13 96 1833 1591 2399
386 2 2 13 96 3244 3027 3647
387 2 2 13 96 1568 1569 1767
388 2 2 13 96 252 253 254
389 2 2 13 96 2616 203 3383
390 2 2 13 96 1256 3295 3402
391 2 2 13 96 1421 1368 3609
392 2 2 13 96 2322 3578 3809
393 2 2 13 96 1334 901 3429
394 2 2 13 96 1351 2564 3010
395 2 2 13 96 1997 1659 2497
396 2 2 13 96 1748 3244 3647
397 2 2 13 96 202 2348 3946
398 2 2 13 96 300 299 302
399 2 2 13 96 2910 2418 3437
400 2 2 13 96 3281 832 3475
401 2 2 13 96 263 261 299
402 2 2 13 96 2817 1674 3293
403 2 2 13 96 2081 2024 3141
404 2 2 13 96 1524 2625 3430
405 2 2 13 96 1561 1180 2615
406 2 2 13 96 2254 2799 3835
407 2 2 13 96 1775 2122 2478
408 2 2 13 96 2810 3209 3514
409 2 2 13 96 1140 1151 2663
410 2 2 13 96 1467 1837 2967
411 2 2 13 96 3721 2227 3878
412 2 2 13 96 339 2540 2541
413 2 2 13 96 20 13 3824
414 2 2 13 96 1429 2595 3695
415 2 2 13 96 2526 2156 3458
416 2 2 13 96 3738 1798 4097
417 2 2 13 96 3947 2786 4079
418 2 2 13 96 1820 1822 2701
419 2 2 13 96 2646 2362 2708
420 2 2 13 96 2084 2808 4037
421 2 2 13 96 2096 2817 3293
422 2 2 13 96 3695 2595 4191
423 2 2 13 96 29 180 1884
424 2 2 13 96 558 556 3056
425 2 2 13 96 2351 2350 3038
426 2 2 13 96 3324 1399 3751
427 2 2 13 96 2516 2517 2540
428 2 2 13 96 3661 1751 4002
429 2 2 13 96 3387 802 4023
430 2 2 13 96 1556 2802 4051
431 2 2 13 96 360 358 2503
432 2 2 13 96 3790 2734 4195
433 2 2 13 96 1475 1477 3486
434 2 2 13 96 1709 2518 2752
435 2 2 13 96 1891 1833 2331
436 2 2 13 96 2847 2280 3480
437 2 2 13 96 2989 3143 3250
438 2 2 13 96 1474 1402 3753
439 2 2 13 96 1121 2543 3391
440 2 2 13 96 1962 1964 3641
441 2 2 13 96 2529 1058 3263
442 2 2 13 96 1765 2427 2510
443 2 2 13 96 2502 471 3111
444 2 2 13 96 3558 2699 3653
445 2 2 13 96 1524 2470 2625
446 2 2 13 96 304 302 1201
447 2 2 13 96 1484 1481 3526
448 2 2 13 96 2883 1435 2953
449 2 2 13 96 229 2509 4065
450 2 2 13 96 2541 2542 3442
451 2 2 13 96 1328 1605 3608
452 2 2 13 96 1789 3138 3509
453 2 2 13 96 484 412 2644
454 2 2 13 96 1476 1986 2566
455 2 2 13 96 3541 2444 4018
456 2 2 13 96 1630 2745 3498
457 2 2 13 96 2492 960 3879
458 2 2 13 96 2541 3442 4099
459 2 2 13 96 1180 2604 3464
460 2 2 13 96 250 221 252
461 2 2 13 96 809 3188 4261
462 2 2 13 96 3034 2806 3035
463 2 2 13 96 1812 2448 4189
464 2 2 13 96 1640 1695 1708
465 2 2 13 96 2651 476 2674
466 2 2 13 96 2223 3548 3694
467 2 2 13 96 836 518 3741
468 2 2 13 96 2024 2397 3141
469 2 2 13 96 2546 1222 2594
470 2 2 13 96 1180 486 2604
471 2 2 13 96 2597 1745 2855
472 2 2 13 96 1405 2810 3514
473 2 2 13 96 3522 2819 3976
474 2 2 13 96 1403 2538 3231
475 2 2 13 96 1204 2747 3079
476 2 2 13 96 2956 2743 3121
477 2 2 13 96 3032 1501 3240
478 2 2 13 96 1108 2583 3500
479 2 2 13 96 1822 2314 2701
480 2 2 13 96 1346 1524 3430
481 2 2 13 96 3367 2105 3459
482 2 2 13 96 2470 1524 2472
483 2 2 13 96 3364 3327 3788
484 2 2 13 96 2526 3458 4039
485 2 2 13 96 2656 1691 2657
486 2 2 13 96 2868 2935 3835
487 2 2 13 96 1975 2784 3796
488 2 2 13 96 159 15 2135
489 2 2 13 96 2460 2955 4235
490 2 2 13 96 3508 3461 3966
491 2 2 13 96 3288 1638 3887
492 2 2 13 96 2351 3038 3847
493 2 2 13 96 3205 2192 3614
494 2 2 13 96 2653 2081 3141
495 2 2 13 96 1039 1042 2530
496 2 2 13 96 2578 601 4092
497 2 2 13 96 227 3285 3481
498 2 2 13 96 1151 2555 2663
499 2 2 13 96 3007 1021 3449
500 2 2 13 96 1785 1092 2523
501 2 2 13 96 3482 2402 3610
502 2 2 13 96 501 2439 2649
503 2 2 13 96 2773 3832 4123
504 2 2 13 96 582 588 3222
505 2 2 13 96 2564 1351 3011
506 2 2 13 96 610 2923 3316
507 2 2 13 96 2857 2272 3452
508 2 2 13 96 1368 1417 3609
509 2 2 13 96 3383 203 3384
510 2 2 13 96 2635 2309 4067
511 2 2 13 96 127 128 3106
512 2 2 13 96 897 2573 3373
513 2 2 13 96 3832 1782 4123
514 2 2 13 96 36 338 3227
515 2 2 13 96 2435 2434 3422
516 2 2 13 96 2856 1928 3171
517 2 2 13 96 2645 1939 4033
518 2 2 13 96 1232 1330 1568
519 2 2 13 96 809 837 3188
520 2 2 13 96 3528 2405 3654
521 2 2 13 96 2799 2254 4033
522 2 2 13 96 2365 3466 3816
523 2 2 13 96 1257 2844 2845
524 2 2 13 96 294 289 3134
525 2 2 13 96 3307 2406 3590
526 2 2 13 96 538 2857 3452
527 2 2 13 96 2784 2228 3796
528 2 2 13 96 3078 1256 3402
529 2 2 13 96 3487 2538 4048
530 2 2 13 96 2487 3205 3614
531 2 2 13 96 1938 2594 3623
532 2 2 13 96 680 678 2821
533 2 2 13 96 1785 2523 3434
534 2 2 13 96 1636 1638 3288
535 2 2 13 96 2712 231 3123
536 2 2 13 96 971 2519 2521
537 2 2 13 96 3450 2688 3451
538 2 2 13 96 2622 1450 2624
539 2 2 13 96 1081 1110 2693
540 2 2 13 96 2677 278 4128
541 2 2 13 96 3586 742 3587
542 2 2 13 96 903 1318 2844
543 2 2 13 96 433 2609 2762
544 2 2 13 96 2324 2321 3511
545 2 2 13 96 1745 2597 2856
546 2 2 13 96 1906 2538 2975
547 2 2 13 96 2309 2635 3232
548 2 2 13 96 339 2541 4099
549 2 2 13 96 2644 1939 2645
550 2 2 13 96 3327 3364 3942
551 2 2 13 96 1136 2228 2784
552 2 2 13 96 1856 2109 2506
553 2 2 13 96 3013 1791 3798
554 2 2 13 96 3266 2826 3556
555 2 2 13 96 2228 304 3917
556 2 2 13 96 1942 2597 2855
557 2 2 13 96 1273 1502 2727
558 2 2 13 96 259 257 260
559 2 2 13 96 2904 2368 3555
560 2 2 13 96 2963 3435 3689
561 2 2 13 96 256 255 257
562 2 2 13 96 3065 3066 3575
563 2 2 13 96 1402 2480 3753
564 2 2 13 96 2583 2164 3500
565 2 2 13 96 518 3115 3741
566 2 2 13 96 2843 3595 3648
567 2 2 13 96 1523 3404 3739
568 2 2 13 96 653 655 2594
569 2 2 13 96 2452 3831 3840
570 2 2 13 96 506 504 1136
571 2 2 13 96 2396 3586 3587
572 2 2 13 96 1891 3313 3750
573 2 2 13 96 1911 2611 2612
574 2 2 13 96 2997 2828 3028
575 2 2 13 96 2712 2711 3122
576 2 2 13 96 2607 3281 3475
577 2 2 13 96 254 253 255
578 2 2 13 96 2594 1938 3711
579 2 2 13 96 2951 1762 3333
580 2 2 13 96 2786 2631 4079
581 2 2 13 96 2140 2572 2982
582 2 2 13 96 2046 3593 3601
583 2 2 13 96 2566 1986 3303
584 2 2 13 96 2577 3129 3130
585 2 2 13 96 2657 1691 3687
586 2 2 13 96 1386 2086 2614
587 2 2 13 96 2509 229 3198
588 2 2 13 96 686 684 2865
589 2 2 13 96 2778 3834 3910
590 2 2 13 96 3065 802 3387
591 2 2 13 96 3008 2768 3366
592 2 2 13 96 2519 971 4186
593 2 2 13 96 504 304 2228
594 2 2 13 96 3080 2199 3593
595 2 2 13 96 1244 621 2680
596 2 2 13 96 2374 3324 3751
597 2 2 13 96 2202 2960 3601
598 2 2 13 96 2923 610 2934
599 2 2 13 96 2927 1359 3408
600 2 2 13 96 2764 2765 2769
601 2 2 13 96 911 1635 2631
602 2 2 13 96 103 3535 4047
603 2 2 13 96 2136 2938 3091
604 2 2 13 96 1256 3078 3602
605 2 2 13 96 2408 1873 2654
606 2 2 13 96 220 251 3706
607 2 2 13 96 1568 1330 1569
608 2 2 13 96 2915 2240 3641
609 2 2 13 96 678 1716 2821
610 2 2 13 96 2023 286 2610
611 2 2 13 96 3575 3066 3700
612 2 2 13 96 3603 3247 3885
613 2 2 13 96 1324 3436 3518
614 2 2 13 96 2418 2910 3081
615 2 2 13 96 127 3106 4084
616 2 2 13 96 2091 2166 2643
617 2 2 13 96 3363 2322 3809
618 2 2 13 96 2439 489 2742
619 2 2 13 96 722 732 3079
620 2 2 13 96 1318 2636 2844
621 2 2 13 96 252 221 253
622 2 2 13 96 3458 1503 4039
623 2 2 13 96 2990 1683 3570
624 2 2 13 96 204 148 2794
625 2 2 13 96 276 278 2677
626 2 2 13 96 480 389 2690
627 2 2 13 96 2590 2456 3876
628 2 2 13 96 1302 2996 3028
629 2 2 13 96 149 235 2794
630 2 2 13 96 3381 491 3574
631 2 2 13 96 248 3307 3590
632 2 2 13 96 1919 1112 2660
633 2 2 13 96 3104 233 3105
634 2 2 13 96 2650 2439 3930
635 2 2 13 96 1490 1315 2781
636 2 2 13 96 2585 3485 3486
637 2 2 13 96 2376 2671 3939
638 2 2 13 96 2746 3133 3228
639 2 2 13 96 3035 437 3448
640 2 2 13 96 3105 2373 3289
641 2 2 13 96 1082 1084 3889
642 2 2 13 96 2587 1179 3632
643 2 2 13 96 498 3838 3839
644 2 2 13 96 2104 2621 4163
645 2 2 13 96 1257 2845 3480
646 2 2 13 96 2253 2254 3835
647 2 2 13 96 2444 3728 4018
648 2 2 13 96 1634 393 2699
649 2 2 13 96 2423 1614 3292
650 2 2 13 96 2136 2937 2938
651 2 2 13 96 3610 2402 3811
652 2 2 13 96 2769 2768 2770
653 2 2 13 96 3000 1609 3139
654 2 2 13 96 3313 2533 3750
655 2 2 13 96 2525 2722 3525
656 2 2 13 96 2408 2654 2655
657 2 2 13 96 2596 2103 2842
658 2 2 13 96 960 2853 3879
659 2 2 13 96 970 974 2479
660 2 2 13 96 3630 2816 3633
661 2 2 13 96 2094 3296 3480
662 2 2 13 96 2740 2739 3613
663 2 2 13 96 2478 3393 3914
664 2 2 13 96 3179 2733 4096
665 2 2 13 96 1295 3727 4249
666 2 2 13 96 3535 2551 4047
667 2 2 13 96 489 401 2742
668 2 2 13 96 3436 3093 3518
669 2 2 13 96 2626 2859 3430
670 2 2 13 96 204 2567 2617
671 2 2 13 96 2163 3007 3449
672 2 2 13 96 2436 729 3648
673 2 2 13 96 2478 2122 3392
674 2 2 13 96 2926 2927 3408
675 2 2 13 96 1220 2447 3643
676 2 2 13 96 1798 3530 4097
677 2 2 13 96 1022 3008 3366
678 2 2 13 96 2537 464 3238
679 2 2 13 96 802 3065 3575
680 2 2 13 96 2023 2610 2627
681 2 2 13 96 3261 2231 3385
682 2 2 13 96 601 2578 4024
683 2 2 13 96 254 256 258
684 2 2 13 96 3404 1523 3405
685 2 2 13 96 1767 2515 3750
686 2 2 13 96 1775 1777 2122
687 2 2 13 96 714 3521 3524
688 2 2 13 96 2172 3381 3574
689 2 2 13 96 2567 204 2794
690 2 2 13 96 300 302 304
691 2 2 13 96 2989 3250 3546
692 2 2 13 96 2671 2376 3573
693 2 2 13 96 1614 2423 3803
694 2 2 13 96 1771 2362 2646
695 2 2 13 96 2662 2162 3729
696 2 2 13 96 1791 3013 3865
697 2 2 13 96 412 410 2644
698 2 2 13 96 2985 2990 3570
699 2 2 13 96 2682 2683 3086
700 2 2 13 96 3285 2548 3481
701 2 2 13 96 1657 3790 4195
702 2 2 13 96 259 261 263
703 2 2 13 96 2435 3422 3757
704 2 2 13 96 2682 1983 2971
705 2 2 13 96 1201 1232 2508
706 2 2 13 96 3737 2174 4228
707 2 2 13 96 263 299 300
708 2 2 13 96 2605 2488 3779
709 2 2 13 96 3169 3497 3532
710 2 2 13 96 2322 3363 3727
711 2 2 13 96 193 19 4056
712 2 2 13 96 2755 2353 2756
713 2 2 13 96 2584 2301 3328
714 2 2 13 96 2479 974 4196
715 2 2 13 96 2816 2817 3633
716 2 2 13 96 2181 2568 2818
717 2 2 13 96 2175 2638 3385
718 2 2 13 96 1979 524 4178
719 2 2 13 96 2614 2086 3921
720 2 2 13 96 1641 1475 3486
721 2 2 13 96 1486 3721 3878
722 2 2 13 96 1071 1064 1072
723 2 2 13 96 1745 2856 3171
724 2 2 13 96 205 3061 3269
725 2 2 13 96 534 532 2805
726 2 2 13 96 2638 2152 3192
727 2 2 13 96 4016 3710 4222
728 2 2 13 96 1680 1244 2680
729 2 2 13 96 2815 1674 2817
730 2 2 13 96 2572 2140 3619
731 2 2 13 96 1222 653 2594
732 2 2 13 96 2271 3218 3915
733 2 2 13 96 697 694 3666
734 2 2 13 96 1303 1115 3781
735 2 2 13 96 2621 2104 4114
736 2 2 13 96 2766 2772 2773
737 2 2 13 96 1751 3661 3983
738 2 2 13 96 2134 3025 3519
739 2 2 13 96 729 2436 3787
740 2 2 13 96 1680 2678 3116
741 2 2 13 96 1973 169 2341
742 2 2 13 96 2390 2608 2939
743 2 2 13 96 3595 2436 3648
744 2 2 13 96 1115 3500 3782
745 2 2 13 96 341 2516 2540
746 2 2 13 96 1388 2958 4046
747 2 2 13 96 246 2441 4144
748 2 2 13 96 1257 903 2844
749 2 2 13 96 3221 1634 3684
750 2 2 13 96 2537 2467 3087
751 2 2 13 96 471 440 3111
752 2 2 13 96 1835 2073 3026
753 2 2 13 96 1514 3610 3811
754 2 2 13 96 2801 680 2821
755 2 2 13 96 2358 2223 3694
756 2 2 13 96 2240 2915 3891
757 2 2 13 96 992 1399 3324
758 2 2 13 96 1096 1059 2819
759 2 2 13 96 2800 2802 3041
760 2 2 13 96 1428 1273 2727
761 2 2 13 96 694 2776 3666
762 2 2 13 96 2935 2253 3835
763 2 2 13 96 524 3193 4178
764 2 2 13 96 3620 956 3918
765 2 2 13 96 1116 1102 2662
766 2 2 13 96 989 1081 2693
767 2 2 13 96 1054 1058 2529
768 2 2 13 96 3265 3719 3813
769 2 2 13 96 2199 3080 3716
770 2 2 13 96 2733 3179 4195
771 2 2 13 96 1276 367 3172
772 2 2 13 96 2403 301 2404
773 2 2 13 96 1063 986 1064
774 2 2 13 96 2774 1348 3118
775 2 2 13 96 248 249 3307
776 2 2 13 96 2555 1151 2703
777 2 2 13 96 2742 1805 3930
778 2 2 13 96 3246 1654 3247
779 2 2 13 96 2722 1894 3525
780 2 2 13 96 2325 2537 3239
781 2 2 13 96 2713 2105 3251
782 2 2 13 96 2960 2046 3601
783 2 2 13 96 2734 3790 3850
784 2 2 13 96 2156 2418 3081
785 2 2 13 96 2806 3034 3502
786 2 2 13 96 2769 2771 4148
787 2 2 13 96 2063 2189 2676
788 2 2 13 96 1938 2949 3711
789 2 2 13 96 2293 2294 2589
790 2 2 13 96 2714 2451 3425
791 2 2 13 96 2540 2517 2541
792 2 2 13 96 3381 2172 3382
793 2 2 13 96 268 270 301
794 2 2 13 96 3075 3189 3317
795 2 2 13 96 2926 431 3406
796 2 2 13 96 1178 2618 2673
797 2 2 13 96 2533 3784 4197
798 2 2 13 96 2373 3105 3861
799 2 2 13 96 2990 2989 3546
800 2 2 13 96 1920 3112 3349
801 2 2 13 96 3000 1978 4044
802 2 2 13 96 2069 3023 3537
803 2 2 13 96 1402 1304 1907
804 2 2 13 96 440 485 3111
805 2 2 13 96 2745 3463 3498
806 2 2 13 96 1179 569 3632
807 2 2 13 96 3669 2452 3840
808 2 2 13 96 3292 1614 3543
809 2 2 13 96 1121 933 2543
810 2 2 13 96 1476 1985 1986
811 2 2 13 96 1264 1262 3685
812 2 2 13 96 2840 3939 4120
813 2 2 13 96 383 380 2603
814 2 2 13 96 486 378 487
815 2 2 13 96 437 3035 3447
816 2 2 13 96 2938 522 4177
817 2 2 13 96 2881 1435 2883
818 2 2 13 96 2312 2779 3759
819 2 2 13 96 801 558 3056
820 2 2 13 96 1106 1088 1108
821 2 2 13 96 2447 1220 3942
822 2 2 13 96 3492 1073 3675
823 2 2 13 96 170 18 2124
824 2 2 13 96 223 2904 3555
825 2 2 13 96 3382 2172 3696
826 2 2 13 96 1708 1695 4309
827 2 2 13 96 2808 297 3204
828 2 2 13 96 1640 1708 3770
829 2 2 13 96 1911 325 2611
830 2 2 13 96 1912 760 3135
831 2 2 13 96 485 2835 3111
832 2 2 13 96 2958 1388 4295
833 2 2 13 96 1430 2807 3642
834 2 2 13 96 2652 1604 4203
835 2 2 13 96 2920 2983 3902
836 2 2 13 96 3455 2474 3934
837 2 2 13 96 3056 556 4282
838 2 2 13 96 2563 2871 3190
839 2 2 13 96 3278 2423 3292
840 2 2 13 96 347 348 349
841 2 2 13 96 3045 2813 3476
842 2 2 13 96 2618 1178 2672
843 2 2 13 96 979 992 2686
844 2 2 13 96 1921 2039 3147
845 2 2 13 96 377 374 378
846 2 2 13 96 2770 1218 3006
847 2 2 13 96 1100 1908 3031
848 2 2 13 96 2484 1835 3026
849 2 2 13 96 1473 1402 1474
850 2 2 13 96 3573 3492 3675
851 2 2 13 96 2220 3568 3653
852 2 2 13 96 3568 2236 3653
853 2 2 13 96 2486 3516 3517
854 2 2 13 96 1065 836 2153
855 2 2 13 96 714 2498 3521
856 2 2 13 96 2857 714 3524
857 2 2 13 96 222 2593 3260
858 2 2 13 96 2795 1093 2942
859 2 2 13 96 2963 2870 3435
860 2 2 13 96 2331 1833 2399
861 2 2 13 96 1476 1474 1985
862 2 2 13 96 1708 3353 3770
863 2 2 13 96 684 1679 2865
864 2 2 13 96 2174 3737 3853
865 2 2 13 96 2572 1139 2982
866 2 2 13 96 1986 1985 2237
867 2 2 13 96 2399 2851 3823
868 2 2 13 96 1148 2663 2664
869 2 2 13 96 1406 2651 3453
870 2 2 13 96 1928 2856 3172
871 2 2 13 96 349 350 351
872 2 2 13 96 2239 3288 3887
873 2 2 13 96 2579 940 2582
874 2 2 13 96 3614 2195 3875
875 2 2 13 96 476 2651 3624
876 2 2 13 96 235 3455 3934
877 2 2 13 96 2796 2795 2942
878 2 2 13 96 2983 2920 3709
879 2 2 13 96 2708 2362 3914
880 2 2 13 96 3370 2369 3743
881 2 2 13 96 1981 2427 2971
882 2 2 13 96 2323 3239 3899
883 2 2 13 96 1769 3195 3583
884 2 2 13 96 2411 2185 4298
885 2 2 13 96 2552 478 2995
886 2 2 13 96 1222 2547 3222
887 2 2 13 96 2934 610 3297
888 2 2 13 96 3392 246 3393
889 2 2 13 96 1668 1693 2820
890 2 2 13 96 952 954 3306
891 2 2 13 96 3374 2707 3931
892 2 2 13 96 1887 3151 3314
893 2 2 13 96 2822 2871 3011
894 2 2 13 96 3138 2217 3509
895 2 2 13 96 2860 2861 2951
896 2 2 13 96 2105 2713 3459
897 2 2 13 96 3036 1945 4267
898 2 2 13 96 1977 3674 3851
899 2 2 13 96 1475 1474 1476
900 2 2 13 96 1071 1072 1088
901 2 2 13 96 2638 2175 3733
902 2 2 13 96 2283 3109 3953
903 2 2 13 96 2689 2687 2735
904 2 2 13 96 2439 2742 3930
905 2 2 13 96 3834 1953 3910
906 2 2 13 96 221 52 2203
907 2 2 13 96 1508 1913 2952
908 2 2 13 96 3189 1274 3317
909 2 2 13 96 1634 2699 3558
910 2 2 13 96 4232 2456 4288
911 2 2 13 96 810 809 4261
912 2 2 13 96 3167 3611 3777
913 2 2 13 96 2845 2847 3480
914 2 2 13 96 2203 52 3769
915 2 2 13 96 2103 2596 2615
916 2 2 13 96 2548 197 3481
917 2 2 13 96 1634 2836 3684
918 2 2 13 96 2404 301 3607
919 2 2 13 96 2529 3263 4017
920 2 2 13 96 2599 2217 3138
921 2 2 13 96 3151 1887 4088
922 2 2 13 96 1819 3651 4112
923 2 2 13 96 3025 212 3519
924 2 2 13 96 1213 2658 2747
925 2 2 13 96 265 268 2403
926 2 2 13 96 2350 2348 3456
927 2 2 13 96 2354 3061 4020
928 2 2 13 96 225 2639 2834
929 2 2 13 96 2631 1635 4079
930 2 2 13 96 1204 1206 2747
931 2 2 13 96 1607 1720 3457
932 2 2 13 96 2271 3678 4016
933 2 2 13 96 1063 1064 1071
934 2 2 13 96 2651 1406 3624
935 2 2 13 96 213 3374 3931
936 2 2 13 96 155 156 3162
937 2 2 13 96 3382 1358 4322
938 2 2 13 96 1964 3200 3641
939 2 2 13 96 1452 1450 2622
940 2 2 13 96 2419 276 2677
941 2 2 13 96 2824 2435 4007
942 2 2 13 96 2813 750 3476
943 2 2 13 96 2583 1108 3814
944 2 2 13 96 2859 2626 3431
945 2 2 13 96 948 2486 4060
946 2 2 13 96 2902 2884 3332
947 2 2 13 96 3971 1732 4217
948 2 2 13 96 2109 3802 3994
949 2 2 13 96 2752 1800 4309
950 2 2 13 96 2595 1429 3870
951 2 2 13 96 3434 2714 3491
952 2 2 13 96 2582 1828 4010
953 2 2 13 96 389 387 2690
954 2 2 13 96 3593 2199 3601
955 2 2 13 96 3878 2227 3951
956 2 2 13 96 2331 2399 3119
957 2 2 13 96 985 981 986
958 2 2 13 96 256 259 2160
959 2 2 13 96 2826 2828 3556
960 2 2 13 96 1115 1106 3500
961 2 2 13 96 1767 1569 4089
962 2 2 13 96 2609 433 2763
963 2 2 13 96 1358 361 3351
964 2 2 13 96 2293 2589 3134
965 2 2 13 96 520 518 836
966 2 2 13 96 2607 3475 3805
967 2 2 13 96 67 68 3155
968 2 2 13 96 2232 2947 4319
969 2 2 13 96 2716 1788 2717
970 2 2 13 96 1983 2682 3086
971 2 2 13 96 272 274 297
972 2 2 13 96 1358 2720 4322
973 2 2 13 96 2678 2196 3116
974 2 2 13 96 1434 3461 3508
975 2 2 13 96 1045 1041 3832
976 2 2 13 96 2435 2824 4095
977 2 2 13 96 3517 2739 3600
978 2 2 13 96 478 2554 4209
979 2 2 13 96 1688 1525 2757
980 2 2 13 96 3005 2713 3251
981 2 2 13 96 372 370 374
982 2 2 13 96 2947 2945 4319
983 2 2 13 96 377 378 486
984 2 2 13 96 2321 2412 3511
985 2 2 13 96 2026 1697 2832
986 2 2 13 96 718 2880 3940
987 2 2 13 96 1988 2851 4056
988 2 2 13 96 2161 2618 2672
989 2 2 13 96 393 391 2699
990 2 2 13 96 937 940 2579
991 2 2 13 96 2816 742 3586
992 2 2 13 96 2819 1057 3082
993 2 2 13 96 2658 1213 2725
994 2 2 13 96 1401 1304 1402
995 2 2 13 96 2895 2483 4152
996 2 2 13 96 2753 897 3373
997 2 2 13 96 2687 1004 2735
998 2 2 13 96 372 374 377
999 2 2 13 96 1370 501 2649
1000 2 2 13 96 2764 1598 2765
1001 2 2 13 96 2950 2505 3840
1002 2 2 13 96 695 2902 3332
1003 2 2 13 96 1856 2506 3839
1004 2 2 13 96 3466 906 3816
1005 2 2 13 96 2589 294 3134
1006 2 2 13 96 2654 1691 2656
1007 2 2 13 96 484 2644 2645
1008 2 2 13 96 2730 2733 2734
1009 2 2 13 96 2184 2970 3610
1010 2 2 13 96 1501 3032 4136
1011 2 2 13 96 1605 3654 4066
1012 2 2 13 96 413 412 414
1013 2 2 13 96 431 2926 3408
1014 2 2 13 96 2394 2063 2676
1015 2 2 13 96 1136 504 2228
1016 2 2 13 96 1081 1082 1109
1017 2 2 13 96 2727 1502 2728
1018 2 2 13 96 249 2571 4172
1019 2 2 13 96 2633 827 2865
1020 2 2 13 96 1059 1056 2819
1021 2 2 13 96 3651 2664 4112
1022 2 2 13 96 51 221 250
1023 2 2 13 96 351 352 354
1024 2 2 13 96 2705 1361 3342
1025 2 2 13 96 1058 1059 1060
1026 2 2 13 96 3195 3052 3583
1027 2 2 13 96 1499 3710 4016
1028 2 2 13 96 2760 2804 4082
1029 2 2 13 96 3043 2934 3297
1030 2 2 13 96 985 986 1063
1031 2 2 13 96 989 991 1081
1032 2 2 13 96 1332 3369 3743
1033 2 2 13 96 1703 2974 4041
1034 2 2 13 96 315 1942 2855
1035 2 2 13 96 2611 326 3009
1036 2 2 13 96 2766 1598 2772
1037 2 2 13 96 2967 2047 3225
1038 2 2 13 96 2700 3292 3543
1039 2 2 13 96 2620 3947 4079
1040 2 2 13 96 1458 3367 3459
1041 2 2 13 96 2073 2709 3026
1042 2 2 13 96 795 2426 4119
1043 2 2 13 96 3759 2779 3993
1044 2 2 13 96 218 2629 3157
1045 2 2 13 96 1873 1690 2654
1046 2 2 13 96 2505 2950 4238
1047 2 2 13 96 2333 2050 2763
1048 2 2 13 96 1402 1907 2480
1049 2 2 13 96 983 984 989
1050 2 2 13 96 827 2633 2634
1051 2 2 13 96 2136 3091 4314
1052 2 2 13 96 2715 1332 3743
1053 2 2 13 96 2237 2371 2692
1054 2 2 13 96 2276 2657 3687
1055 2 2 13 96 2917 2916 2995
1056 2 2 13 96 2766 2773 2774
1057 2 2 13 96 2036 2605 3992
1058 2 2 13 96 522 2938 3531
1059 2 2 13 96 2836 1634 3558
1060 2 2 13 96 1621 1623 1624
1061 2 2 13 96 1329 1242 3720
1062 2 2 13 96 297 274 2419
1063 2 2 13 96 1201 1231 1232
1064 2 2 13 96 1894 851 2753
1065 2 2 13 96 1674 2815 2978
1066 2 2 13 96 3172 365 3676
1067 2 2 13 96 2828 2997 3556
1068 2 2 13 96 2775 2774 3118
1069 2 2 13 96 584 582 3222
1070 2 2 13 96 1060 1059 1061
1071 2 2 13 96 1768 1767 1970
1072 2 2 13 96 3129 2577 3748
1073 2 2 13 96 2603 380 4299
1074 2 2 13 96 2738 2739 2740
1075 2 2 13 96 2949 1938 3974
1076 2 2 13 96 258 256 4286
1077 2 2 13 96 1913 2741 2952
1078 2 2 13 96 2636 1318 2961
1079 2 2 13 96 2940 2530 4105
1080 2 2 13 96 1304 1296 2458
1081 2 2 13 96 284 305 2941
1082 2 2 13 96 1042 1051 2530
1083 2 2 13 96 1134 884 3242
1084 2 2 13 96 2955 2460 3827
1085 2 2 13 96 3203 2095 3530
1086 2 2 13 96 2613 1080 3765
1087 2 2 13 96 1490 2781 2994
1088 2 2 13 96 2496 3801 3886
1089 2 2 13 96 3941 2698 4252
1090 2 2 13 96 1907 2459 2460
1091 2 2 13 96 2938 3340 3531
1092 2 2 13 96 2313 2187 3391
1093 2 2 13 96 2086 3035 3448
1094 2 2 13 96 909 911 2631
1095 2 2 13 96 487 500 1252
1096 2 2 13 96 3529 4024 4061
1097 2 2 13 96 2154 2153 2257
1098 2 2 13 96 2819 3082 3976
1099 2 2 13 96 742 2816 3630
1100 2 2 13 96 2869 2173 3062
1101 2 2 13 96 3514 3209 3576
1102 2 2 13 96 1072 2461 4192
1103 2 2 13 96 2994 2781 3883
1104 2 2 13 96 1735 2769 4148
1105 2 2 13 96 3218 2200 3915
1106 2 2 13 96 1102 1099 2662
1107 2 2 13 96 2738 1728 2739
1108 2 2 13 96 2740 3613 3858
1109 2 2 13 96 164 498 3932
1110 2 2 13 96 1332 2715 3724
1111 2 2 13 96 2921 2920 3902
1112 2 2 13 96 1072 1087 2461
1113 2 2 13 96 2974 1703 3722
1114 2 2 13 96 2600 1880 2601
1115 2 2 13 96 411 410 412
1116 2 2 13 96 2378 2569 3880
1117 2 2 13 96 1893 1892 3237
1118 2 2 13 96 2346 1062 2783
1119 2 2 13 96 361 363 3351
1120 2 2 13 96 1139 1141 2982
1121 2 2 13 96 967 969 971
1122 2 2 13 96 3352 2357 3604
1123 2 2 13 96 971 969 2222
1124 2 2 13 96 3678 1499 4016
1125 2 2 13 96 3720 1242 3875
1126 2 2 13 96 1889 1441 2743
1127 2 2 13 96 2688 2332 4026
1128 2 2 13 96 1661 1662 1663
1129 2 2 13 96 2533 2233 3784
1130 2 2 13 96 286 287 2610
1131 2 2 13 96 2074 2758 2759
1132 2 2 13 96 3137 229 4065
1133 2 2 13 96 2231 2175 3385
1134 2 2 13 96 3306 954 3620
1135 2 2 13 96 3265 1578 3719
1136 2 2 13 96 2591 120 3545
1137 2 2 13 96 2659 2158 2890
1138 2 2 13 96 1094 1598 2764
1139 2 2 13 96 2504 4232 4288
1140 2 2 13 96 1054 1056 1058
1141 2 2 13 96 2643 2166 2797
1142 2 2 13 96 252 254 2377
1143 2 2 13 96 2686 992 3324
1144 2 2 13 96 1956 3032 3240
1145 2 2 13 96 967 971 2850
1146 2 2 13 96 1155 1109 1170
1147 2 2 13 96 2720 1358 3351
1148 2 2 13 96 1315 1313 2781
1149 2 2 13 96 2871 2564 3011
1150 2 2 13 96 2229 1990 2853
1151 2 2 13 96 520 836 1065
1152 2 2 13 96 2426 795 4201
1153 2 2 13 96 1805 3037 3453
1154 2 2 13 96 3105 233 3861
1155 2 2 13 96 274 276 2419
1156 2 2 13 96 954 956 3620
1157 2 2 13 96 2569 2378 4013
1158 2 2 13 96 967 2850 4279
1159 2 2 13 96 2804 2503 4082
1160 2 2 13 96 304 1201 3917
1161 2 2 13 96 1923 2754 2755
1162 2 2 13 96 3114 2921 3902
1163 2 2 13 96 3066 900 3700
1164 2 2 13 96 2728 1502 2729
1165 2 2 13 96 1466 3578 3808
1166 2 2 13 96 2180 1811 2406
1167 2 2 13 96 588 1222 3222
1168 2 2 13 96 2197 2714 3425
1169 2 2 13 96 3319 815 3923
1170 2 2 13 96 3078 1578 3602
1171 2 2 13 96 1435 2881 2891
1172 2 2 13 96 1218 2770 3008
1173 2 2 13 96 974 976 983
1174 2 2 13 96 3838 498 3846
1175 2 2 13 96 1058 1056 1059
1176 2 2 13 96 1137 1139 2572
1177 2 2 13 96 2044 3319 3681
1178 2 2 13 96 2793 1248 2977
1179 2 2 13 96 1870 1582 1871
1180 2 2 13 96 1578 3078 3719
1181 2 2 13 96 2639 225 2833
1182 2 2 13 96 1512 1728 2738
1183 2 2 13 96 2252 2535 3768
1184 2 2 13 96 1874 2407 2958
1185 2 2 13 96 2482 3628 3907
1186 2 2 13 96 210 2711 3495
1187 2 2 13 96 373 372 2782
1188 2 2 13 96 1971 1970 1972
1189 2 2 13 96 3204 3203 3530
1190 2 2 13 96 2836 2835 3112
1191 2 2 13 96 398 397 399
1192 2 2 13 96 2325 2327 2537
1193 2 2 13 96 171 20 1594
1194 2 2 13 96 3628 2482 4185
1195 2 2 13 96 2871 1716 3190
1196 2 2 13 96 2536 810 4261
1197 2 2 13 96 1828 2582 4057
1198 2 2 13 96 2682 1766 2683
1199 2 2 13 96 827 686 2865
1200 2 2 13 96 3661 258 3663
1201 2 2 13 96 946 947 949
1202 2 2 13 96 4030 2565 4277
1203 2 2 13 96 1388 3538 4295
1204 2 2 13 96 2480 2460 4235
1205 2 2 13 96 3644 2017 3919
1206 2 2 13 96 1051 1054 2529
1207 2 2 13 96 2969 222 3260
1208 2 2 13 96 2611 3009 4227
1209 2 2 13 96 3442 1788 4099
1210 2 2 13 96 2538 2098 3231
1211 2 2 13 96 2473 2472 3921
1212 2 2 13 96 2790 226 2830
1213 2 2 13 96 949 950 951
1214 2 2 13 96 951 952 958
1215 2 2 13 96 1290 1660 1661
1216 2 2 13 96 411 412 413
1217 2 2 13 96 1213 1225 2725
1218 2 2 13 96 1860 3364 3788
1219 2 2 13 96 1062 1061 2783
1220 2 2 13 96 2217 2599 3473
1221 2 2 13 96 3801 2381 3886
1222 2 2 13 96 2773 2772 3832
1223 2 2 13 96 1336 3174 3175
1224 2 2 13 96 1810 1561 1811
1225 2 2 13 96 4034 2704 4075
1226 2 2 13 96 343 345 347
1227 2 2 13 96 2974 761 3894
1228 2 2 13 96 301 270 3862
1229 2 2 13 96 1939 2799 4033
1230 2 2 13 96 713 3807 3972
1231 2 2 13 96 2691 801 3056
1232 2 2 13 96 1065 2422 3193
1233 2 2 13 96 2917 2995 3362
1234 2 2 13 96 1262 2190 3685
1235 2 2 13 96 239 3163 3165
1236 2 2 13 96 2701 2314 3401
1237 2 2 13 96 3003 2323 3899
1238 2 2 13 96 2861 628 2862
1239 2 2 13 96 2074 2759 2760
1240 2 2 13 96 994 430 2870
1241 2 2 13 96 2192 2195 3614
1242 2 2 13 96 2868 481 2935
1243 2 2 13 96 2161 2672 2966
1244 2 2 13 96 682 680 2801
1245 2 2 13 96 2809 1712 2909
1246 2 2 13 96 1243 1245 3043
1247 2 2 13 96 3030 2607 3805
1248 2 2 13 96 3119 2399 3823
1249 2 2 13 96 2488 1806 2941
1250 2 2 13 96 1206 1213 2747
1251 2 2 13 96 3242 884 4062
1252 2 2 13 96 3086 2683 4154
1253 2 2 13 96 3307 249 4172
1254 2 2 13 96 493 1788 2716
1255 2 2 13 96 2784 1975 3866
1256 2 2 13 96 374 2503 2804
1257 2 2 13 96 1088 1072 4192
1258 2 2 13 96 2327 2467 2537
1259 2 2 13 96 2613 2446 4022
1260 2 2 13 96 2386 2832 3286
1261 2 2 13 96 656 2638 3192
1262 2 2 13 96 331 1940 2700
1263 2 2 13 96 1303 3781 3963
1264 2 2 13 96 989 984 991
1265 2 2 13 96 498 3839 4014
1266 2 2 13 96 1623 2456 4232
1267 2 2 13 96 2938 1831 3340
1268 2 2 13 96 3939 2671 4120
1269 2 2 13 96 268 301 2403
1270 2 2 13 96 2571 249 3682
1271 2 2 13 96 1087 1130 1812
1272 2 2 13 96 2820 1693 3785
1273 2 2 13 96 1923 2755 2756
1274 2 2 13 96 396 395 397
1275 2 2 13 96 3080 2756 3454
1276 2 2 13 96 443 1422 2798
1277 2 2 13 96 2432 3384 3882
1278 2 2 13 96 3026 2029 4330
1279 2 2 13 96 2406 1811 2596
1280 2 2 13 96 1271 1263 2858
1281 2 2 13 96 1081 991 1082
1282 2 2 13 96 1383 3080 3454
1283 2 2 13 96 2205 3088 3117
1284 2 2 13 96 900 3066 3828
1285 2 2 13 96 2086 3448 3921
1286 2 2 13 96 2478 3914 4259
1287 2 2 13 96 232 134 2914
1288 2 2 13 96 633 628 2861
1289 2 2 13 96 2833 196 3859
1290 2 2 13 96 1583 1771 2646
1291 2 2 13 96 983 976 984
1292 2 2 13 96 3050 3457 3686
1293 2 2 13 96 2514 1136 2784
1294 2 2 13 96 3642 2807 3870
1295 2 2 13 96 2462 1933 2463
1296 2 2 13 96 385 1880 2600
1297 2 2 13 96 2901 3050 3686
1298 2 2 13 96 815 3319 4111
1299 2 2 13 96 2245 2243 2834
1300 2 2 13 96 1350 3010 3562
1301 2 2 13 96 196 2833 4179
1302 2 2 13 96 1940 3278 3292
1303 2 2 13 96 2043 1789 3509
1304 2 2 13 96 403 401 489
1305 2 2 13 96 1585 2646 2647
1306 2 2 13 96 3861 3108 3959
1307 2 2 13 96 1698 857 3413
1308 2 2 13 96 2513 1136 2514
1309 2 2 13 96 386 385 387
1310 2 2 13 96 810 2536 4145
1311 2 2 13 96 1252 1253 1582
1312 2 2 13 96 3089 3768 3786
1313 2 2 13 96 2040 1698 2464
1314 2 2 13 96 347 491 2516
1315 2 2 13 96 726 2136 4314
1316 2 2 13 96 2919 2920 2921
1317 2 2 13 96 1521 2082 2992
1318 2 2 13 96 2633 2865 3049
1319 2 2 13 96 1080 2613 4022
1320 2 2 13 96 1933 1428 2727
1321 2 2 13 96 2730 2732 2733
1322 2 2 13 96 3196 3400 3617
1323 2 2 13 96 3972 2544 4029
1324 2 2 13 96 2647 2646 2708
1325 2 2 13 96 2728 2729 2730
1326 2 2 13 96 1245 1249 3043
1327 2 2 13 96 3014 3015 3542
1328 2 2 13 96 209 2598 4229
1329 2 2 13 96 1110 1109 1155
1330 2 2 13 96 1621 1620 1623
1331 2 2 13 96 2759 1417 4110
1332 2 2 13 96 2074 356 2758
1333 2 2 13 96 388 387 389
1334 2 2 13 96 120 2591 4257
1335 2 2 13 96 942 945 946
1336 2 2 13 96 2756 2353 3454
1337 2 2 13 96 204 2617 2999
1338 2 2 13 96 1178 2673 3005
1339 2 2 13 96 251 220 4150
1340 2 2 13 96 3168 3380 4206
1341 2 2 13 96 408 409 410
1342 2 2 13 96 49 50 220
1343 2 2 13 96 399 405 406
1344 2 2 13 96 53 54 219
1345 2 2 13 96 2162 2662 3730
1346 2 2 13 96 51 52 221
1347 2 2 13 96 3211 2404 3607
1348 2 2 13 96 3162 156 4086
1349 2 2 13 96 406 407 408
1350 2 2 13 96 2832 2831 3286
1351 2 2 13 96 2544 2391 4029
1352 2 2 13 96 1764 1464 1766
1353 2 2 13 96 390 389 391
1354 2 2 13 96 2608 2390 3646
1355 2 2 13 96 1771 1773 2362
1356 2 2 13 96 392 391 393
1357 2 2 13 96 394 393 395
1358 2 2 13 96 2280 2847 3927
1359 2 2 13 96 2257 3247 3603
1360 2 2 13 96 2770 2768 3008
1361 2 2 13 96 4013 2379 4095
1362 2 2 13 96 2880 718 4146
1363 2 2 13 96 2733 2732 2744
1364 2 2 13 96 3807 2544 3972
1365 2 2 13 96 384 383 385
1366 2 2 13 96 474 3471 3757
1367 2 2 13 96 2684 1958 3995
1368 2 2 13 96 2648 2647 2708
1369 2 2 13 96 1252 1582 1870
1370 2 2 13 96 1156 1155 1295
1371 2 2 13 96 2593 222 4291
1372 2 2 13 96 1663 1664 1665
1373 2 2 13 96 2476 2746 3228
1374 2 2 13 96 1120 890 2891
1375 2 2 13 96 2734 2733 4195
1376 2 2 13 96 203 2616 4230
1377 2 2 13 96 2076 3137 4065
1378 2 2 13 96 1889 2743 2956
1379 2 2 13 96 362 360 370
1380 2 2 13 96 2675 906 3466
1381 2 2 13 96 728 4030 4277
1382 2 2 13 96 3556 2997 4205
1383 2 2 13 96 1698 3413 4100
1384 2 2 13 96 2040 2464 2465
1385 2 2 13 96 2537 3238 3239
1386 2 2 13 96 1923 930 2754
1387 2 2 13 96 1323 1134 1355
1388 2 2 13 96 494 2287 2873
1389 2 2 13 96 518 516 3115
1390 2 2 13 96 2639 2245 2834
1391 2 2 13 96 67 3155 4085
1392 2 2 13 96 3296 1257 3480
1393 2 2 13 96 3062 2173 3278
1394 2 2 13 96 1775 2478 4259
1395 2 2 13 96 60 3038 3456
1396 2 2 13 96 1608 1521 2992
1397 2 2 13 96 2780 373 2782
1398 2 2 13 96 396 397 398
1399 2 2 13 96 1661 1660 1662
1400 2 2 13 96 2681 2273 3890
1401 2 2 13 96 408 410 411
1402 2 2 13 96 1846 3279 3596
1403 2 2 13 96 270 2808 3862
1404 2 2 13 96 387 2600 2690
1405 2 2 13 96 2323 2325 3239
1406 2 2 13 96 1232 1568 4240
1407 2 2 13 96 2858 2859 3484
1408 2 2 13 96 1621 1624 2692
1409 2 2 13 96 2851 1988 3823
1410 2 2 13 96 1097 1098 1099
1411 2 2 13 96 1103 1102 1104
1412 2 2 13 96 2050 2609 2763
1413 2 2 13 96 1907 2458 2459
1414 2 2 13 96 1087 1812 2461
1415 2 2 13 96 2485 2710 3843
1416 2 2 13 96 1663 1662 1664
1417 2 2 13 96 2730 2729 2732
1418 2 2 13 96 2456 2457 3876
1419 2 2 13 96 2689 2737 3451
1420 2 2 13 96 247 2708 3914
1421 2 2 13 96 2341 3145 4001
1422 2 2 13 96 801 2691 3270
1423 2 2 13 96 2535 2252 4031
1424 2 2 13 96 1719 3779 3886
1425 2 2 13 96 2294 2297 2589
1426 2 2 13 96 413 414 415
1427 2 2 13 96 981 960 2492
1428 2 2 13 96 2280 2094 3480
1429 2 2 13 96 2258 1492 2994
1430 2 2 13 96 3137 2076 3718
1431 2 2 13 96 2378 2379 4013
1432 2 2 13 96 246 247 3393
1433 2 2 13 96 2091 2643 4237
1434 2 2 13 96 343 347 2516
1435 2 2 13 96 192 163 4165
1436 2 2 13 96 47 48 209
1437 2 2 13 96 2189 2200 2201
1438 2 2 13 96 2878 2876 2879
1439 2 2 13 96 55 56 208
1440 2 2 13 96 371 370 372
1441 2 2 13 96 778 777 4113
1442 2 2 13 96 1041 1782 3832
1443 2 2 13 96 2624 1450 4323
1444 2 2 13 96 1764 1766 2682
1445 2 2 13 96 2159 2875 2877
1446 2 2 13 96 2297 2299 2475
1447 2 2 13 96 14 303 2363
1448 2 2 13 96 3010 2562 3562
1449 2 2 13 96 2240 1962 3641
1450 2 2 13 96 408 411 3037
1451 2 2 13 96 4022 2446 4114
1452 2 2 13 96 295 1806 2029
1453 2 2 13 96 3023 3022 3537
1454 2 2 13 96 2368 2904 4040
1455 2 2 13 96 2582 940 4057
1456 2 2 13 96 2130 2737 3955
1457 2 2 13 96 845 2848 3783
1458 2 2 13 96 1320 3067 3074
1459 2 2 13 96 690 688 2964
1460 2 2 13 96 410 434 2644
1461 2 2 13 96 2440 1921 3147
1462 2 2 13 96 2673 2713 3005
1463 2 2 13 96 2189 1704 2200
1464 2 2 13 96 2389 2704 4034
1465 2 2 13 96 2941 305 4265
1466 2 2 13 96 1320 3074 3075
1467 2 2 13 96 2798 1422 2799
1468 2 2 13 96 384 386 2806
1469 2 2 13 96 2702 900 3828
1470 2 2 13 96 2151 2150 3133
1471 2 2 13 96 1537 649 2959
1472 2 2 13 96 2413 2115 2894
1473 2 2 13 96 2407 2408 2578
1474 2 2 13 96 2500 3036 4267
1475 2 2 13 96 370 360 2503
1476 2 2 13 96 2403 2404 2405
1477 2 2 13 96 2559 2556 2703
1478 2 2 13 96 3038 2350 3456
1479 2 2 13 96 2765 1598 2766
1480 2 2 13 96 265 2403 4054
1481 2 2 13 96 1857 1607 3457
1482 2 2 13 96 2550 2551 3535
1483 2 2 13 96 2838 1899 4077
1484 2 2 13 96 1690 1691 2654
1485 2 2 13 96 2187 2353 3391
1486 2 2 13 96 1786 524 1979
1487 2 2 13 96 920 1093 2795
1488 2 2 13 96 3014 1625 3015
1489 2 2 13 96 761 2974 3722
1490 2 2 13 96 1987 2647 2648
1491 2 2 13 96 2689 2735 2736
1492 2 2 13 96 323 324 326
1493 2 2 13 96 1899 2838 3709
1494 2 2 13 96 959 958 960
1495 2 2 13 96 1735 2764 2769
1496 2 2 13 96 907 1230 2726
1497 2 2 13 96 1585 1583 2646
1498 2 2 13 96 197 80 3481
1499 2 2 13 96 3660 3661 4002
1500 2 2 13 96 1806 280 2941
1501 2 2 13 96 1853 2227 3721
1502 2 2 13 96 411 1406 3037
1503 2 2 13 96 1776 1774 4038
1504 2 2 13 96 1811 1561 2615
1505 2 2 13 96 2854 1334 3275
1506 2 2 13 96 386 387 388
1507 2 2 13 96 306 307 308
1508 2 2 13 96 2516 491 2517
1509 2 2 13 96 1301 1296 1304
1510 2 2 13 96 2534 2055 3536
1511 2 2 13 96 391 480 2699
1512 2 2 13 96 1477 1476 2566
1513 2 2 13 96 4124 2574 4160
1514 2 2 13 96 884 863 2722
1515 2 2 13 96 2550 3535 4124
1516 2 2 13 96 854 1169 3206
1517 2 2 13 96 2889 2902 3744
1518 2 2 13 96 2234 1909 2502
1519 2 2 13 96 2545 215 3985
1520 2 2 13 96 1786 1979 2284
1521 2 2 13 96 270 272 2808
1522 2 2 13 96 442 3925 4320
1523 2 2 13 96 1872 3541 4018
1524 2 2 13 96 2947 2232 3004
1525 2 2 13 96 2029 1806 2036
1526 2 2 13 96 618 552 2901
1527 2 2 13 96 394 395 396
1528 2 2 13 96 486 487 2604
1529 2 2 13 96 1464 1323 2584
1530 2 2 13 96 384 385 386
1531 2 2 13 96 1099 1100 2662
1532 2 2 13 96 2081 2653 3359
1533 2 2 13 96 1215 1212 2978
1534 2 2 13 96 336 335 337
1535 2 2 13 96 946 945 947
1536 2 2 13 96 1665 1668 2820
1537 2 2 13 96 2395 2029 2709
1538 2 2 13 96 1201 302 1231
1539 2 2 13 96 1230 909 2631
1540 2 2 13 96 388 389 390
1541 2 2 13 96 943 937 2579
1542 2 2 13 96 1635 1137 2572
1543 2 2 13 96 1104 1116 1224
1544 2 2 13 96 506 1136 2513
1545 2 2 13 96 392 393 394
1546 2 2 13 96 261 260 262
1547 2 2 13 96 390 391 392
1548 2 2 13 96 401 398 2742
1549 2 2 13 96 1939 2798 2799
1550 2 2 13 96 349 348 350
1551 2 2 13 96 3611 2188 3777
1552 2 2 13 96 1336 3175 3412
1553 2 2 13 96 141 225 3424
1554 2 2 13 96 3588 1934 3812
1555 2 2 13 96 328 330 332
1556 2 2 13 96 1313 2780 2781
1557 2 2 13 96 2796 2942 4284
1558 2 2 13 96 351 350 352
1559 2 2 13 96 13 172 4135
1560 2 2 13 96 1903 3752 4017
1561 2 2 13 96 2468 2820 3785
1562 2 2 13 96 2333 2763 2849
1563 2 2 13 96 354 352 364
1564 2 2 13 96 3315 3640 3778
1565 2 2 13 96 2718 2717 2719
1566 2 2 13 96 334 333 335
1567 2 2 13 96 2778 904 3909
1568 2 2 13 96 842 853 3075
1569 2 2 13 96 1373 1371 3225
1570 2 2 13 96 1124 3603 3885
1571 2 2 13 96 649 707 2959
1572 2 2 13 96 935 937 943
1573 2 2 13 96 2126 3885 4080
1574 2 2 13 96 2346 2783 3438
1575 2 2 13 96 1697 1393 2832
1576 2 2 13 96 2736 1333 3955
1577 2 2 13 96 2765 2766 2767
1578 2 2 13 96 347 349 491
1579 2 2 13 96 3035 2806 3447
1580 2 2 13 96 2718 2719 3698
1581 2 2 13 96 544 2895 2896
1582 2 2 13 96 442 3571 3925
1583 2 2 13 96 2754 1121 2755
1584 2 2 13 96 542 645 2895
1585 2 2 13 96 2813 2396 3579
1586 2 2 13 96 1417 2759 3609
1587 2 2 13 96 2919 1899 2920
1588 2 2 13 96 896 898 907
1589 2 2 13 96 1810 1811 2180
1590 2 2 13 96 305 2023 2496
1591 2 2 13 96 3165 4090 4091
1592 2 2 13 96 2580 2579 2581
1593 2 2 13 96 1371 1467 3225
1594 2 2 13 96 1663 1665 1666
1595 2 2 13 96 332 330 333
1596 2 2 13 96 2848 845 4143
1597 2 2 13 96 890 1435 2891
1598 2 2 13 96 2618 2196 2678
1599 2 2 13 96 1065 2153 2154
1600 2 2 13 96 2814 1277 2978
1601 2 2 13 96 1735 1159 2764
1602 2 2 13 96 879 895 896
1603 2 2 13 96 2242 2961 3318
1604 2 2 13 96 2384 3781 3782
1605 2 2 13 96 2213 3245 3323
1606 2 2 13 96 3756 2463 4155
1607 2 2 13 96 2985 2987 2990
1608 2 2 13 96 1909 1452 2622
1609 2 2 13 96 2301 2584 4332
1610 2 2 13 96 2550 4124 4160
1611 2 2 13 96 2463 1933 2727
1612 2 2 13 96 3023 2069 3377
1613 2 2 13 96 3530 2462 4097
1614 2 2 13 96 1224 1418 1583
1615 2 2 13 96 225 2834 3424
1616 2 2 13 96 399 1805 2742
1617 2 2 13 96 332 333 334
1618 2 2 13 96 322 321 323
1619 2 2 13 96 2943 1179 2946
1620 2 2 13 96 2694 2693 3702
1621 2 2 13 96 1894 2753 3373
1622 2 2 13 96 2665 113 3627
1623 2 2 13 96 2716 2717 2718
1624 2 2 13 96 1443 1620 1621
1625 2 2 13 96 1579 989 2693
1626 2 2 13 96 2116 2651 2674
1627 2 2 13 96 1606 1120 2891
1628 2 2 13 96 1583 1418 1771
1629 2 2 13 96 530 2823 4264
1630 2 2 13 96 326 327 328
1631 2 2 13 96 320 319 321
1632 2 2 13 96 1767 3750 4197
1633 2 2 13 96 532 905 2805
1634 2 2 13 96 1395 1400 1690
1635 2 2 13 96 2278 1999 4028
1636 2 2 13 96 3768 2535 3786
1637 2 2 13 96 2711 2208 3495
1638 2 2 13 96 1805 406 3037
1639 2 2 13 96 911 1137 1635
1640 2 2 13 96 1568 1767 1768
1641 2 2 13 96 2925 2061 2926
1642 2 2 13 96 278 280 295
1643 2 2 13 96 3732 3769 3996
1644 2 2 13 96 3674 2518 3851
1645 2 2 13 96 2896 2895 4152
1646 2 2 13 96 295 280 1806
1647 2 2 13 96 2530 2529 2531
1648 2 2 13 96 1411 3603 3799
1649 2 2 13 96 284 286 305
1650 2 2 13 96 1361 2705 3520
1651 2 2 13 96 503 304 504
1652 2 2 13 96 907 908 909
1653 2 2 13 96 897 896 2726
1654 2 2 13 96 2261 3618 3946
1655 2 2 13 96 417 419 3183
1656 2 2 13 96 2230 1421 3609
1657 2 2 13 96 2502 2622 2623
1658 2 2 13 96 305 286 2023
1659 2 2 13 96 2413 2894 4320
1660 2 2 13 96 1061 1096 1097
1661 2 2 13 96 2449 2867 4256
1662 2 2 13 96 341 343 2516
1663 2 2 13 96 1506 1508 2952
1664 2 2 13 96 2737 2130 3688
1665 2 2 13 96 2690 2600 3371
1666 2 2 13 96 1277 2814 3212
1667 2 2 13 96 911 912 1137
1668 2 2 13 96 2327 2466 2467
1669 2 2 13 96 532 530 905
1670 2 2 13 96 536 534 714
1671 2 2 13 96 1766 2584 3328
1672 2 2 13 96 3579 2396 3587
1673 2 2 13 96 339 337 2540
1674 2 2 13 96 1692 1690 1873
1675 2 2 13 96 2152 2638 3733
1676 2 2 13 96 1774 2162 4038
1677 2 2 13 96 956 963 964
1678 2 2 13 96 1393 2831 2832
1679 2 2 13 96 839 840 886
1680 2 2 13 96 215 2545 4251
1681 2 2 13 96 2029 2036 4330
1682 2 2 13 96 1294 2715 3617
1683 2 2 13 96 1441 1438 2743
1684 2 2 13 96 3400 1294 3617
1685 2 2 13 96 4043 2667 4090
1686 2 2 13 96 1159 1094 2764
1687 2 2 13 96 2415 2892 2893
1688 2 2 13 96 2750 1800 2751
1689 2 2 13 96 1665 1667 1668
1690 2 2 13 96 306 292 307
1691 2 2 13 96 2927 2928 2929
1692 2 2 13 96 1704 1604 2652
1693 2 2 13 96 2835 485 3112
1694 2 2 13 96 2601 2602 3501
1695 2 2 13 96 459 458 460
1696 2 2 13 96 2532 2533 3313
1697 2 2 13 96 459 460 461
1698 2 2 13 96 2711 210 3122
1699 2 2 13 96 1906 2098 2538
1700 2 2 13 96 3275 1334 3429
1701 2 2 13 96 2284 1979 2807
1702 2 2 13 96 900 2702 3920
1703 2 2 13 96 323 321 324
1704 2 2 13 96 2658 2659 2747
1705 2 2 13 96 790 2800 3041
1706 2 2 13 96 530 527 2823
1707 2 2 13 96 909 910 911
1708 2 2 13 96 1837 1778 2115
1709 2 2 13 96 949 947 950
1710 2 2 13 96 749 1173 2986
1711 2 2 13 96 3893 2635 4067
1712 2 2 13 96 2700 1940 3292
1713 2 2 13 96 931 1121 2754
1714 2 2 13 96 2570 2571 2632
1715 2 2 13 96 2858 1345 2859
1716 2 2 13 96 2619 4079 4300
1717 2 2 13 96 2407 1873 2408
1718 2 2 13 96 623 1673 2862
1719 2 2 13 96 850 878 879
1720 2 2 13 96 1784 1643 2421
1721 2 2 13 96 461 460 462
1722 2 2 13 96 2875 2876 2878
1723 2 2 13 96 1700 1899 2919
1724 2 2 13 96 2811 2026 2812
1725 2 2 13 96 480 2690 3513
1726 2 2 13 96 3319 2215 3681
1727 2 2 13 96 1460 1490 1491
1728 2 2 13 96 2115 1778 2116
1729 2 2 13 96 2685 2686 4207
1730 2 2 13 96 354 364 2758
1731 2 2 13 96 913 914 1395
1732 2 2 13 96 964 966 967
1733 2 2 13 96 2475 2299 2476
1734 2 2 13 96 1116 2662 3729
1735 2 2 13 96 2609 2761 2762
1736 2 2 13 96 2116 2650 2651
1737 2 2 13 96 943 2579 2580
1738 2 2 13 96 3279 2193 3596
1739 2 2 13 96 1084 1290 3767
1740 2 2 13 96 964 967 4279
1741 2 2 13 96 1061 1097 2783
1742 2 2 13 96 2965 3644 3919
1743 2 2 13 96 2487 1235 3088
1744 2 2 13 96 290 292 306
1745 2 2 13 96 1415 493 2716
1746 2 2 13 96 703 682 2801
1747 2 2 13 96 395 1634 3221
1748 2 2 13 96 2692 2371 4316
1749 2 2 13 96 1049 994 2870
1750 2 2 13 96 1492 1490 2994
1751 2 2 13 96 2667 2668 4090
1752 2 2 13 96 1356 1386 2614
1753 2 2 13 96 1224 1116 1418
1754 2 2 13 96 505 504 506
1755 2 2 13 96 1671 1935 2928
1756 2 2 13 96 1189 2964 2965
1757 2 2 13 96 3002 1992 3184
1758 2 2 13 96 3719 2642 3813
1759 2 2 13 96 2159 2874 2875
1760 2 2 13 96 1265 1345 2858
1761 2 2 13 96 308 309 310
1762 2 2 13 96 3851 2784 3866
1763 2 2 13 96 520 1065 3193
1764 2 2 13 96 3373 2573 3554
1765 2 2 13 96 2731 2730 2734
1766 2 2 13 96 1109 1082 2628
1767 2 2 13 96 1820 2701 4239
1768 2 2 13 96 3145 2340 4001
1769 2 2 13 96 3055 3056 4282
1770 2 2 13 96 2009 2307 2892
1771 2 2 13 96 1871 1582 2285
1772 2 2 13 96 4090 2668 4091
1773 2 2 13 96 2970 2184 3054
1774 2 2 13 96 3425 2451 4170
1775 2 2 13 96 2851 2399 3916
1776 2 2 13 96 2705 1951 2957
1777 2 2 13 96 2339 2124 3322
1778 2 2 13 96 887 886 913
1779 2 2 13 96 907 909 1230
1780 2 2 13 96 134 135 2914
1781 2 2 13 96 385 383 1880
1782 2 2 13 96 1054 1055 1056
1783 2 2 13 96 2297 2475 2589
1784 2 2 13 96 268 269 270
1785 2 2 13 96 2541 2517 2542
1786 2 2 13 96 398 399 2742
1787 2 2 13 96 1987 1587 2647
1788 2 2 13 96 2767 2766 2774
1789 2 2 13 96 399 406 1805
1790 2 2 13 96 2020 2390 2939
1791 2 2 13 96 960 958 2853
1792 2 2 13 96 3526 3527 4014
1793 2 2 13 96 3150 3151 4088
1794 2 2 13 96 2609 2049 2761
1795 2 2 13 96 3006 1021 3007
1796 2 2 13 96 1473 1474 1475
1797 2 2 13 96 1972 1970 3784
1798 2 2 13 96 2788 1624 3772
1799 2 2 13 96 3168 2256 3380
1800 2 2 13 96 1172 1606 2874
1801 2 2 13 96 387 385 2600
1802 2 2 13 96 1246 1680 3116
1803 2 2 13 96 1986 2237 4101
1804 2 2 13 96 347 345 348
1805 2 2 13 96 439 443 2798
1806 2 2 13 96 3332 3174 3483
1807 2 2 13 96 434 1939 2644
1808 2 2 13 96 476 417 3183
1809 2 2 13 96 1089 1088 1106
1810 2 2 13 96 2115 2116 2674
1811 2 2 13 96 2923 2922 2924
1812 2 2 13 96 1076 1636 3082
1813 2 2 13 96 1189 690 2964
1814 2 2 13 96 2287 2290 2873
1815 2 2 13 96 3001 3002 3544
1816 2 2 13 96 634 2896 2897
1817 2 2 13 96 1970 1767 4197
1818 2 2 13 96 1874 1873 2407
1819 2 2 13 96 1467 1370 1778
1820 2 2 13 96 2670 1049 2870
1821 2 2 13 96 1309 373 2780
1822 2 2 13 96 294 2589 4216
1823 2 2 13 96 2905 223 2906
1824 2 2 13 96 2686 3324 4149
1825 2 2 13 96 2608 2021 2939
1826 2 2 13 96 1491 1541 2824
1827 2 2 13 96 1313 1309 2780
1828 2 2 13 96 1942 2360 2597
1829 2 2 13 96 14 159 303
1830 2 2 13 96 250 252 4258
1831 2 2 13 96 2625 2626 3430
1832 2 2 13 96 261 262 3528
1833 2 2 13 96 265 267 268
1834 2 2 13 96 961 960 981
1835 2 2 13 96 2806 386 3447
1836 2 2 13 96 2785 986 4307
1837 2 2 13 96 2290 2293 2873
1838 2 2 13 96 399 397 405
1839 2 2 13 96 1401 1402 1473
1840 2 2 13 96 951 958 959
1841 2 2 13 96 1707 2273 3580
1842 2 2 13 96 937 939 940
1843 2 2 13 96 1773 1775 4259
1844 2 2 13 96 2693 3560 3702
1845 2 2 13 96 2889 718 3940
1846 2 2 13 96 2674 476 3183
1847 2 2 13 96 325 323 2611
1848 2 2 13 96 220 50 4150
1849 2 2 13 96 1491 1490 1492
1850 2 2 13 96 2347 3084 3889
1851 2 2 13 96 2432 2431 3384
1852 2 2 13 96 930 928 2754
1853 2 2 13 96 2373 3861 3959
1854 2 2 13 96 2629 218 3605
1855 2 2 13 96 1510 1512 2738
1856 2 2 13 96 200 2911 2912
1857 2 2 13 96 2858 3484 4025
1858 2 2 13 96 927 926 928
1859 2 2 13 96 853 1320 3075
1860 2 2 13 96 1907 2460 2480
1861 2 2 13 96 624 3261 3385
1862 2 2 13 96 1101 1099 1102
1863 2 2 13 96 318 317 319
1864 2 2 13 96 2835 2234 3111
1865 2 2 13 96 3109 3566 3953
1866 2 2 13 96 1665 1664 1667
1867 2 2 13 96 923 922 924
1868 2 2 13 96 1148 2664 2960
1869 2 2 13 96 1666 1665 2820
1870 2 2 13 96 1901 2449 2962
1871 2 2 13 96 2724 905 3819
1872 2 2 13 96 983 989 1579
1873 2 2 13 96 2757 3080 3593
1874 2 2 13 96 1104 1102 1116
1875 2 2 13 96 488 486 1180
1876 2 2 13 96 1393 1127 2831
1877 2 2 13 96 2313 2543 4036
1878 2 2 13 96 2511 2909 4106
1879 2 2 13 96 2709 2073 3697
1880 2 2 13 96 2693 1110 3560
1881 2 2 13 96 1006 1009 2735
1882 2 2 13 96 2960 2202 3670
1883 2 2 13 96 3529 601 4024
1884 2 2 13 96 786 813 839
1885 2 2 13 96 1081 1109 1110
1886 2 2 13 96 3158 608 3159
1887 2 2 13 96 906 2675 3534
1888 2 2 13 96 1549 1901 2962
1889 2 2 13 96 3973 3844 4152
1890 2 2 13 96 2731 3756 4155
1891 2 2 13 96 2483 2895 4185
1892 2 2 13 96 970 973 974
1893 2 2 13 96 3742 1537 4301
1894 2 2 13 96 410 409 434
1895 2 2 13 96 967 968 969
1896 2 2 13 96 1920 405 3221
1897 2 2 13 96 940 941 942
1898 2 2 13 96 337 341 2540
1899 2 2 13 96 2725 1225 3182
1900 2 2 13 96 1314 1313 1315
1901 2 2 13 96 3049 2865 4059
1902 2 2 13 96 408 407 409
1903 2 2 13 96 608 606 3159
1904 2 2 13 96 850 822 878
1905 2 2 13 96 1212 1674 2978
1906 2 2 13 96 1415 2852 4176
1907 2 2 13 96 395 393 1634
1908 2 2 13 96 3311 1312 3444
1909 2 2 13 96 2656 2657 3856
1910 2 2 13 96 2922 2037 2924
1911 2 2 13 96 2767 2774 2775
1912 2 2 13 96 406 405 407
1913 2 2 13 96 50 250 4150
1914 2 2 13 96 2046 1688 3593
1915 2 2 13 96 2556 2555 2703
1916 2 2 13 96 1072 1086 1087
1917 2 2 13 96 2508 1232 4240
1918 2 2 13 96 971 2222 4186
1919 2 2 13 96 606 833 3159
1920 2 2 13 96 2874 1606 2875
1921 2 2 13 96 1460 1315 1490
1922 2 2 13 96 2780 2782 3883
1923 2 2 13 96 2961 1318 3318
1924 2 2 13 96 1097 1099 1101
1925 2 2 13 96 493 483 1788
1926 2 2 13 96 2985 2986 2987
1927 2 2 13 96 511 513 3660
1928 2 2 13 96 470 472 473
1929 2 2 13 96 2110 3176 3734
1930 2 2 13 96 2226 2748 3177
1931 2 2 13 96 334 335 336
1932 2 2 13 96 376 325 1911
1933 2 2 13 96 823 822 850
1934 2 2 13 96 2862 1673 2863
1935 2 2 13 96 1556 878 3041
1936 2 2 13 96 2013 2176 2973
1937 2 2 13 96 310 311 312
1938 2 2 13 96 1248 2793 3300
1939 2 2 13 96 1892 2567 3237
1940 2 2 13 96 878 822 3041
1941 2 2 13 96 791 790 822
1942 2 2 13 96 50 51 250
1943 2 2 13 96 3883 2782 3905
1944 2 2 13 96 1638 1640 3770
1945 2 2 13 96 634 546 2896
1946 2 2 13 96 391 389 480
1947 2 2 13 96 951 950 952
1948 2 2 13 96 111 212 3025
1949 2 2 13 96 3134 288 4175
1950 2 2 13 96 1668 1667 1669
1951 2 2 13 96 2507 2643 2797
1952 2 2 13 96 2485 3843 3989
1953 2 2 13 96 1545 2037 2922
1954 2 2 13 96 1812 1130 2270
1955 2 2 13 96 1701 1671 2928
1956 2 2 13 96 1051 2529 2530
1957 2 2 13 96 1785 3434 3491
1958 2 2 13 96 3352 3604 3698
1959 2 2 13 96 295 2029 2395
1960 2 2 13 96 3548 1196 3694
1961 2 2 13 96 307 292 3094
1962 2 2 13 96 324 321 3171
1963 2 2 13 96 2800 703 2801
1964 2 2 13 96 935 936 937
1965 2 2 13 96 3990 2565 4030
1966 2 2 13 96 931 933 1121
1967 2 2 13 96 879 897 2753
1968 2 2 13 96 1598 1077 2772
1969 2 2 13 96 2889 3744 3854
1970 2 2 13 96 1101 1102 1103
1971 2 2 13 96 2122 2123 3397
1972 2 2 13 96 1765 2510 2511
1973 2 2 13 96 2986 1173 2987
1974 2 2 13 96 2122 1777 2123
1975 2 2 13 96 1232 1328 1330
1976 2 2 13 96 2950 1255 4238
1977 2 2 13 96 2305 1893 3237
1978 2 2 13 96 308 307 309
1979 2 2 13 96 2660 2346 3837
1980 2 2 13 96 2907 2906 2908
1981 2 2 13 96 2958 2407 4046
1982 2 2 13 96 414 412 484
1983 2 2 13 96 1107 1106 1115
1984 2 2 13 96 1766 1464 2584
1985 2 2 13 96 272 297 2808
1986 2 2 13 96 481 2838 2935
1987 2 2 13 96 382 383 384
1988 2 2 13 96 287 290 2610
1989 2 2 13 96 1263 1265 2858
1990 2 2 13 96 974 975 976
1991 2 2 13 96 2667 1457 3981
1992 2 2 13 96 3949 49 4087
1993 2 2 13 96 1051 1053 1054
1994 2 2 13 96 178 497 1380
1995 2 2 13 96 2163 2388 3007
1996 2 2 13 96 982 981 985
1997 2 2 13 96 1584 1583 1585
1998 2 2 13 96 197 2548 3965
1999 2 2 13 96 1333 2736 4311
2000 2 2 13 96 2184 2691 3054
2001 2 2 13 96 718 2889 3854
2002 2 2 13 96 1949 1874 2958
2003 2 2 13 96 2025 2026 2811
2004 2 2 13 96 2789 2365 3816
2005 2 2 13 96 1690 1400 1691
2006 2 2 13 96 2794 235 3934
2007 2 2 13 96 2937 1831 2938
2008 2 2 13 96 249 248 4159
2009 2 2 13 96 3585 2283 3953
2010 2 2 13 96 1311 1309 1313
2011 2 2 13 96 1395 1690 1692
2012 2 2 13 96 453 475 2983
2013 2 2 13 96 297 2419 3203
2014 2 2 13 96 337 340 341
2015 2 2 13 96 87 201 2904
2016 2 2 13 96 312 313 317
2017 2 2 13 96 2719 2717 2720
2018 2 2 13 96 85 223 2905
2019 2 2 13 96 1958 3383 3384
2020 2 2 13 96 2670 2870 2963
2021 2 2 13 96 2962 2449 4256
2022 2 2 13 96 2612 2611 4227
2023 2 2 13 96 200 136 2911
2024 2 2 13 96 1230 2631 2786
2025 2 2 13 96 896 907 2726
2026 2 2 13 96 1002 1004 2687
2027 2 2 13 96 139 198 2915
2028 2 2 13 96 247 246 4153
2029 2 2 13 96 2703 3515 3562
2030 2 2 13 96 3493 4016 4222
2031 2 2 13 96 790 705 2800
2032 2 2 13 96 1898 2061 2925
2033 2 2 13 96 468 469 470
2034 2 2 13 96 1327 1242 1329
2035 2 2 13 96 2892 2307 2893
2036 2 2 13 96 1459 1315 1460
2037 2 2 13 96 447 481 2868
2038 2 2 13 96 1803 3266 3556
2039 2 2 13 96 879 896 897
2040 2 2 13 96 2502 1909 2622
2041 2 2 13 96 905 530 4264
2042 2 2 13 96 1327 1329 3232
2043 2 2 13 96 326 324 327
2044 2 2 13 96 811 854 3206
2045 2 2 13 96 2802 2822 4051
2046 2 2 13 96 2006 2009 2892
2047 2 2 13 96 571 1179 2943
2048 2 2 13 96 2913 2022 3585
2049 2 2 13 96 2086 3034 3035
2050 2 2 13 96 2673 2618 2678
2051 2 2 13 96 924 926 927
2052 2 2 13 96 2353 2755 3391
2053 2 2 13 96 3636 2420 3860
2054 2 2 13 96 1684 1604 1704
2055 2 2 13 96 2578 2408 4024
2056 2 2 13 96 1941 1698 2040
2057 2 2 13 96 278 279 280
2058 2 2 13 96 905 2724 2805
2059 2 2 13 96 3258 3019 4206
2060 2 2 13 96 1415 2716 2852
2061 2 2 13 96 457 458 459
2062 2 2 13 96 276 277 278
2063 2 2 13 96 1411 3344 3603
2064 2 2 13 96 971 2521 2850
2065 2 2 13 96 879 878 895
2066 2 2 13 96 358 356 2074
2067 2 2 13 96 559 561 3343
2068 2 2 13 96 896 895 898
2069 2 2 13 96 2905 2906 2907
2070 2 2 13 96 405 397 3221
2071 2 2 13 96 356 354 2758
2072 2 2 13 96 2133 2221 3672
2073 2 2 13 96 1643 1484 3526
2074 2 2 13 96 2063 1704 2189
2075 2 2 13 96 1688 2757 3593
2076 2 2 13 96 2522 2262 2809
2077 2 2 13 96 113 2665 4213
2078 2 2 13 96 487 1252 2604
2079 2 2 13 96 2016 2020 2939
2080 2 2 13 96 942 944 945
2081 2 2 13 96 3174 1336 3483
2082 2 2 13 96 927 928 930
2083 2 2 13 96 1248 1246 3116
2084 2 2 13 96 274 275 276
2085 2 2 13 96 536 714 2857
2086 2 2 13 96 921 920 922
2087 2 2 13 96 1137 1138 1139
2088 2 2 13 96 1252 1870 2604
2089 2 2 13 96 382 380 383
2090 2 2 13 96 705 703 2800
2091 2 2 13 96 2802 2821 2822
2092 2 2 13 96 451 453 2983
2093 2 2 13 96 2916 2553 2995
2094 2 2 13 96 1060 1061 1062
2095 2 2 13 96 933 935 2543
2096 2 2 13 96 1175 1506 2942
2097 2 2 13 96 1710 2340 3145
2098 2 2 13 96 2679 2680 4315
2099 2 2 13 96 3727 1295 3754
2100 2 2 13 96 3245 3033 3323
2101 2 2 13 96 1732 2481 4217
2102 2 2 13 96 1601 2053 3494
2103 2 2 13 96 362 370 371
2104 2 2 13 96 628 623 2862
2105 2 2 13 96 3640 2204 3778
2106 2 2 13 96 1099 1098 1100
2107 2 2 13 96 717 705 790
2108 2 2 13 96 2746 2151 3133
2109 2 2 13 96 402 401 403
2110 2 2 13 96 2669 1049 2670
2111 2 2 13 96 1693 2919 2921
2112 2 2 13 96 707 758 2959
2113 2 2 13 96 2158 2159 2890
2114 2 2 13 96 2400 1965 2586
2115 2 2 13 96 887 2507 3135
2116 2 2 13 96 1270 1267 3120
2117 2 2 13 96 940 942 4057
2118 2 2 13 96 918 919 920
2119 2 2 13 96 2800 2801 2802
2120 2 2 13 96 2501 307 3094
2121 2 2 13 96 1587 1585 2647
2122 2 2 13 96 2688 2689 3451
2123 2 2 13 96 870 1980 2953
2124 2 2 13 96 839 886 887
2125 2 2 13 96 2745 1630 3793
2126 2 2 13 96 816 633 2861
2127 2 2 13 96 272 273 274
2128 2 2 13 96 2882 2884 2902
2129 2 2 13 96 270 271 272
2130 2 2 13 96 2977 1248 3116
2131 2 2 13 96 1004 1006 2735
2132 2 2 13 96 1346 1356 1524
2133 2 2 13 96 1118 1785 3059
2134 2 2 13 96 688 827 2964
2135 2 2 13 96 1668 1669 1670
2136 2 2 13 96 434 436 1939
2137 2 2 13 96 211 3040 3566
2138 2 2 13 96 4203 1165 4250
2139 2 2 13 96 1491 1492 1541
2140 2 2 13 96 986 981 2492
2141 2 2 13 96 2836 3112 3684
2142 2 2 13 96 611 608 3158
2143 2 2 13 96 2011 2013 2973
2144 2 2 13 96 907 898 908
2145 2 2 13 96 1932 2932 2933
2146 2 2 13 96 2547 3639 3817
2147 2 2 13 96 3694 2684 4171
2148 2 2 13 96 2514 2777 3909
2149 2 2 13 96 2581 2582 4010
2150 2 2 13 96 1084 3767 3889
2151 2 2 13 96 1457 2667 4043
2152 2 2 13 96 2115 2674 2894
2153 2 2 13 96 2021 2014 2939
2154 2 2 13 96 3075 3074 3189
2155 2 2 13 96 876 2704 3789
2156 2 2 13 96 2653 2279 3359
2157 2 2 13 96 662 661 683
2158 2 2 13 96 1812 3485 4283
2159 2 2 13 96 1361 559 3343
2160 2 2 13 96 683 915 916
2161 2 2 13 96 253 2203 3223
2162 2 2 13 96 916 917 918
2163 2 2 13 96 1808 2210 2949
2164 2 2 13 96 1778 1370 2649
2165 2 2 13 96 2627 1609 3950
2166 2 2 13 96 2122 3322 3392
2167 2 2 13 96 751 672 3863
2168 2 2 13 96 758 760 1912
2169 2 2 13 96 2606 1537 3742
2170 2 2 13 96 2635 1615 3232
2171 2 2 13 96 160 246 4144
2172 2 2 13 96 2049 2047 2967
2173 2 2 13 96 913 886 914
2174 2 2 13 96 1082 1083 1084
2175 2 2 13 96 542 540 645
2176 2 2 13 96 284 285 286
2177 2 2 13 96 1161 1159 1735
2178 2 2 13 96 1261 1271 2936
2179 2 2 13 96 793 1292 3110
2180 2 2 13 96 323 326 2611
2181 2 2 13 96 3067 1320 3214
2182 2 2 13 96 1000 1002 1078
2183 2 2 13 96 839 887 3135
2184 2 2 13 96 1155 1170 3754
2185 2 2 13 96 1006 1008 1009
2186 2 2 13 96 754 749 2986
2187 2 2 13 96 466 467 468
2188 2 2 13 96 1913 2738 2740
2189 2 2 13 96 2973 2176 2974
2190 2 2 13 96 420 431 3408
2191 2 2 13 96 2676 2189 3407
2192 2 2 13 96 2885 2953 4181
2193 2 2 13 96 1139 1140 1141
2194 2 2 13 96 924 925 926
2195 2 2 13 96 2809 2262 3436
2196 2 2 13 96 924 927 3210
2197 2 2 13 96 829 793 3110
2198 2 2 13 96 2866 2415 4116
2199 2 2 13 96 400 398 401
2200 2 2 13 96 1036 1037 1040
2201 2 2 13 96 2928 1935 2929
2202 2 2 13 96 1493 1491 2824
2203 2 2 13 96 1416 1323 1464
2204 2 2 13 96 336 337 339
2205 2 2 13 96 341 342 343
2206 2 2 13 96 1301 1304 1401
2207 2 2 13 96 3019 3258 3961
2208 2 2 13 96 1440 1438 1441
2209 2 2 13 96 1277 1215 2978
2210 2 2 13 96 2627 2610 4274
2211 2 2 13 96 946 949 1828
2212 2 2 13 96 1730 1591 1833
2213 2 2 13 96 1928 324 3171
2214 2 2 13 96 2877 2875 2878
2215 2 2 13 96 2489 2284 2490
2216 2 2 13 96 351 354 355
2217 2 2 13 96 2486 3517 3600
2218 2 2 13 96 1322 1134 1323
2219 2 2 13 96 1541 1492 1542
2220 2 2 13 96 2988 1173 2991
2221 2 2 13 96 312 317 318
2222 2 2 13 96 2616 2545 3985
2223 2 2 13 96 199 2721 3849
2224 2 2 13 96 1609 2627 4274
2225 2 2 13 96 1693 1670 2919
2226 2 2 13 96 928 931 2754
2227 2 2 13 96 2866 4116 4188
2228 2 2 13 96 2472 1524 2614
2229 2 2 13 96 1512 1514 1728
2230 2 2 13 96 1278 1277 3212
2231 2 2 13 96 2130 2125 3439
2232 2 2 13 96 2050 2049 2609
2233 2 2 13 96 1128 913 3201
2234 2 2 13 96 2942 1506 2952
2235 2 2 13 96 1804 1803 2976
2236 2 2 13 96 1133 884 1134
2237 2 2 13 96 1897 1701 1898
2238 2 2 13 96 2623 2624 2916
2239 2 2 13 96 457 456 458
2240 2 2 13 96 1508 1510 1913
2241 2 2 13 96 3419 1367 3420
2242 2 2 13 96 525 524 1786
2243 2 2 13 96 2475 2476 3228
2244 2 2 13 96 538 536 2857
2245 2 2 13 96 3802 3176 3994
2246 2 2 13 96 346 1625 3014
2247 2 2 13 96 531 530 532
2248 2 2 13 96 2861 2862 2951
2249 2 2 13 96 313 315 2855
2250 2 2 13 96 683 1931 2843
2251 2 2 13 96 2569 2568 2570
2252 2 2 13 96 2089 1951 2705
2253 2 2 13 96 1395 914 1400
2254 2 2 13 96 1594 20 3824
2255 2 2 13 96 3019 3168 4206
2256 2 2 13 96 1542 2258 2568
2257 2 2 13 96 839 813 840
2258 2 2 13 96 1395 1692 3201
2259 2 2 13 96 1169 3012 3206
2260 2 2 13 96 1798 3204 3530
2261 2 2 13 96 2103 1871 4078
2262 2 2 13 96 1537 2606 4303
2263 2 2 13 96 933 934 935
2264 2 2 13 96 1810 2181 2818
2265 2 2 13 96 1913 1510 2738
2266 2 2 13 96 1023 1046 3001
2267 2 2 13 96 533 532 534
2268 2 2 13 96 147 204 2999
2269 2 2 13 96 3384 203 3882
2270 2 2 13 96 1974 1972 1976
2271 2 2 13 96 3431 1613 3512
2272 2 2 13 96 674 751 3190
2273 2 2 13 96 2623 2916 2917
2274 2 2 13 96 1891 2331 3313
2275 2 2 13 96 861 851 1894
2276 2 2 13 96 422 420 3408
2277 2 2 13 96 1625 496 3425
2278 2 2 13 96 2747 2659 3079
2279 2 2 13 96 1959 1898 1960
2280 2 2 13 96 2765 2767 2768
2281 2 2 13 96 2434 1915 2956
2282 2 2 13 96 1623 1715 2456
2283 2 2 13 96 1609 310 3139
2284 2 2 13 96 3471 2829 3757
2285 2 2 13 96 1034 1035 1036
2286 2 2 13 96 281 284 2941
2287 2 2 13 96 2496 2023 3801
2288 2 2 13 96 3361 2854 3376
2289 2 2 13 96 631 2943 2944
2290 2 2 13 96 2616 3985 4230
2291 2 2 13 96 3349 3112 3668
2292 2 2 13 96 1525 1923 2757
2293 2 2 13 96 1265 1268 1345
2294 2 2 13 96 3081 1743 3458
2295 2 2 13 96 3151 3152 3314
2296 2 2 13 96 1542 2568 2569
2297 2 2 13 96 2595 2154 3344
2298 2 2 13 96 2710 679 3843
2299 2 2 13 96 2827 2825 2829
2300 2 2 13 96 1334 2854 3361
2301 2 2 13 96 760 786 3135
2302 2 2 13 96 179 36 3227
2303 2 2 13 96 319 1745 3171
2304 2 2 13 96 1084 1090 1290
2305 2 2 13 96 2704 876 3469
2306 2 2 13 96 1352 1167 1604
2307 2 2 13 96 514 512 516
2308 2 2 13 96 1179 2587 4063
2309 2 2 13 96 1465 1464 1764
2310 2 2 13 96 1965 1608 2992
2311 2 2 13 96 2290 2292 2293
2312 2 2 13 96 290 291 292
2313 2 2 13 96 1636 1637 1638
2314 2 2 13 96 928 929 931
2315 2 2 13 96 1443 1442 1620
2316 2 2 13 96 1249 3042 3043
2317 2 2 13 96 2319 2323 3003
2318 2 2 13 96 308 310 1609
2319 2 2 13 96 2201 2200 3218
2320 2 2 13 96 1202 2966 3202
2321 2 2 13 96 1128 3201 4331
2322 2 2 13 96 1290 1291 1660
2323 2 2 13 96 2815 2814 2978
2324 2 2 13 96 1339 857 1698
2325 2 2 13 96 755 819 3140
2326 2 2 13 96 2085 3305 3390
2327 2 2 13 96 1670 1700 2919
2328 2 2 13 96 2617 2998 2999
2329 2 2 13 96 1589 1587 1987
2330 2 2 13 96 2563 3190 4296
2331 2 2 13 96 2020 2336 2389
2332 2 2 13 96 453 452 454
2333 2 2 13 96 2775 2839 3252
2334 2 2 13 96 2200 1704 2652
2335 2 2 13 96 818 755 3140
2336 2 2 13 96 1712 2809 3572
2337 2 2 13 96 1311 1313 1314
2338 2 2 13 96 3237 2794 3934
2339 2 2 13 96 220 3706 4225
2340 2 2 13 96 801 3270 3499
2341 2 2 13 96 455 456 457
2342 2 2 13 96 491 349 3574
2343 2 2 13 96 2735 1009 4311
2344 2 2 13 96 1700 1671 1701
2345 2 2 13 96 318 319 320
2346 2 2 13 96 1977 3851 3866
2347 2 2 13 96 2089 2705 3342
2348 2 2 13 96 462 465 466
2349 2 2 13 96 992 993 1399
2350 2 2 13 96 2856 2597 4035
2351 2 2 13 96 2461 1812 4189
2352 2 2 13 96 2956 477 4318
2353 2 2 13 96 2082 1519 3569
2354 2 2 13 96 909 908 910
2355 2 2 13 96 2229 2853 3306
2356 2 2 13 96 1092 1067 2523
2357 2 2 13 96 1692 1873 1874
2358 2 2 13 96 1471 1172 2874
2359 2 2 13 96 2273 3725 3890
2360 2 2 13 96 2651 2650 3453
2361 2 2 13 96 1028 1027 1029
2362 2 2 13 96 299 261 3528
2363 2 2 13 96 2581 2579 2582
2364 2 2 13 96 2546 2594 3711
2365 2 2 13 96 2001 2793 2977
2366 2 2 13 96 1032 1033 1034
2367 2 2 13 96 911 910 912
2368 2 2 13 96 455 454 456
2369 2 2 13 96 89 222 2969
2370 2 2 13 96 2811 2812 2931
2371 2 2 13 96 2998 2617 3505
2372 2 2 13 96 1030 1029 1031
2373 2 2 13 96 887 913 1128
2374 2 2 13 96 3578 1466 3809
2375 2 2 13 96 1341 3534 3745
2376 2 2 13 96 1184 1580 3117
2377 2 2 13 96 660 658 661
2378 2 2 13 96 1220 1146 3326
2379 2 2 13 96 827 2634 2964
2380 2 2 13 96 2565 3057 4277
2381 2 2 13 96 2980 228 2981
2382 2 2 13 96 2782 488 3905
2383 2 2 13 96 2907 2908 3465
2384 2 2 13 96 2839 2775 3118
2385 2 2 13 96 1692 1948 3201
2386 2 2 13 96 2837 451 2983
2387 2 2 13 96 2169 3311 3444
2388 2 2 13 96 517 516 518
2389 2 2 13 96 1057 1076 3082
2390 2 2 13 96 2048 2047 2049
2391 2 2 13 96 320 321 322
2392 2 2 13 96 2768 2767 3366
2393 2 2 13 96 931 932 933
2394 2 2 13 96 3150 2417 3980
2395 2 2 13 96 1184 1040 1580
2396 2 2 13 96 1072 1064 1086
2397 2 2 13 96 2680 621 3567
2398 2 2 13 96 2013 2014 2021
2399 2 2 13 96 451 450 452
2400 2 2 13 96 2417 3150 4088
2401 2 2 13 96 3024 110 3025
2402 2 2 13 96 2957 1949 2958
2403 2 2 13 96 44 45 203
2404 2 2 13 96 2623 2622 2624
2405 2 2 13 96 924 922 925
2406 2 2 13 96 2966 2672 3202
2407 2 2 13 96 58 59 202
2408 2 2 13 96 535 534 536
2409 2 2 13 96 3544 3002 3944
2410 2 2 13 96 2458 1296 4249
2411 2 2 13 96 2736 2735 4311
2412 2 2 13 96 1110 1155 1156
2413 2 2 13 96 453 454 455
2414 2 2 13 96 1466 3705 4271
2415 2 2 13 96 1468 1469 1743
2416 2 2 13 96 3525 3373 3554
2417 2 2 13 96 312 318 3139
2418 2 2 13 96 1157 1158 1468
2419 2 2 13 96 1714 1135 3093
2420 2 2 13 96 1112 1062 2346
2421 2 2 13 96 3103 245 3106
2422 2 2 13 96 2840 1685 3939
2423 2 2 13 96 656 654 2638
2424 2 2 13 96 683 661 915
2425 2 2 13 96 2568 2258 2818
2426 2 2 13 96 904 510 4234
2427 2 2 13 96 451 452 453
2428 2 2 13 96 851 850 2753
2429 2 2 13 96 3123 231 3124
2430 2 2 13 96 2011 2012 2013
2431 2 2 13 96 2996 479 2997
2432 2 2 13 96 1670 1669 1671
2433 2 2 13 96 2632 2457 3588
2434 2 2 13 96 3752 1580 4105
2435 2 2 13 96 2410 2025 2811
2436 2 2 13 96 2875 1606 2876
2437 2 2 13 96 2689 2736 2737
2438 2 2 13 96 1668 1670 1693
2439 2 2 13 96 2912 2911 3200
2440 2 2 13 96 546 544 2896
2441 2 2 13 96 1683 2990 3546
2442 2 2 13 96 891 892 1157
2443 2 2 13 96 1030 1031 1032
2444 2 2 13 96 2809 3436 4275
2445 2 2 13 96 631 573 2943
2446 2 2 13 96 4122 2924 4256
2447 2 2 13 96 529 527 530
2448 2 2 13 96 449 451 2837
2449 2 2 13 96 2683 3329 3489
2450 2 2 13 96 3756 3755 3762
2451 2 2 13 96 1700 1701 1897
2452 2 2 13 96 2467 2469 3087
2453 2 2 13 96 2488 2941 4265
2454 2 2 13 96 2846 2637 3016
2455 2 2 13 96 519 518 520
2456 2 2 13 96 2573 897 4167
2457 2 2 13 96 2025 1697 2026
2458 2 2 13 96 1076 1126 1636
2459 2 2 13 96 2294 2296 2297
2460 2 2 13 96 2297 2298 2299
2461 2 2 13 96 2467 2468 2469
2462 2 2 13 96 1118 1092 1785
2463 2 2 13 96 1386 1834 2086
2464 2 2 13 96 281 283 284
2465 2 2 13 96 1543 1545 2922
2466 2 2 13 96 1042 1050 1051
2467 2 2 13 96 322 323 325
2468 2 2 13 96 2358 3694 4171
2469 2 2 13 96 969 970 2479
2470 2 2 13 96 2817 2096 3633
2471 2 2 13 96 2027 1462 2174
2472 2 2 13 96 1032 1031 1033
2473 2 2 13 96 2155 2934 3042
2474 2 2 13 96 2995 478 3362
2475 2 2 13 96 146 147 2999
2476 2 2 13 96 3484 3431 3512
2477 2 2 13 96 1915 1889 2956
2478 2 2 13 96 487 378 499
2479 2 2 13 96 2841 1333 3257
2480 2 2 13 96 577 2947 3004
2481 2 2 13 96 1881 1531 3321
2482 2 2 13 96 2457 2632 3682
2483 2 2 13 96 2889 2882 2902
2484 2 2 13 96 2422 2154 2595
2485 2 2 13 96 287 289 290
2486 2 2 13 96 2261 2455 3618
2487 2 2 13 96 821 2789 3816
2488 2 2 13 96 319 317 1745
2489 2 2 13 96 1467 1778 1837
2490 2 2 13 96 1828 949 3417
2491 2 2 13 96 1529 1958 2684
2492 2 2 13 96 634 2898 2900
2493 2 2 13 96 1157 892 1158
2494 2 2 13 96 2585 1477 4156
2495 2 2 13 96 2016 2019 2020
2496 2 2 13 96 850 879 2753
2497 2 2 13 96 891 838 892
2498 2 2 13 96 1907 1304 2458
2499 2 2 13 96 2254 1960 2255
2500 2 2 13 96 310 309 311
2501 2 2 13 96 2944 2943 2946
2502 2 2 13 96 326 328 3009
2503 2 2 13 96 245 3103 3107
2504 2 2 13 96 2515 1767 4089
2505 2 2 13 96 1019 1023 3001
2506 2 2 13 96 1237 1235 2487
2507 2 2 13 96 1661 1663 3908
2508 2 2 13 96 145 228 2980
2509 2 2 13 96 487 499 500
2510 2 2 13 96 1525 930 1923
2511 2 2 13 96 1024 1020 2839
2512 2 2 13 96 1508 1509 1510
2513 2 2 13 96 1345 1346 3430
2514 2 2 13 96 3001 2936 3002
2515 2 2 13 96 524 521 3193
2516 2 2 13 96 3951 2227 4156
2517 2 2 13 96 337 335 340
2518 2 2 13 96 2013 2012 2014
2519 2 2 13 96 199 2905 2907
2520 2 2 13 96 2253 1960 2254
2521 2 2 13 96 2389 2336 2704
2522 2 2 13 96 2594 655 3623
2523 2 2 13 96 1243 3043 3297
2524 2 2 13 96 3140 2653 3141
2525 2 2 13 96 1468 1158 1469
2526 2 2 13 96 1156 1295 1296
2527 2 2 13 96 914 886 3240
2528 2 2 13 96 3561 2791 3626
2529 2 2 13 96 3345 3789 3821
2530 2 2 13 96 2433 2099 2910
2531 2 2 13 96 1863 3051 3052
2532 2 2 13 96 1506 1507 1508
2533 2 2 13 96 579 3004 3261
2534 2 2 13 96 328 329 330
2535 2 2 13 96 1444 1441 1889
2536 2 2 13 96 1067 2500 2523
2537 2 2 13 96 1094 1077 1598
2538 2 2 13 96 371 372 373
2539 2 2 13 96 1980 3864 4181
2540 2 2 13 96 1755 2161 2966
2541 2 2 13 96 2774 2773 4190
2542 2 2 13 96 2877 2878 2880
2543 2 2 13 96 1532 2043 3280
2544 2 2 13 96 1056 1057 2819
2545 2 2 13 96 758 1912 2959
2546 2 2 13 96 2898 2897 2899
2547 2 2 13 96 1670 1671 1700
2548 2 2 13 96 1314 1315 1459
2549 2 2 13 96 1181 1180 1561
2550 2 2 13 96 548 546 634
2551 2 2 13 96 290 306 2610
2552 2 2 13 96 2699 480 3653
2553 2 2 13 96 668 666 729
2554 2 2 13 96 2802 2801 2821
2555 2 2 13 96 918 920 921
2556 2 2 13 96 1528 1755 2966
2557 2 2 13 96 1407 1906 2975
2558 2 2 13 96 1028 1029 1030
2559 2 2 13 96 2347 2329 3084
2560 2 2 13 96 683 916 1931
2561 2 2 13 96 318 1978 3139
2562 2 2 13 96 3911 3079 4115
2563 2 2 13 96 2257 2153 3246
2564 2 2 13 96 2454 2021 2608
2565 2 2 13 96 1442 1441 1444
2566 2 2 13 96 927 1187 3210
2567 2 2 13 96 2879 2882 2889
2568 2 2 13 96 1802 1810 2818
2569 2 2 13 96 1547 1549 2962
2570 2 2 13 96 2176 2021 2454
2571 2 2 13 96 2732 2729 2918
2572 2 2 13 96 2465 2464 3169
2573 2 2 13 96 579 577 3004
2574 2 2 13 96 1046 2936 3001
2575 2 2 13 96 1029 1027 3118
2576 2 2 13 96 544 542 2895
2577 2 2 13 96 449 450 451
2578 2 2 13 96 1911 2612 3906
2579 2 2 13 96 2171 1804 2976
2580 2 2 13 96 2009 2010 2011
2581 2 2 13 96 1897 1898 1959
2582 2 2 13 96 2863 1673 2864
2583 2 2 13 96 2014 2016 2939
2584 2 2 13 96 1438 1436 2743
2585 2 2 13 96 2472 2614 3921
2586 2 2 13 96 915 661 3192
2587 2 2 13 96 2748 2749 3177
2588 2 2 13 96 2003 2004 2415
2589 2 2 13 96 1910 1909 2234
2590 2 2 13 96 482 2806 3502
2591 2 2 13 96 3032 2277 4136
2592 2 2 13 96 436 439 2798
2593 2 2 13 96 631 2945 2947
2594 2 2 13 96 1097 1096 1098
2595 2 2 13 96 1537 2959 4301
2596 2 2 13 96 494 2873 3470
2597 2 2 13 96 2138 3058 3233
2598 2 2 13 96 3147 2039 4121
2599 2 2 13 96 2210 2211 2546
2600 2 2 13 96 1276 3095 3723
2601 2 2 13 96 454 479 2996
2602 2 2 13 96 1422 445 2868
2603 2 2 13 96 2632 3588 3812
2604 2 2 13 96 1173 747 2991
2605 2 2 13 96 1535 2155 3042
2606 2 2 13 96 2460 2459 4271
2607 2 2 13 96 299 3528 3654
2608 2 2 13 96 1034 1033 1035
2609 2 2 13 96 1901 1902 2003
2610 2 2 13 96 2879 2881 2882
2611 2 2 13 96 2673 2678 2679
2612 2 2 13 96 1711 3561 3626
2613 2 2 13 96 2637 2250 3016
2614 2 2 13 96 3305 1717 3390
2615 2 2 13 96 2136 825 3299
2616 2 2 13 96 1744 1743 2099
2617 2 2 13 96 1720 2437 3457
2618 2 2 13 96 2085 1123 3194
2619 2 2 13 96 2020 2019 2336
2620 2 2 13 96 1093 1175 2942
2621 2 2 13 96 2984 754 2986
2622 2 2 13 96 1460 1491 1493
2623 2 2 13 96 406 408 3037
2624 2 2 13 96 2090 2337 3281
2625 2 2 13 96 679 2710 4247
2626 2 2 13 96 2509 3198 3703
2627 2 2 13 96 1786 2489 2823
2628 2 2 13 96 984 2685 3170
2629 2 2 13 96 1505 1808 2949
2630 2 2 13 96 3638 55 3933
2631 2 2 13 96 2678 1680 4335
2632 2 2 13 96 1931 916 3207
2633 2 2 13 96 2011 2010 2012
2634 2 2 13 96 2100 2099 2433
2635 2 2 13 96 1837 2115 2413
2636 2 2 13 96 232 3585 3953
2637 2 2 13 96 921 922 923
2638 2 2 13 96 2555 2107 2663
2639 2 2 13 96 501 489 2439
2640 2 2 13 96 3228 293 3848
2641 2 2 13 96 3526 2035 3527
2642 2 2 13 96 3055 618 4068
2643 2 2 13 96 374 370 2503
2644 2 2 13 96 1695 1709 4309
2645 2 2 13 96 2728 2730 2731
2646 2 2 13 96 3285 227 4151
2647 2 2 13 96 195 3018 3019
2648 2 2 13 96 232 2914 3585
2649 2 2 13 96 1267 1264 3685
2650 2 2 13 96 1510 1511 1512
2651 2 2 13 96 822 790 3041
2652 2 2 13 96 1440 1442 1443
2653 2 2 13 96 2779 901 3993
2654 2 2 13 96 242 3125 3446
2655 2 2 13 96 1869 2424 3029
2656 2 2 13 96 883 863 884
2657 2 2 13 96 3515 1350 3562
2658 2 2 13 96 1026 1024 1027
2659 2 2 13 96 2873 2293 4175
2660 2 2 13 96 765 754 2984
2661 2 2 13 96 1175 1498 1506
2662 2 2 13 96 2942 2952 4284
2663 2 2 13 96 916 915 917
2664 2 2 13 96 770 752 3033
2665 2 2 13 96 523 521 524
2666 2 2 13 96 1009 1008 1010
2667 2 2 13 96 1802 1561 1810
2668 2 2 13 96 223 86 2904
2669 2 2 13 96 2982 1141 4162
2670 2 2 13 96 3814 1108 4189
2671 2 2 13 96 2152 915 3192
2672 2 2 13 96 199 84 2905
2673 2 2 13 96 55 208 3933
2674 2 2 13 96 3781 1115 3782
2675 2 2 13 96 137 224 2911
2676 2 2 13 96 2260 3093 3436
2677 2 2 13 96 224 138 2915
2678 2 2 13 96 110 111 3025
2679 2 2 13 96 2586 1965 2992
2680 2 2 13 96 1859 2375 2376
2681 2 2 13 96 1808 2146 2210
2682 2 2 13 96 2469 2468 3785
2683 2 2 13 96 777 3072 4113
2684 2 2 13 96 2987 1173 2988
2685 2 2 13 96 1967 807 3033
2686 2 2 13 96 964 963 966
2687 2 2 13 96 3580 2273 3749
2688 2 2 13 96 1435 885 2953
2689 2 2 13 96 1078 2687 2688
2690 2 2 13 96 2095 1933 2462
2691 2 2 13 96 195 115 3018
2692 2 2 13 96 2638 654 3385
2693 2 2 13 96 1579 2693 2694
2694 2 2 13 96 1700 1897 1899
2695 2 2 13 96 237 3020 3027
2696 2 2 13 96 2659 2890 4115
2697 2 2 13 96 449 448 450
2698 2 2 13 96 3501 2602 4336
2699 2 2 13 96 618 3055 4282
2700 2 2 13 96 1027 1024 2839
2701 2 2 13 96 2879 2876 2881
2702 2 2 13 96 918 917 919
2703 2 2 13 96 1046 1261 2936
2704 2 2 13 96 2655 2654 2656
2705 2 2 13 96 1106 1108 3500
2706 2 2 13 96 2006 2008 2009
2707 2 2 13 96 481 449 2837
2708 2 2 13 96 2522 2809 2909
2709 2 2 13 96 2949 2210 3711
2710 2 2 13 96 1501 914 3240
2711 2 2 13 96 2655 2656 2810
2712 2 2 13 96 1169 1337 3012
2713 2 2 13 96 2612 3405 3906
2714 2 2 13 96 1512 1513 1514
2715 2 2 13 96 3079 2659 4115
2716 2 2 13 96 2020 2389 2390
2717 2 2 13 96 2812 3990 4030
2718 2 2 13 96 1077 1066 2772
2719 2 2 13 96 662 683 2843
2720 2 2 13 96 3012 2282 3013
2721 2 2 13 96 1011 1010 1012
2722 2 2 13 96 2307 2011 2973
2723 2 2 13 96 135 200 2914
2724 2 2 13 96 1009 1010 1011
2725 2 2 13 96 1549 1551 1901
2726 2 2 13 96 1036 1035 1037
2727 2 2 13 96 2739 3517 3613
2728 2 2 13 96 2058 2414 3076
2729 2 2 13 96 3659 2490 3960
2730 2 2 13 96 859 838 891
2731 2 2 13 96 721 1888 3047
2732 2 2 13 96 2683 3489 4154
2733 2 2 13 96 462 460 465
2734 2 2 13 96 2827 2829 2948
2735 2 2 13 96 1531 2117 3321
2736 2 2 13 96 258 3661 3662
2737 2 2 13 96 2775 3252 3366
2738 2 2 13 96 1625 3425 4170
2739 2 2 13 96 2248 2636 2961
2740 2 2 13 96 2003 1902 2004
2741 2 2 13 96 2882 2883 2884
2742 2 2 13 96 109 110 3024
2743 2 2 13 96 1137 912 1138
2744 2 2 13 96 415 414 416
2745 2 2 13 96 958 952 3306
2746 2 2 13 96 200 2912 2913
2747 2 2 13 96 2257 3246 3247
2748 2 2 13 96 660 661 662
2749 2 2 13 96 2726 1230 3836
2750 2 2 13 96 1992 3002 3445
2751 2 2 13 96 3198 215 3703
2752 2 2 13 96 3058 1177 3233
2753 2 2 13 96 3088 1233 3117
2754 2 2 13 96 2415 2004 2892
2755 2 2 13 96 2155 1543 2922
2756 2 2 13 96 717 790 791
2757 2 2 13 96 1849 3181 3187
2758 2 2 13 96 951 959 3417
2759 2 2 13 96 1955 2813 3045
2760 2 2 13 96 2135 15 4198
2761 2 2 13 96 1863 1864 3051
2762 2 2 13 96 2884 2885 2886
2763 2 2 13 96 1440 1441 1442
2764 2 2 13 96 1261 1263 1271
2765 2 2 13 96 2222 969 2479
2766 2 2 13 96 2037 1547 2962
2767 2 2 13 96 1493 2824 2825
2768 2 2 13 96 2009 2008 2010
2769 2 2 13 96 894 1306 3214
2770 2 2 13 96 885 870 2953
2771 2 2 13 96 2004 2006 2892
2772 2 2 13 96 1951 1949 2957
2773 2 2 13 96 1551 1550 3142
2774 2 2 13 96 575 573 631
2775 2 2 13 96 1123 1354 3194
2776 2 2 13 96 920 919 1093
2777 2 2 13 96 1545 1547 2037
2778 2 2 13 96 817 816 838
2779 2 2 13 96 838 816 2860
2780 2 2 13 96 1696 1393 1697
2781 2 2 13 96 2210 2146 2211
2782 2 2 13 96 2449 2003 2866
2783 2 2 13 96 2397 2025 2410
2784 2 2 13 96 1901 1551 1902
2785 2 2 13 96 2913 2912 2932
2786 2 2 13 96 2024 1697 2025
2787 2 2 13 96 2155 2922 2923
2788 2 2 13 96 2759 2758 3128
2789 2 2 13 96 443 445 1422
2790 2 2 13 96 2185 2278 4028
2791 2 2 13 96 979 988 992
2792 2 2 13 96 201 88 2969
2793 2 2 13 96 2467 2466 2468
2794 2 2 13 96 2972 2171 2976
2795 2 2 13 96 1535 1543 2155
2796 2 2 13 96 3159 833 4109
2797 2 2 13 96 653 624 654
2798 2 2 13 96 2844 2637 2845
2799 2 2 13 96 3376 2351 3847
2800 2 2 13 96 2158 1760 2159
2801 2 2 13 96 977 979 2686
2802 2 2 13 96 3542 3015 3737
2803 2 2 13 96 2309 3232 3794
2804 2 2 13 96 1020 1018 3252
2805 2 2 13 96 2886 2887 2888
2806 2 2 13 96 2771 2770 3006
2807 2 2 13 96 3068 3071 3074
2808 2 2 13 96 3181 2536 3187
2809 2 2 13 96 17 1710 3145
2810 2 2 13 96 3376 3847 4280
2811 2 2 13 96 237 107 3020
2812 2 2 13 96 1771 1772 1773
2813 2 2 13 96 2293 3134 4175
2814 2 2 13 96 807 770 3033
2815 2 2 13 96 573 571 2943
2816 2 2 13 96 1542 1492 2258
2817 2 2 13 96 222 90 3039
2818 2 2 13 96 312 311 313
2819 2 2 13 96 2554 2171 2972
2820 2 2 13 96 1013 1012 1014
2821 2 2 13 96 331 366 1940
2822 2 2 13 96 2830 226 4312
2823 2 2 13 96 2584 1323 4332
2824 2 2 13 96 1655 1376 2047
2825 2 2 13 96 1502 1270 3120
2826 2 2 13 96 2367 2143 2715
2827 2 2 13 96 2685 977 2686
2828 2 2 13 96 1707 2198 2273
2829 2 2 13 96 918 921 3207
2830 2 2 13 96 904 2778 3910
2831 2 2 13 96 2546 2211 2547
2832 2 2 13 96 2233 2225 3784
2833 2 2 13 96 1239 3614 3875
2834 2 2 13 96 87 88 201
2835 2 2 13 96 2125 1612 3338
2836 2 2 13 96 2067 1714 3093
2837 2 2 13 96 2807 1979 3634
2838 2 2 13 96 85 86 223
2839 2 2 13 96 83 84 199
2840 2 2 13 96 135 136 200
2841 2 2 13 96 922 920 2795
2842 2 2 13 96 137 138 224
2843 2 2 13 96 139 140 198
2844 2 2 13 96 2610 306 4274
2845 2 2 13 96 2709 2029 3026
2846 2 2 13 96 2987 2988 2989
2847 2 2 13 96 2876 1606 2891
2848 2 2 13 96 280 281 2941
2849 2 2 13 96 2421 1643 3526
2850 2 2 13 96 1870 1871 2103
2851 2 2 13 96 2862 2863 2951
2852 2 2 13 96 1231 302 3654
2853 2 2 13 96 3077 3078 3402
2854 2 2 13 96 1999 2278 2344
2855 2 2 13 96 3020 3021 3027
2856 2 2 13 96 1768 1970 1971
2857 2 2 13 96 1337 1600 3012
2858 2 2 13 96 818 3140 3141
2859 2 2 13 96 2931 1325 4131
2860 2 2 13 96 3112 1920 3684
2861 2 2 13 96 974 973 975
2862 2 2 13 96 1475 1476 1477
2863 2 2 13 96 1942 1943 2360
2864 2 2 13 96 2636 2250 2637
2865 2 2 13 96 3004 2231 3261
2866 2 2 13 96 2159 2877 2890
2867 2 2 13 96 2743 1436 3121
2868 2 2 13 96 1372 1374 3320
2869 2 2 13 96 1638 1639 1640
2870 2 2 13 96 1813 1955 3045
2871 2 2 13 96 3629 1924 3825
2872 2 2 13 96 2026 2832 4263
2873 2 2 13 96 368 2869 3062
2874 2 2 13 96 81 82 227
2875 2 2 13 96 870 868 1980
2876 2 2 13 96 861 1894 2722
2877 2 2 13 96 3217 1934 3588
2878 2 2 13 96 141 142 225
2879 2 2 13 96 928 926 929
2880 2 2 13 96 2276 2040 2657
2881 2 2 13 96 1600 2282 3012
2882 2 2 13 96 447 449 481
2883 2 2 13 96 1376 1373 3225
2884 2 2 13 96 2845 2846 2847
2885 2 2 13 96 3712 3737 4228
2886 2 2 13 96 1898 1701 2061
2887 2 2 13 96 842 3075 3317
2888 2 2 13 96 2009 2011 2307
2889 2 2 13 96 196 144 2980
2890 2 2 13 96 1755 1756 2000
2891 2 2 13 96 2901 2900 3050
2892 2 2 13 96 623 617 1673
2893 2 2 13 96 458 456 1302
2894 2 2 13 96 2860 816 2861
2895 2 2 13 96 617 611 3158
2896 2 2 13 96 2459 3363 3809
2897 2 2 13 96 890 885 1435
2898 2 2 13 96 1535 1536 1543
2899 2 2 13 96 516 512 4236
2900 2 2 13 96 844 807 1967
2901 2 2 13 96 1199 2279 2653
2902 2 2 13 96 1078 1002 2687
2903 2 2 13 96 3099 3097 3100
2904 2 2 13 96 1061 1059 1096
2905 2 2 13 96 803 697 3666
2906 2 2 13 96 2715 1294 3724
2907 2 2 13 96 302 299 3654
2908 2 2 13 96 2761 2049 2967
2909 2 2 13 96 2600 2601 3371
2910 2 2 13 96 630 626 3220
2911 2 2 13 96 3091 2938 4177
2912 2 2 13 96 571 569 1179
2913 2 2 13 96 2045 1344 3213
2914 2 2 13 96 208 56 2979
2915 2 2 13 96 597 2070 3173
2916 2 2 13 96 79 80 197
2917 2 2 13 96 1392 1127 1393
2918 2 2 13 96 143 144 196
2919 2 2 13 96 1460 1493 3266
2920 2 2 13 96 1524 1356 2614
2921 2 2 13 96 2867 598 3347
2922 2 2 13 96 1864 1867 3051
2923 2 2 13 96 2000 2001 2977
2924 2 2 13 96 2234 2502 3111
2925 2 2 13 96 1320 894 3214
2926 2 2 13 96 1202 1528 2966
2927 2 2 13 96 1493 2826 3266
2928 2 2 13 96 2870 430 3435
2929 2 2 13 96 2827 2948 3028
2930 2 2 13 96 2013 2021 2176
2931 2 2 13 96 3207 1293 3401
2932 2 2 13 96 2099 1743 3081
2933 2 2 13 96 1271 2858 4025
2934 2 2 13 96 2717 1788 3442
2935 2 2 13 96 2601 1880 2602
2936 2 2 13 96 833 3302 4109
2937 2 2 13 96 482 384 2806
2938 2 2 13 96 371 1308 3409
2939 2 2 13 96 3096 3097 3099
2940 2 2 13 96 3042 2934 3043
2941 2 2 13 96 791 822 823
2942 2 2 13 96 2022 2913 4270
2943 2 2 13 96 1919 2660 3205
2944 2 2 13 96 2237 1985 2371
2945 2 2 13 96 2567 2794 3237
2946 2 2 13 96 2900 2898 3050
2947 2 2 13 96 1784 2421 2506
2948 2 2 13 96 3359 2279 3655
2949 2 2 13 96 268 267 269
2950 2 2 13 96 1543 1544 1545
2951 2 2 13 96 1959 1960 2253
2952 2 2 13 96 921 1293 3207
2953 2 2 13 96 2244 2248 2961
2954 2 2 13 96 2036 1806 2488
2955 2 2 13 96 2003 2415 2866
2956 2 2 13 96 815 799 2144
2957 2 2 13 96 2161 2000 2196
2958 2 2 13 96 278 277 279
2959 2 2 13 96 310 312 3139
2960 2 2 13 96 2636 2637 2844
2961 2 2 13 96 2124 18 2441
2962 2 2 13 96 3401 2314 3595
2963 2 2 13 96 976 977 2685
2964 2 2 13 96 2177 3131 3212
2965 2 2 13 96 439 441 443
2966 2 2 13 96 952 953 954
2967 2 2 13 96 2485 2410 2710
2968 2 2 13 96 1890 1833 1891
2969 2 2 13 96 1901 2003 2449
2970 2 2 13 96 655 654 656
2971 2 2 13 96 658 656 3192
2972 2 2 13 96 1867 3029 3051
2973 2 2 13 96 1087 1129 1130
2974 2 2 13 96 935 943 2543
2975 2 2 13 96 1468 1743 1744
2976 2 2 13 96 729 666 3648
2977 2 2 13 96 2001 2044 2793
2978 2 2 13 96 825 855 3299
2979 2 2 13 96 3133 2150 4290
2980 2 2 13 96 276 275 277
2981 2 2 13 96 954 955 956
2982 2 2 13 96 2248 2249 2250
2983 2 2 13 96 321 319 3171
2984 2 2 13 96 631 2944 2945
2985 2 2 13 96 937 936 939
2986 2 2 13 96 868 829 3110
2987 2 2 13 96 468 467 469
2988 2 2 13 96 1067 985 2500
2989 2 2 13 96 1529 2684 3694
2990 2 2 13 96 2664 2663 4112
2991 2 2 13 96 1600 2042 2282
2992 2 2 13 96 3071 3070 3072
2993 2 2 13 96 1566 1452 1909
2994 2 2 13 96 1528 1754 1755
2995 2 2 13 96 3534 2675 3745
2996 2 2 13 96 77 226 3061
2997 2 2 13 96 1719 2605 3779
2998 2 2 13 96 1469 1470 1503
2999 2 2 13 96 2242 2244 2961
3000 2 2 13 96 1127 891 2831
3001 2 2 13 96 470 469 472
3002 2 2 13 96 884 2722 4062
3003 2 2 13 96 2517 491 3381
3004 2 2 13 96 1913 2740 2741
3005 2 2 13 96 424 1359 3388
3006 2 2 13 96 771 3005 3251
3007 2 2 13 96 2925 2926 3406
3008 2 2 13 96 1026 1027 1028
3009 2 2 13 96 2250 2430 3016
3010 2 2 13 96 473 472 477
3011 2 2 13 96 211 132 3040
3012 2 2 13 96 3067 3064 3068
3013 2 2 13 96 1789 1790 3138
3014 2 2 13 96 1760 1471 2874
3015 2 2 13 96 3067 3068 3074
3016 2 2 13 96 1273 1270 1502
3017 2 2 13 96 2702 1457 3920
3018 2 2 13 96 2153 836 3775
3019 2 2 13 96 1224 1583 1584
3020 2 2 13 96 224 2915 3641
3021 2 2 13 96 2235 2234 2835
3022 2 2 13 96 1867 1869 3029
3023 2 2 13 96 1859 2376 3939
3024 2 2 13 96 2204 3048 3778
3025 2 2 13 96 3046 3045 3476
3026 2 2 13 96 1545 1546 1547
3027 2 2 13 96 1956 2745 3032
3028 2 2 13 96 2708 247 4055
3029 2 2 13 96 2849 998 3680
3030 2 2 13 96 2842 2103 4078
3031 2 2 13 96 3068 3070 3071
3032 2 2 13 96 414 484 2872
3033 2 2 13 96 845 3047 3048
3034 2 2 13 96 1353 1122 3196
3035 2 2 13 96 1715 1620 3217
3036 2 2 13 96 2718 3698 4049
3037 2 2 13 96 1172 1120 1606
3038 2 2 13 96 1786 2284 2489
3039 2 2 13 96 483 339 4099
3040 2 2 13 96 274 273 275
3041 2 2 13 96 3020 194 3021
3042 2 2 13 96 2260 2067 3093
3043 2 2 13 96 1011 1012 1013
3044 2 2 13 96 2909 1712 4106
3045 2 2 13 96 1292 757 3426
3046 2 2 13 96 1342 1341 3053
3047 2 2 13 96 2379 1915 2434
3048 2 2 13 96 2259 2067 2260
3049 2 2 13 96 2542 2517 3381
3050 2 2 13 96 650 643 3083
3051 2 2 13 96 2463 3756 3762
3052 2 2 13 96 1739 2182 2184
3053 2 2 13 96 2248 2250 2636
3054 2 2 13 96 1955 2128 2396
3055 2 2 13 96 2157 1760 2158
3056 2 2 13 96 2014 2015 2016
3057 2 2 13 96 2683 1766 3328
3058 2 2 13 96 2658 2158 2659
3059 2 2 13 96 940 939 941
3060 2 2 13 96 745 743 795
3061 2 2 13 96 634 2897 2898
3062 2 2 13 96 1220 3326 3942
3063 2 2 13 96 210 92 3122
3064 2 2 13 96 554 552 618
3065 2 2 13 96 1064 986 2785
3066 2 2 13 96 1813 1814 1955
3067 2 2 13 96 2244 2246 2248
3068 2 2 13 96 3252 1022 3366
3069 2 2 13 96 358 2074 4082
3070 2 2 13 96 280 279 281
3071 2 2 13 96 216 3096 3099
3072 2 2 13 96 445 447 2868
3073 2 2 13 96 3291 2114 3315
3074 2 2 13 96 2973 2974 3894
3075 2 2 13 96 1580 1040 2940
3076 2 2 13 96 537 536 538
3077 2 2 13 96 2196 2000 2977
3078 2 2 13 96 3073 3069 4023
3079 2 2 13 96 2144 2984 2985
3080 2 2 13 96 1252 500 1253
3081 2 2 13 96 330 331 2700
3082 2 2 13 96 2487 3088 4248
3083 2 2 13 96 4071 46 4229
3084 2 2 13 96 1601 2052 2053
3085 2 2 13 96 1111 1062 1112
3086 2 2 13 96 2032 3064 3067
3087 2 2 13 96 1744 2099 2100
3088 2 2 13 96 1352 1604 1684
3089 2 2 13 96 845 763 3047
3090 2 2 13 96 2880 2878 3940
3091 2 2 13 96 823 850 851
3092 2 2 13 96 773 1178 3005
3093 2 2 13 96 328 332 3009
3094 2 2 13 96 575 631 2947
3095 2 2 13 96 2000 1756 2001
3096 2 2 13 96 2884 2886 3332
3097 2 2 13 96 640 633 816
3098 2 2 13 96 108 194 3020
3099 2 2 13 96 1251 1390 1535
3100 2 2 13 96 2733 2744 4096
3101 2 2 13 96 1945 3036 3731
3102 2 2 13 96 891 1157 2831
3103 2 2 13 96 2845 2637 2846
3104 2 2 13 96 3077 2641 3078
3105 2 2 13 96 819 1199 3140
3106 2 2 13 96 959 960 961
3107 2 2 13 96 1281 1278 3212
3108 2 2 13 96 1037 1039 2940
3109 2 2 13 96 355 354 356
3110 2 2 13 96 2814 2177 3212
3111 2 2 13 96 502 501 1370
3112 2 2 13 96 86 87 2904
3113 2 2 13 96 84 85 2905
3114 2 2 13 96 2514 2784 3851
3115 2 2 13 96 2178 2815 2816
3116 2 2 13 96 1883 1612 2125
3117 2 2 13 96 136 137 2911
3118 2 2 13 96 1755 2000 2161
3119 2 2 13 96 114 115 195
3120 2 2 13 96 111 112 212
3121 2 2 13 96 108 109 194
3122 2 2 13 96 138 139 2915
3123 2 2 13 96 2597 2360 3095
3124 2 2 13 96 2016 2018 2019
3125 2 2 13 96 2066 2068 3275
3126 2 2 13 96 1755 1754 1756
3127 2 2 13 96 1170 1109 2628
3128 2 2 13 96 447 448 449
3129 2 2 13 96 763 721 3047
3130 2 2 13 96 1448 1446 1678
3131 2 2 13 96 286 285 287
3132 2 2 13 96 942 941 944
3133 2 2 13 96 548 634 2900
3134 2 2 13 96 786 839 3135
3135 2 2 13 96 3351 363 3352
3136 2 2 13 96 466 465 467
3137 2 2 13 96 2100 2433 2565
3138 2 2 13 96 2776 694 4302
3139 2 2 13 96 2506 2109 3994
3140 2 2 13 96 799 765 2984
3141 2 2 13 96 1503 1504 1505
3142 2 2 13 96 657 656 658
3143 2 2 13 96 2053 2054 2055
3144 2 2 13 96 1455 1454 1813
3145 2 2 13 96 3072 777 4073
3146 2 2 13 96 1249 1251 3042
3147 2 2 13 96 2032 3067 3214
3148 2 2 13 96 1414 493 1415
3149 2 2 13 96 1814 1454 3131
3150 2 2 13 96 1506 1498 1507
3151 2 2 13 96 2673 2679 2713
3152 2 2 13 96 986 2492 4307
3153 2 2 13 96 3186 3188 3833
3154 2 2 13 96 2769 2770 2771
3155 2 2 13 96 974 983 4196
3156 2 2 13 96 1457 2702 3981
3157 2 2 13 96 3068 3069 3070
3158 2 2 13 96 1547 1548 1549
3159 2 2 13 96 2502 2623 4009
3160 2 2 13 96 1620 1442 3217
3161 2 2 13 96 1955 1814 2128
3162 2 2 13 96 89 90 222
3163 2 2 13 96 749 747 1173
3164 2 2 13 96 2098 2520 3231
3165 2 2 13 96 133 134 232
3166 2 2 13 96 2302 2726 3836
3167 2 2 13 96 1813 1454 1814
3168 2 2 13 96 715 650 3083
3169 2 2 13 96 2847 2846 2848
3170 2 2 13 96 434 435 436
3171 2 2 13 96 2261 2260 2262
3172 2 2 13 96 3101 3098 3102
3173 2 2 13 96 1259 3636 3860
3174 2 2 13 96 2048 2049 2050
3175 2 2 13 96 433 2762 4134
3176 2 2 13 96 1674 1210 3293
3177 2 2 13 96 1505 1807 1808
3178 2 2 13 96 2032 3063 3064
3179 2 2 13 96 1684 1704 2063
3180 2 2 13 96 3097 3098 3101
3181 2 2 13 96 2093 1228 3350
3182 2 2 13 96 228 146 2999
3183 2 2 13 96 2989 2988 3143
3184 2 2 13 96 56 57 2979
3185 2 2 13 96 1251 1535 3042
3186 2 2 13 96 3018 236 3168
3187 2 2 13 96 116 236 3018
3188 2 2 13 96 1678 1446 3311
3189 2 2 13 96 531 532 533
3190 2 2 13 96 1508 1507 1509
3191 2 2 13 96 1797 1428 1933
3192 2 2 13 96 52 53 3769
3193 2 2 13 96 1293 2701 3401
3194 2 2 13 96 1939 436 2798
3195 2 2 13 96 1869 2165 2424
3196 2 2 13 96 2177 1814 3131
3197 2 2 13 96 377 486 488
3198 2 2 13 96 3167 2045 3213
3199 2 2 13 96 1758 1471 1760
3200 2 2 13 96 2248 2246 2249
3201 2 2 13 96 2577 3130 3712
3202 2 2 13 96 3182 2059 3267
3203 2 2 13 96 3671 3625 4266
3204 2 2 13 96 1888 715 3083
3205 2 2 13 96 2981 228 2998
3206 2 2 13 96 3084 2628 3889
3207 2 2 13 96 1549 1550 1551
3208 2 2 13 96 1532 1789 2043
3209 2 2 13 96 380 376 4299
3210 2 2 13 96 459 461 464
3211 2 2 13 96 758 759 760
3212 2 2 13 96 2250 2249 2430
3213 2 2 13 96 664 2843 3648
3214 2 2 13 96 133 232 3040
3215 2 2 13 96 211 3566 3959
3216 2 2 13 96 2816 2815 2817
3217 2 2 13 96 2161 2196 2618
3218 2 2 13 96 2196 2977 3116
3219 2 2 13 96 674 672 751
3220 2 2 13 96 3025 2134 4000
3221 2 2 13 96 290 289 291
3222 2 2 13 96 1946 1570 2263
3223 2 2 13 96 1880 383 2603
3224 2 2 13 96 284 283 285
3225 2 2 13 96 465 460 3365
3226 2 2 13 96 2004 2005 2006
3227 2 2 13 96 2082 3569 3746
3228 2 2 13 96 1286 1283 1454
3229 2 2 13 96 840 1956 3240
3230 2 2 13 96 2040 2465 2657
3231 2 2 13 96 3473 2599 3924
3232 2 2 13 96 315 1142 1942
3233 2 2 13 96 2882 2881 2883
3234 2 2 13 96 2909 2511 3616
3235 2 2 13 96 1790 1793 3138
3236 2 2 13 96 2285 2950 3840
3237 2 2 13 96 3396 2104 4163
3238 2 2 13 96 2906 223 3555
3239 2 2 13 96 3174 2888 3175
3240 2 2 13 96 1940 3062 3278
3241 2 2 13 96 1015 1014 1016
3242 2 2 13 96 1056 1055 1057
3243 2 2 13 96 760 785 786
3244 2 2 13 96 540 538 3452
3245 2 2 13 96 1841 1813 3045
3246 2 2 13 96 481 2837 2838
3247 2 2 13 96 892 838 2860
3248 2 2 13 96 1816 3361 3376
3249 2 2 13 96 2159 1760 2874
3250 2 2 13 96 77 78 226
3251 2 2 13 96 2225 3334 3784
3252 2 2 13 96 145 146 228
3253 2 2 13 96 349 351 3574
3254 2 2 13 96 745 795 2991
3255 2 2 13 96 529 530 531
3256 2 2 13 96 1808 2145 2146
3257 2 2 13 96 1570 1342 3053
3258 2 2 13 96 1576 1723 2032
3259 2 2 13 96 721 715 1888
3260 2 2 13 96 1139 1138 1140
3261 2 2 13 96 525 1786 2823
3262 2 2 13 96 3021 3022 3023
3263 2 2 13 96 2507 1128 2643
3264 2 2 13 96 3021 194 3022
3265 2 2 13 96 65 245 3107
3266 2 2 13 96 3088 3761 4248
3267 2 2 13 96 2282 2042 2723
3268 2 2 13 96 2006 2007 2008
3269 2 2 13 96 3704 2301 4332
3270 2 2 13 96 328 327 329
3271 2 2 13 96 2455 2262 2522
3272 2 2 13 96 2247 2641 3077
3273 2 2 13 96 588 581 624
3274 2 2 13 96 292 291 293
3275 2 2 13 96 1963 2242 3318
3276 2 2 13 96 2263 1570 3053
3277 2 2 13 96 333 330 2700
3278 2 2 13 96 935 934 936
3279 2 2 13 96 624 581 3261
3280 2 2 13 96 1960 1898 2925
3281 2 2 13 96 1946 2263 2385
3282 2 2 13 96 454 452 479
3283 2 2 13 96 2565 2433 3057
3284 2 2 13 96 913 1395 3201
3285 2 2 13 96 1444 1934 3217
3286 2 2 13 96 239 3165 4091
3287 2 2 13 96 985 1063 2500
3288 2 2 13 96 984 976 2685
3289 2 2 13 96 1469 1503 3458
3290 2 2 13 96 2864 3158 3159
3291 2 2 13 96 1310 1309 1311
3292 2 2 13 96 2144 799 2984
3293 2 2 13 96 2055 2534 4242
3294 2 2 13 96 3995 1840 4171
3295 2 2 13 96 3451 2737 3688
3296 2 2 13 96 1793 1932 2599
3297 2 2 13 96 436 438 439
3298 2 2 13 96 88 89 2969
3299 2 2 13 96 1955 2396 2813
3300 2 2 13 96 3809 1466 4271
3301 2 2 13 96 91 210 3039
3302 2 2 13 96 2070 595 3276
3303 2 2 13 96 4104 2499 4142
3304 2 2 13 96 664 662 2843
3305 2 2 13 96 60 61 3038
3306 2 2 13 96 458 1302 3365
3307 2 2 13 96 1058 1060 3263
3308 2 2 13 96 231 94 3124
3309 2 2 13 96 2317 2319 3003
3310 2 2 13 96 1006 1007 1008
3311 2 2 13 96 2279 2280 3655
3312 2 2 13 96 750 2813 3579
3313 2 2 13 96 3123 3124 3125
3314 2 2 13 96 1141 1140 1148
3315 2 2 13 96 3096 230 3097
3316 2 2 13 96 1558 1344 2045
3317 2 2 13 96 1339 1698 1941
3318 2 2 13 96 362 371 3409
3319 2 2 13 96 2987 2989 2990
3320 2 2 13 96 2138 2549 3058
3321 2 2 13 96 2513 2514 3909
3322 2 2 13 96 439 440 441
3323 2 2 13 96 2317 3003 4094
3324 2 2 13 96 786 812 813
3325 2 2 13 96 1971 1972 1974
3326 2 2 13 96 194 109 3024
3327 2 2 13 96 1535 1390 1536
3328 2 2 13 96 2083 1615 2635
3329 2 2 13 96 804 799 815
3330 2 2 13 96 1662 1954 3224
3331 2 2 13 96 1355 1134 3242
3332 2 2 13 96 1004 1005 1006
3333 2 2 13 96 1713 2312 3563
3334 2 2 13 96 1550 1553 3142
3335 2 2 13 96 1071 1088 1089
3336 2 2 13 96 3342 1361 3343
3337 2 2 13 96 931 929 932
3338 2 2 13 96 3106 245 4084
3339 2 2 13 96 1461 1459 1803
3340 2 2 13 96 533 534 535
3341 2 2 13 96 272 271 273
3342 2 2 13 96 2719 3351 3352
3343 2 2 13 96 3125 242 4262
3344 2 2 13 96 1392 1393 1696
3345 2 2 13 96 1543 1536 1544
3346 2 2 13 96 447 446 448
3347 2 2 13 96 3152 3153 3154
3348 2 2 13 96 1677 2138 3233
3349 2 2 13 96 144 145 2980
3350 2 2 13 96 707 725 758
3351 2 2 13 96 2725 3182 3267
3352 2 2 13 96 118 206 3089
3353 2 2 13 96 1455 1813 1841
3354 2 2 13 96 115 116 3018
3355 2 2 13 96 859 891 1127
3356 2 2 13 96 3186 1849 3187
3357 2 2 13 96 3120 1267 3685
3358 2 2 13 96 2884 2883 2885
3359 2 2 13 96 3097 230 3098
3360 2 2 13 96 1286 1454 1455
3361 2 2 13 96 2469 3785 4161
3362 2 2 13 96 2604 1870 3464
3363 2 2 13 96 1510 1509 1511
3364 2 2 13 96 3136 229 3137
3365 2 2 13 96 2839 1020 3252
3366 2 2 13 96 61 216 3038
3367 2 2 13 96 3068 3064 3069
3368 2 2 13 96 797 763 845
3369 2 2 13 96 1011 1013 1333
3370 2 2 13 96 94 95 3124
3371 2 2 13 96 1283 1281 3131
3372 2 2 13 96 2552 2171 2554
3373 2 2 13 96 1540 1353 3196
3374 2 2 13 96 1163 4015 4250
3375 2 2 13 96 216 62 3096
3376 2 2 13 96 659 658 660
3377 2 2 13 96 116 117 236
3378 2 2 13 96 106 107 237
3379 2 2 13 96 817 838 859
3380 2 2 13 96 1351 3010 4008
3381 2 2 13 96 1202 1527 1528
3382 2 2 13 96 270 269 271
3383 2 2 13 96 1671 1669 1935
3384 2 2 13 96 668 729 3708
3385 2 2 13 96 131 211 3108
3386 2 2 13 96 1884 180 1885
3387 2 2 13 96 2085 3194 3195
3388 2 2 13 96 2130 3439 3688
3389 2 2 13 96 1860 1425 3771
3390 2 2 13 96 3074 3071 3189
3391 2 2 13 96 916 918 3207
3392 2 2 13 96 90 91 3039
3393 2 2 13 96 1980 868 3110
3394 2 2 13 96 967 966 968
3395 2 2 13 96 747 745 2991
3396 2 2 13 96 2155 2923 2934
3397 2 2 13 96 1345 1268 1346
3398 2 2 13 96 3864 2887 4181
3399 2 2 13 96 1308 373 1309
3400 2 2 13 96 508 506 2513
3401 2 2 13 96 3348 562 3499
3402 2 2 13 96 2688 2687 2689
3403 2 2 13 96 788 765 799
3404 2 2 13 96 2911 224 3200
3405 2 2 13 96 1966 1965 2400
3406 2 2 13 96 205 76 3061
3407 2 2 13 96 2058 2194 2414
3408 2 2 13 96 773 775 1178
3409 2 2 13 96 1793 2599 3138
3410 2 2 13 96 2500 1063 3036
3411 2 2 13 96 3103 3098 3107
3412 2 2 13 96 2849 2763 3631
3413 2 2 13 96 1170 2628 3084
3414 2 2 13 96 1096 2819 3522
3415 2 2 13 96 933 932 934
3416 2 2 13 96 341 340 342
3417 2 2 13 96 1017 1016 1018
3418 2 2 13 96 640 816 817
3419 2 2 13 96 2129 2125 2130
3420 2 2 13 96 2032 1723 3063
3421 2 2 13 96 771 773 3005
3422 2 2 13 96 2148 1319 3341
3423 2 2 13 96 840 841 1956
3424 2 2 13 96 492 483 493
3425 2 2 13 96 1002 1003 1004
3426 2 2 13 96 2293 2292 2294
3427 2 2 13 96 236 117 3089
3428 2 2 13 96 1650 1705 2149
3429 2 2 13 96 3100 3097 3101
3430 2 2 13 96 1800 3714 3941
3431 2 2 13 96 1696 1697 2024
3432 2 2 13 96 2831 1157 3286
3433 2 2 13 96 1987 2648 2851
3434 2 2 13 96 2886 2885 2887
3435 2 2 13 96 397 395 3221
3436 2 2 13 96 1805 3453 3930
3437 2 2 13 96 2142 2141 2143
3438 2 2 13 96 2024 2025 2397
3439 2 2 13 96 2985 2984 2986
3440 2 2 13 96 1553 1845 1846
3441 2 2 13 96 1558 2045 2527
3442 2 2 13 96 1253 1255 2950
3443 2 2 13 96 1841 3045 3046
3444 2 2 13 96 64 65 3107
3445 2 2 13 96 552 550 2901
3446 2 2 13 96 1212 1210 1674
3447 2 2 13 96 3063 1876 3065
3448 2 2 13 96 3459 2679 4315
3449 2 2 13 96 76 77 3061
3450 2 2 13 96 1655 2047 2048
3451 2 2 13 96 1545 1544 1546
3452 2 2 13 96 3885 2126 4273
3453 2 2 13 96 107 108 3020
3454 2 2 13 96 1716 676 3190
3455 2 2 13 96 2755 1121 3391
3456 2 2 13 96 2319 2321 2323
3457 2 2 13 96 3186 3187 3188
3458 2 2 13 96 2871 2822 4287
3459 2 2 13 96 3494 2053 3636
3460 2 2 13 96 1917 1681 2359
3461 2 2 13 96 2886 2888 3174
3462 2 2 13 96 2116 2649 2650
3463 2 2 13 96 1849 1573 3181
3464 2 2 13 96 1941 2040 2276
3465 2 2 13 96 3085 1983 3086
3466 2 2 13 96 1559 3982 3983
3467 2 2 13 96 1306 1576 3214
3468 2 2 13 96 779 1202 3202
3469 2 2 13 96 1303 3963 4118
3470 2 2 13 96 2834 2243 3553
3471 2 2 13 96 969 968 970
3472 2 2 13 96 1293 923 2539
3473 2 2 13 96 3070 3069 3073
3474 2 2 13 96 3150 3149 3151
3475 2 2 13 96 2721 199 4070
3476 2 2 13 96 1040 1037 2940
3477 2 2 13 96 1803 1459 3266
3478 2 2 13 96 3606 3246 3775
3479 2 2 13 96 2157 2158 2658
3480 2 2 13 96 2164 2583 3797
3481 2 2 13 96 1905 1540 2141
3482 2 2 13 96 2061 1701 2928
3483 2 2 13 96 1469 1158 1470
3484 2 2 13 96 535 536 537
3485 2 2 13 96 2910 2099 3081
3486 2 2 13 96 1323 1355 4332
3487 2 2 13 96 124 125 3153
3488 2 2 13 96 217 3149 3150
3489 2 2 13 96 1528 1753 1754
3490 2 2 13 96 1217 1215 1277
3491 2 2 13 96 253 221 2203
3492 2 2 13 96 2087 2714 3434
3493 2 2 13 96 1758 1760 2157
3494 2 2 13 96 453 455 475
3495 2 2 13 96 1468 1744 3286
3496 2 2 13 96 3185 1849 3186
3497 2 2 13 96 3060 2499 4104
3498 2 2 13 96 1623 1620 1715
3499 2 2 13 96 1723 1876 3063
3500 2 2 13 96 1667 1664 1672
3501 2 2 13 96 2128 2177 2178
3502 2 2 13 96 588 624 653
3503 2 2 13 96 1521 1519 2082
3504 2 2 13 96 3639 1229 3817
3505 2 2 13 96 41 215 3198
3506 2 2 13 96 41 42 215
3507 2 2 13 96 61 62 216
3508 2 2 13 96 125 243 3153
3509 2 2 13 96 3083 3291 3315
3510 2 2 13 96 3163 239 3888
3511 2 2 13 96 2297 2296 2298
3512 2 2 13 96 4094 3003 4245
3513 2 2 13 96 779 781 1202
3514 2 2 13 96 3693 751 3863
3515 2 2 13 96 2416 2591 3545
3516 2 2 13 96 2242 2243 2244
3517 2 2 13 96 1027 2839 3118
3518 2 2 13 96 1199 2653 3140
3519 2 2 13 96 1558 2527 3126
3520 2 2 13 96 2086 1834 3034
3521 2 2 13 96 661 658 3192
3522 2 2 13 96 91 92 210
3523 2 2 13 96 461 462 463
3524 2 2 13 96 131 132 211
3525 2 2 13 96 684 646 1679
3526 2 2 13 96 866 2085 3390
3527 2 2 13 96 1987 2851 3916
3528 2 2 13 96 883 884 1133
3529 2 2 13 96 3463 1840 3498
3530 2 2 13 96 1963 2241 2242
3531 2 2 13 96 1282 1281 1283
3532 2 2 13 96 3019 3018 3168
3533 2 2 13 96 132 133 3040
3534 2 2 13 96 1348 2774 4190
3535 2 2 13 96 3272 3046 3472
3536 2 2 13 96 3153 243 3154
3537 2 2 13 96 378 374 2804
3538 2 2 13 96 2619 2620 4079
3539 2 2 13 96 1444 1889 1914
3540 2 2 13 96 1553 1846 3142
3541 2 2 13 96 2244 2245 2246
3542 2 2 13 96 1512 1511 1513
3543 2 2 13 96 3163 3164 3165
3544 2 2 13 96 692 690 1189
3545 2 2 13 96 2366 2143 2367
3546 2 2 13 96 1594 4226 4289
3547 2 2 13 96 2149 2188 3533
3548 2 2 13 96 2001 2002 2044
3549 2 2 13 96 2462 2463 3762
3550 2 2 13 96 735 734 736
3551 2 2 13 96 949 951 3417
3552 2 2 13 96 642 649 1537
3553 2 2 13 96 1667 1672 3236
3554 2 2 13 96 3102 3104 3105
3555 2 2 13 96 1662 1660 1954
3556 2 2 13 96 63 230 3096
3557 2 2 13 96 375 325 376
3558 2 2 13 96 17 170 1710
3559 2 2 13 96 1454 1283 3131
3560 2 2 13 96 699 682 703
3561 2 2 13 96 233 130 3108
3562 2 2 13 96 2178 2814 2815
3563 2 2 13 96 75 205 3132
3564 2 2 13 96 392 394 1188
3565 2 2 13 96 448 446 478
3566 2 2 13 96 196 2980 3547
3567 2 2 13 96 48 49 3949
3568 2 2 13 96 1280 1278 1281
3569 2 2 13 96 92 93 3122
3570 2 2 13 96 2323 2324 2325
3571 2 2 13 96 3151 240 3152
3572 2 2 13 96 238 3156 3901
3573 2 2 13 96 733 723 734
3574 2 2 13 96 3345 876 3789
3575 2 2 13 96 3108 211 3959
3576 2 2 13 96 1082 991 1083
3577 2 2 13 96 2216 873 3394
3578 2 2 13 96 1333 1013 3257
3579 2 2 13 96 1972 3334 4210
3580 2 2 13 96 106 237 3262
3581 2 2 13 96 2864 1673 3158
3582 2 2 13 96 646 630 3220
3583 2 2 13 96 2138 2139 2549
3584 2 2 13 96 1721 1608 1965
3585 2 2 13 96 2170 1804 2171
3586 2 2 13 96 2014 2012 2015
3587 2 2 13 96 1958 1829 3383
3588 2 2 13 96 2397 2410 2485
3589 2 2 13 96 678 676 1716
3590 2 2 13 96 2716 2718 2852
3591 2 2 13 96 1863 3052 3194
3592 2 2 13 96 848 835 906
3593 2 2 13 96 3163 3161 3164
3594 2 2 13 96 833 604 3173
3595 2 2 13 96 2092 2090 3281
3596 2 2 13 96 2771 3007 4148
3597 2 2 13 96 1354 1863 3194
3598 2 2 13 96 2588 2587 3632
3599 2 2 13 96 2325 2326 2327
3600 2 2 13 96 1295 1155 3754
3601 2 2 13 96 1571 1570 1946
3602 2 2 13 96 3149 240 3151
3603 2 2 13 96 3160 241 3166
3604 2 2 13 96 597 595 2070
3605 2 2 13 96 2729 1502 3120
3606 2 2 13 96 1650 2149 3255
3607 2 2 13 96 2732 2918 4130
3608 2 2 13 96 62 63 3096
3609 2 2 13 96 1349 3625 3671
3610 2 2 13 96 2359 1681 3229
3611 2 2 13 96 1198 881 1341
3612 2 2 13 96 130 131 3108
3613 2 2 13 96 1322 1323 1416
3614 2 2 13 96 379 376 380
3615 2 2 13 96 929 926 3375
3616 2 2 13 96 238 3146 3147
3617 2 2 13 96 403 489 490
3618 2 2 13 96 2401 2400 2486
3619 2 2 13 96 2657 2465 3856
3620 2 2 13 96 3270 2588 3499
3621 2 2 13 96 1133 1134 1322
3622 2 2 13 96 688 686 827
3623 2 2 13 96 3031 1908 3898
3624 2 2 13 96 1677 2137 2138
3625 2 2 13 96 1348 1029 3118
3626 2 2 13 96 2046 2960 3651
3627 2 2 13 96 2418 1687 3259
3628 2 2 13 96 242 38 3136
3629 2 2 13 96 1167 1165 4203
3630 2 2 13 96 793 757 1292
3631 2 2 13 96 3164 3161 3166
3632 2 2 13 96 229 40 3198
3633 2 2 13 96 622 617 623
3634 2 2 13 96 606 604 833
3635 2 2 13 96 4078 2453 4278
3636 2 2 13 96 702 697 803
3637 2 2 13 96 39 40 229
3638 2 2 13 96 2247 2640 2641
3639 2 2 13 96 2090 2089 2337
3640 2 2 13 96 3752 2531 4017
3641 2 2 13 96 396 398 400
3642 2 2 13 96 1952 1951 2089
3643 2 2 13 96 2047 1376 3225
3644 2 2 13 96 63 64 230
3645 2 2 13 96 3154 243 3155
3646 2 2 13 96 1514 1513 1739
3647 2 2 13 96 2793 2044 3681
3648 2 2 13 96 93 94 231
3649 2 2 13 96 129 130 233
3650 2 2 13 96 75 76 205
3651 2 2 13 96 147 148 204
3652 2 2 13 96 704 703 705
3653 2 2 13 96 1586 1585 1587
3654 2 2 13 96 2164 2102 3782
3655 2 2 13 96 569 567 3632
3656 2 2 13 96 2154 2257 3344
3657 2 2 13 96 2539 923 3210
3658 2 2 13 96 117 118 3089
3659 2 2 13 96 234 74 3132
3660 2 2 13 96 956 962 963
3661 2 2 13 96 251 3355 3970
3662 2 2 13 96 54 55 3638
3663 2 2 13 96 39 229 3136
3664 2 2 13 96 3406 431 3715
3665 2 2 13 96 676 674 3190
3666 2 2 13 96 2149 1705 2188
3667 2 2 13 96 1656 3450 3451
3668 2 2 13 96 604 597 3173
3669 2 2 13 96 519 520 521
3670 2 2 13 96 1226 2209 3256
3671 2 2 13 96 560 558 801
3672 2 2 13 96 3185 3968 4076
3673 2 2 13 96 1013 1014 1015
3674 2 2 13 96 1398 1342 1570
3675 2 2 13 96 2715 2143 3617
3676 2 2 13 96 1948 1874 1949
3677 2 2 13 96 2068 2349 3275
3678 2 2 13 96 3194 3052 3195
3679 2 2 13 96 118 119 206
3680 2 2 13 96 104 105 207
3681 2 2 13 96 1559 3983 4125
3682 2 2 13 96 976 975 977
3683 2 2 13 96 74 75 3132
3684 2 2 13 96 1291 1685 2840
3685 2 2 13 96 1284 1283 1286
3686 2 2 13 96 73 74 234
3687 2 2 13 96 149 150 235
3688 2 2 13 96 3154 3155 3156
3689 2 2 13 96 1747 1573 1849
3690 2 2 13 96 369 339 483
3691 2 2 13 96 663 662 664
3692 2 2 13 96 445 446 447
3693 2 2 13 96 240 124 3153
3694 2 2 13 96 2306 2666 2667
3695 2 2 13 96 1627 1921 1922
3696 2 2 13 96 1547 1546 1548
3697 2 2 13 96 2826 2825 2827
3698 2 2 13 96 1178 775 2672
3699 2 2 13 96 466 468 1182
3700 2 2 13 96 2937 2136 3299
3701 2 2 13 96 292 293 3094
3702 2 2 13 96 1923 2756 2757
3703 2 2 13 96 2703 1151 3515
3704 2 2 13 96 1657 3179 3895
3705 2 2 13 96 3161 3160 3166
3706 2 2 13 96 38 39 3136
3707 2 2 13 96 3117 1580 3752
3708 2 2 13 96 1245 1247 1249
3709 2 2 13 96 2010 2008 2017
3710 2 2 13 96 93 231 3122
3711 2 2 13 96 205 3269 3649
3712 2 2 13 96 1146 1149 3326
3713 2 2 13 96 37 38 242
3714 2 2 13 96 711 755 818
3715 2 2 13 96 65 66 245
3716 2 2 13 96 361 360 362
3717 2 2 13 96 3162 3161 3163
3718 2 2 13 96 214 152 3148
3719 2 2 13 96 217 122 3149
3720 2 2 13 96 101 218 3157
3721 2 2 13 96 238 70 3146
3722 2 2 13 96 1066 1045 3832
3723 2 2 13 96 244 3160 3161
3724 2 2 13 96 616 611 617
3725 2 2 13 96 992 988 993
3726 2 2 13 96 1914 1889 1915
3727 2 2 13 96 71 72 213
3728 2 2 13 96 151 152 214
3729 2 2 13 96 121 122 217
3730 2 2 13 96 101 102 218
3731 2 2 13 96 71 213 3146
3732 2 2 13 96 2368 2367 2369
3733 2 2 13 96 153 239 3148
3734 2 2 13 96 123 240 3149
3735 2 2 13 96 241 100 3157
3736 2 2 13 96 2004 1902 2005
3737 2 2 13 96 2041 2948 3471
3738 2 2 13 96 244 3161 3162
3739 2 2 13 96 152 153 3148
3740 2 2 13 96 122 123 3149
3741 2 2 13 96 100 101 3157
3742 2 2 13 96 244 98 3160
3743 2 2 13 96 69 70 238
3744 2 2 13 96 523 524 525
3745 2 2 13 96 153 154 239
3746 2 2 13 96 123 124 240
3747 2 2 13 96 99 100 241
3748 2 2 13 96 99 241 3160
3749 2 2 13 96 70 71 3146
3750 2 2 13 96 98 99 3160
3751 2 2 13 96 125 126 243
3752 2 2 13 96 97 98 244
3753 2 2 13 96 653 654 655
3754 2 2 13 96 1503 1470 1504
3755 2 2 13 96 1494 3176 3802
3756 2 2 13 96 2606 2092 2607
3757 2 2 13 96 2303 2304 2702
3758 2 2 13 96 313 314 315
3759 2 2 13 96 1732 1926 2481
3760 2 2 13 96 3348 2588 3632
3761 2 2 13 96 1646 2335 3229
3762 2 2 13 96 388 390 437
3763 2 2 13 96 2349 2351 2854
3764 2 2 13 96 1673 617 3158
3765 2 2 13 96 665 664 666
3766 2 2 13 96 539 538 540
3767 2 2 13 96 2116 1778 2649
3768 2 2 13 96 741 740 743
3769 2 2 13 96 1883 2125 2129
3770 2 2 13 96 1641 3486 3487
3771 2 2 13 96 2719 2720 3351
3772 2 2 13 96 739 737 740
3773 2 2 13 96 2393 1847 3325
3774 2 2 13 96 317 313 2855
3775 2 2 13 96 2405 2404 4066
3776 2 2 13 96 882 903 1257
3777 2 2 13 96 2141 1540 3196
3778 2 2 13 96 1375 1373 1376
3779 2 2 13 96 1956 2072 2745
3780 2 2 13 96 541 540 542
3781 2 2 13 96 1747 1849 3185
3782 2 2 13 96 2597 3095 4035
3783 2 2 13 96 3012 3013 3206
3784 2 2 13 96 1018 1022 3252
3785 2 2 13 96 744 743 745
3786 2 2 13 96 1638 3770 3887
3787 2 2 13 96 2710 4131 4247
3788 2 2 13 96 2621 1734 4163
3789 2 2 13 96 1565 1319 2148
3790 2 2 13 96 197 2830 4312
3791 2 2 13 96 3755 1463 3762
3792 2 2 13 96 1734 2621 4005
3793 2 2 13 96 2564 2562 3010
3794 2 2 13 96 445 444 446
3795 2 2 13 96 2336 2019 2356
3796 2 2 13 96 2128 1814 2177
3797 2 2 13 96 746 745 747
3798 2 2 13 96 1131 1878 3241
3799 2 2 13 96 1950 1949 1951
3800 2 2 13 96 2184 2182 2691
3801 2 2 13 96 1399 993 2676
3802 2 2 13 96 886 840 3240
3803 2 2 13 96 1808 1807 2145
3804 2 2 13 96 2041 465 3365
3805 2 2 13 96 1444 1914 1934
3806 2 2 13 96 788 799 804
3807 2 2 13 96 748 747 749
3808 2 2 13 96 1217 1277 1278
3809 2 2 13 96 1726 2303 3180
3810 2 2 13 96 514 516 517
3811 2 2 13 96 3421 1128 4331
3812 2 2 13 96 1199 2094 2279
3813 2 2 13 96 2807 1430 3960
3814 2 2 13 96 867 829 868
3815 2 2 13 96 1442 1444 3217
3816 2 2 13 96 959 2062 3417
3817 2 2 13 96 1226 1653 2209
3818 2 2 13 96 1422 2868 3835
3819 2 2 13 96 869 868 870
3820 2 2 13 96 298 1983 3085
3821 2 2 13 96 2211 2146 3017
3822 2 2 13 96 1549 1548 1550
3823 2 2 13 96 1928 3172 3676
3824 2 2 13 96 2667 2666 2668
3825 2 2 13 96 1505 1504 1807
3826 2 2 13 96 470 473 990
3827 2 2 13 96 2758 364 3128
3828 2 2 13 96 3152 240 3153
3829 2 2 13 96 753 749 754
3830 2 2 13 96 1557 1344 1558
3831 2 2 13 96 351 355 3574
3832 2 2 13 96 2190 2918 3685
3833 2 2 13 96 1202 781 1527
3834 2 2 13 96 892 2860 3333
3835 2 2 13 96 2865 1679 4059
3836 2 2 13 96 1600 1916 2042
3837 2 2 13 96 3131 1281 3212
3838 2 2 13 96 230 64 3107
3839 2 2 13 96 1595 2071 3301
3840 2 2 13 96 1054 1053 1055
3841 2 2 13 96 2588 3348 3499
3842 2 2 13 96 1416 1464 1465
3843 2 2 13 96 1723 1724 1876
3844 2 2 13 96 1676 1645 3255
3845 2 2 13 96 1726 1893 2303
3846 2 2 13 96 2148 3473 3924
3847 2 2 13 96 2156 1687 2418
3848 2 2 13 96 1354 1539 1863
3849 2 2 13 96 459 464 2968
3850 2 2 13 96 1946 2385 2536
3851 2 2 13 96 866 1123 2085
3852 2 2 13 96 1249 1250 1251
3853 2 2 13 96 1576 1577 1723
3854 2 2 13 96 2138 2137 2139
3855 2 2 13 96 1903 2205 3752
3856 2 2 13 96 2454 2608 3988
3857 2 2 13 96 655 656 657
3858 2 2 13 96 2059 1759 3267
3859 2 2 13 96 2392 1847 2393
3860 2 2 13 96 1275 1472 3290
3861 2 2 13 96 1093 1174 1175
3862 2 2 13 96 923 924 3210
3863 2 2 13 96 1280 1281 1282
3864 2 2 13 96 2914 2913 3585
3865 2 2 13 96 2146 2409 3017
3866 2 2 13 96 1617 2163 3449
3867 2 2 13 96 332 334 1360
3868 2 2 13 96 2663 2107 4112
3869 2 2 13 96 1374 1378 3320
3870 2 2 13 96 1343 1287 1344
3871 2 2 13 96 875 873 2216
3872 2 2 13 96 1679 646 3220
3873 2 2 13 96 3769 219 3996
3874 2 2 13 96 1980 3110 3864
3875 2 2 13 96 716 705 717
3876 2 2 13 96 1872 1749 3540
3877 2 2 13 96 46 47 4229
3878 2 2 13 96 1337 1599 1600
3879 2 2 13 96 2518 2777 3851
3880 2 2 13 96 2251 1882 2252
3881 2 2 13 96 819 871 1199
3882 2 2 13 96 1906 2097 2098
3883 2 2 13 96 1528 1527 1753
3884 2 2 13 96 1896 2416 2417
3885 2 2 13 96 882 1257 3296
3886 2 2 13 96 2549 2139 2550
3887 2 2 13 96 1846 1845 2127
3888 2 2 13 96 2103 2615 3464
3889 2 2 13 96 2376 2375 2528
3890 2 2 13 96 1015 1017 1047
3891 2 2 13 96 455 457 3113
3892 2 2 13 96 1198 1341 1342
3893 2 2 13 96 1192 1194 1196
3894 2 2 13 96 3098 230 3107
3895 2 2 13 96 2146 2145 2409
3896 2 2 13 96 1233 1184 3117
3897 2 2 13 96 2249 2246 3077
3898 2 2 13 96 381 380 382
3899 2 2 13 96 1853 1969 2227
3900 2 2 13 96 3784 1970 4197
3901 2 2 13 96 2252 1882 3126
3902 2 2 13 96 462 466 3044
3903 2 2 13 96 457 459 2968
3904 2 2 13 96 877 870 885
3905 2 2 13 96 1206 1208 1213
3906 2 2 13 96 1883 2129 3184
3907 2 2 13 96 1724 1726 3180
3908 2 2 13 96 566 564 567
3909 2 2 13 96 1882 1558 3126
3910 2 2 13 96 512 2993 4236
3911 2 2 13 96 1371 1370 1467
3912 2 2 13 96 2964 2634 2965
3913 2 2 13 96 2006 2005 2007
3914 2 2 13 96 1344 1287 3213
3915 2 2 13 96 1306 1575 1576
3916 2 2 13 96 729 3428 3708
3917 2 2 13 96 2571 2181 4172
3918 2 2 13 96 2626 1881 3321
3919 2 2 13 96 1595 2030 2071
3920 2 2 13 96 207 105 3262
3921 2 2 13 96 3364 2447 3942
3922 2 2 13 96 443 441 444
3923 2 2 13 96 2016 2015 2018
3924 2 2 13 96 1398 1570 1571
3925 2 2 13 96 3156 238 4121
3926 2 2 13 96 1719 1228 2093
3927 2 2 13 96 1576 2032 3214
3928 2 2 13 96 2924 2037 4256
3929 2 2 13 96 2596 1811 2615
3930 2 2 13 96 4024 2655 4061
3931 2 2 13 96 488 1180 1181
3932 2 2 13 96 2907 3465 4070
3933 2 2 13 96 2936 1271 3445
3934 2 2 13 96 618 2901 3686
3935 2 2 13 96 1876 1724 3180
3936 2 2 13 96 2710 2410 4131
3937 2 2 13 96 2893 3894 4138
3938 2 2 13 96 550 2900 2901
3939 2 2 13 96 1828 3417 3418
3940 2 2 13 96 200 2913 2914
3941 2 2 13 96 1658 177 1659
3942 2 2 13 96 1648 1646 3229
3943 2 2 13 96 3059 1785 3491
3944 2 2 13 96 2246 2245 2247
3945 2 2 13 96 2246 2247 3077
3946 2 2 13 96 889 885 890
3947 2 2 13 96 3353 3941 4252
3948 2 2 13 96 3022 194 3024
3949 2 2 13 96 1630 1340 3551
3950 2 2 13 96 2178 2177 2814
3951 2 2 13 96 764 754 765
3952 2 2 13 96 1456 1223 1457
3953 2 2 13 96 2414 2194 2776
3954 2 2 13 96 2242 2241 2243
3955 2 2 13 96 853 894 1320
3956 2 2 13 96 1922 1921 2440
3957 2 2 13 96 3102 3098 3103
3958 2 2 13 96 1282 1283 1284
3959 2 2 13 96 577 575 2947
3960 2 2 13 96 3186 3833 3968
3961 2 2 13 96 2531 3752 4105
3962 2 2 13 96 1624 1623 4232
3963 2 2 13 96 2244 2243 2245
3964 2 2 13 96 1404 1642 1677
3965 2 2 13 96 3007 2388 4148
3966 2 2 13 96 1286 1455 3167
3967 2 2 13 96 800 784 802
3968 2 2 13 96 3218 2271 4016
3969 2 2 13 96 473 477 3121
3970 2 2 13 96 15 1973 4198
3971 2 2 13 96 1744 2386 3286
3972 2 2 13 96 1652 1648 1681
3973 2 2 13 96 2629 1904 2630
3974 2 2 13 96 330 329 331
3975 2 2 13 96 456 454 2996
3976 2 2 13 96 2408 2655 4024
3977 2 2 13 96 44 203 4230
3978 2 2 13 96 2465 3169 3209
3979 2 2 13 96 2001 1756 2002
3980 2 2 13 96 2739 1728 3600
3981 2 2 13 96 1677 1904 2137
3982 2 2 13 96 945 944 957
3983 2 2 13 96 1312 1311 3444
3984 2 2 13 96 1100 3031 3730
3985 2 2 13 96 1867 1868 1869
3986 2 2 13 96 1551 3142 3335
3987 2 2 13 96 1187 930 1525
3988 2 2 13 96 2272 2131 3628
3989 2 2 13 96 2036 3992 4330
3990 2 2 13 96 733 734 735
3991 2 2 13 96 945 957 2791
3992 2 2 13 96 2641 2640 2642
3993 2 2 13 96 627 623 628
3994 2 2 13 96 2060 2059 2113
3995 2 2 13 96 1654 3246 3606
3996 2 2 13 96 3717 3191 3957
3997 2 2 13 96 1754 1753 2206
3998 2 2 13 96 1359 422 3408
3999 2 2 13 96 1196 1420 1529
4000 2 2 13 96 1251 1389 1390
4001 2 2 13 96 3102 3103 3104
4002 2 2 13 96 1718 1681 1917
4003 2 2 13 96 667 666 668
4004 2 2 13 96 1864 1866 1867
4005 2 2 13 96 1810 2180 2181
4006 2 2 13 96 1628 1555 1887
4007 2 2 13 96 2927 2929 4003
4008 2 2 13 96 568 567 569
4009 2 2 13 96 863 861 2722
4010 2 2 13 96 1918 1917 2493
4011 2 2 13 96 3737 3015 3853
4012 2 2 13 96 2791 957 2792
4013 2 2 13 96 1931 3207 3401
4014 2 2 13 96 855 1740 3299
4015 2 2 13 96 899 846 900
4016 2 2 13 96 3206 3013 3677
4017 2 2 13 96 1221 1127 1392
4018 2 2 13 96 1650 1651 1705
4019 2 2 13 96 443 444 445
4020 2 2 13 96 3356 1382 3372
4021 2 2 13 96 735 736 737
4022 2 2 13 96 3069 3064 3387
4023 2 2 13 96 2264 2113 2265
4024 2 2 13 96 402 403 404
4025 2 2 13 96 888 1176 1177
4026 2 2 13 96 1288 1381 1382
4027 2 2 13 96 895 878 1556
4028 2 2 13 96 3104 3103 3106
4029 2 2 13 96 1677 1642 1904
4030 2 2 13 96 1119 890 1120
4031 2 2 13 96 1812 2270 3485
4032 2 2 13 96 2833 225 4179
4033 2 2 13 96 2303 1893 2304
4034 2 2 13 96 2843 1931 3595
4035 2 2 13 96 2189 2201 3407
4036 2 2 13 96 1632 2660 3837
4037 2 2 13 96 2324 3511 3841
4038 2 2 13 96 2306 2474 2666
4039 2 2 13 96 2904 201 4040
4040 2 2 13 96 2007 2058 3076
4041 2 2 13 96 2101 1289 2281
4042 2 2 13 96 1647 1649 1650
4043 2 2 13 96 3033 752 3323
4044 2 2 13 96 1896 2417 3226
4045 2 2 13 96 3157 2629 4184
4046 2 2 13 96 1905 2141 2142
4047 2 2 13 96 1642 1456 1761
4048 2 2 13 96 1573 1571 3181
4049 2 2 13 96 1870 2103 3464
4050 2 2 13 96 2683 3328 3329
4051 2 2 13 96 961 981 982
4052 2 2 13 96 1275 1172 1471
4053 2 2 13 96 233 3104 3857
4054 2 2 13 96 1175 1419 1498
4055 2 2 13 96 3065 1876 3066
4056 2 2 13 96 1171 1120 1172
4057 2 2 13 96 40 41 3198
4058 2 2 13 96 3329 2288 3760
4059 2 2 13 96 947 945 2791
4060 2 2 13 96 1000 1001 1002
4061 2 2 13 96 2998 228 2999
4062 2 2 13 96 1571 1946 3181
4063 2 2 13 96 1343 1344 1557
4064 2 2 13 96 1976 1972 4210
4065 2 2 13 96 3054 2691 3056
4066 2 2 13 96 490 489 501
4067 2 2 13 96 2137 1904 2629
4068 2 2 13 96 1921 1628 2039
4069 2 2 13 96 570 569 571
4070 2 2 13 96 2550 2139 2551
4071 2 2 13 96 1994 1747 3185
4072 2 2 13 96 1646 1644 2335
4073 2 2 13 96 1764 2682 2971
4074 2 2 13 96 980 1069 1734
4075 2 2 13 96 3048 3047 3778
4076 2 2 13 96 1627 1628 1921
4077 2 2 13 96 639 644 2105
4078 2 2 13 96 794 809 810
4079 2 2 13 96 1872 3540 3541
4080 2 2 13 96 789 1645 1676
4081 2 2 13 96 333 2700 3543
4082 2 2 13 96 1877 1759 2059
4083 2 2 13 96 720 715 721
4084 2 2 13 96 2255 3552 4255
4085 2 2 13 96 2258 2994 3460
4086 2 2 13 96 2266 2265 2491
4087 2 2 13 96 2038 2945 4064
4088 2 2 13 96 1557 1558 1882
4089 2 2 13 96 741 743 744
4090 2 2 13 96 613 832 3191
4091 2 2 13 96 708 650 715
4092 2 2 13 96 1335 929 3375
4093 2 2 13 96 744 745 746
4094 2 2 13 96 739 740 741
4095 2 2 13 96 3187 2536 4261
4096 2 2 13 96 1472 1471 1758
4097 2 2 13 96 1572 1746 1748
4098 2 2 13 96 657 658 659
4099 2 2 13 96 2044 2002 2355
4100 2 2 13 96 1713 2065 2312
4101 2 2 13 96 787 765 788
4102 2 2 13 96 746 747 748
4103 2 2 13 96 2327 2328 2466
4104 2 2 13 96 1640 1694 1695
4105 2 2 13 96 2179 2104 3396
4106 2 2 13 96 1404 1456 1642
4107 2 2 13 96 49 220 4087
4108 2 2 13 96 1084 1083 1090
4109 2 2 13 96 1699 1496 2069
4110 2 2 13 96 1780 2231 2232
4111 2 2 13 96 762 721 763
4112 2 2 13 96 1279 1278 1280
4113 2 2 13 96 2113 2059 3182
4114 2 2 13 96 1967 3033 3245
4115 2 2 13 96 1181 1561 1802
4116 2 2 13 96 1216 1215 1217
4117 2 2 13 96 2304 2305 2306
4118 2 2 13 96 1645 1647 3255
4119 2 2 13 96 2255 1960 2925
4120 2 2 13 96 1993 2574 2575
4121 2 2 13 96 748 749 753
4122 2 2 13 96 980 1734 3208
4123 2 2 13 96 1459 1460 3266
4124 2 2 13 96 543 542 544
4125 2 2 13 96 1680 2680 4335
4126 2 2 13 96 332 1360 3009
4127 2 2 13 96 808 804 821
4128 2 2 13 96 3185 3186 3968
4129 2 2 13 96 2567 2078 2617
4130 2 2 13 96 2299 2298 2302
4131 2 2 13 96 1364 1114 1423
4132 2 2 13 96 1197 881 1198
4133 2 2 13 96 1131 1517 1878
4134 2 2 13 96 3037 1406 3453
4135 2 2 13 96 753 754 764
4136 2 2 13 96 475 455 3113
4137 2 2 13 96 880 848 881
4138 2 2 13 96 1892 1725 2078
4139 2 2 13 96 2926 2061 2927
4140 2 2 13 96 783 794 3216
4141 2 2 13 96 2416 2251 2591
4142 2 2 13 96 572 571 573
4143 2 2 13 96 1397 1342 1398
4144 2 2 13 96 2837 2983 3709
4145 2 2 13 96 1382 1555 1627
4146 2 2 13 96 1425 1118 3059
4147 2 2 13 96 2142 2143 2366
4148 2 2 13 96 1723 1577 1724
4149 2 2 13 96 834 821 835
4150 2 2 13 96 1574 1305 1578
4151 2 2 13 96 3772 1624 4232
4152 2 2 13 96 925 2795 2796
4153 2 2 13 96 1284 1286 3213
4154 2 2 13 96 400 401 402
4155 2 2 13 96 219 54 3638
4156 2 2 13 96 1529 1829 1958
4157 2 2 13 96 2714 2197 3491
4158 2 2 13 96 1959 2253 2935
4159 2 2 13 96 847 835 848
4160 2 2 13 96 53 219 3769
4161 2 2 13 96 2828 2827 3028
4162 2 2 13 96 1288 1343 1381
4163 2 2 13 96 1404 1223 1456
4164 2 2 13 96 1910 2234 2235
4165 2 2 13 96 695 3332 3483
4166 2 2 13 96 1214 1212 1215
4167 2 2 13 96 1310 1311 1312
4168 2 2 13 96 2018 2633 3049
4169 2 2 13 96 2590 192 4165
4170 2 2 13 96 2969 3260 3591
4171 2 2 13 96 2630 1904 3215
4172 2 2 13 96 2281 1289 3235
4173 2 2 13 96 1249 1247 1250
4174 2 2 13 96 1572 1571 1573
4175 2 2 13 96 880 1197 1226
4176 2 2 13 96 1796 2382 2383
4177 2 2 13 96 583 586 1703
4178 2 2 13 96 1993 1747 1994
4179 2 2 13 96 2483 3973 4152
4180 2 2 13 96 2757 2756 3080
4181 2 2 13 96 1290 1090 1291
4182 2 2 13 96 794 810 3216
4183 2 2 13 96 2306 2305 2474
4184 2 2 13 96 1285 1287 1288
4185 2 2 13 96 2178 2816 3586
4186 2 2 13 96 1576 1575 1577
4187 2 2 13 96 1288 1287 1343
4188 2 2 13 96 1382 1381 1555
4189 2 2 13 96 1285 1284 1287
4190 2 2 13 96 2569 2570 3812
4191 2 2 13 96 574 573 575
4192 2 2 13 96 779 780 781
4193 2 2 13 96 1746 1573 1747
4194 2 2 13 96 1627 1555 1628
4195 2 2 13 96 1282 1284 1285
4196 2 2 13 96 2045 3167 3777
4197 2 2 13 96 1472 1796 3290
4198 2 2 13 96 1896 2251 2416
4199 2 2 13 96 632 628 633
4200 2 2 13 96 1652 1681 1718
4201 2 2 13 96 1557 1882 1896
4202 2 2 13 96 1407 1737 1906
4203 2 2 13 96 1718 1917 1918
4204 2 2 13 96 1918 2493 2494
4205 2 2 13 96 2304 1893 2305
4206 2 2 13 96 3672 1415 4176
4207 2 2 13 96 639 2105 3367
4208 2 2 13 96 1149 1152 1154
4209 2 2 13 96 3255 2149 3272
4210 2 2 13 96 300 304 503
4211 2 2 13 96 1198 1342 1397
4212 2 2 13 96 805 843 1532
4213 2 2 13 96 651 709 771
4214 2 2 13 96 1226 1496 1653
4215 2 2 13 96 2170 2171 2552
4216 2 2 13 96 1514 1739 3610
4217 2 2 13 96 1918 2494 2495
4218 2 2 13 96 1689 1688 2046
4219 2 2 13 96 669 668 670
4220 2 2 13 96 1904 1642 3215
4221 2 2 13 96 1642 1761 3215
4222 2 2 13 96 1211 1210 1212
4223 2 2 13 96 2811 2931 4131
4224 2 2 13 96 1896 1882 2251
4225 2 2 13 96 834 847 849
4226 2 2 13 96 382 384 482
4227 2 2 13 96 616 617 622
4228 2 2 13 96 1398 1571 1572
4229 2 2 13 96 2071 2030 2354
4230 2 2 13 96 73 234 3374
4231 2 2 13 96 796 763 797
4232 2 2 13 96 1653 1699 2106
4233 2 2 13 96 1176 899 1223
4234 2 2 13 96 517 518 519
4235 2 2 13 96 1526 1525 1688
4236 2 2 13 96 1314 1459 1461
4237 2 2 13 96 888 846 899
4238 2 2 13 96 1144 1220 2869
4239 2 2 13 96 671 670 672
4240 2 2 13 96 2580 3629 3825
4241 2 2 13 96 2366 2367 2368
4242 2 2 13 96 888 899 1176
4243 2 2 13 96 1176 1223 1404
4244 2 2 13 96 2367 2715 3743
4245 2 2 13 96 773 774 775
4246 2 2 13 96 2129 2130 2841
4247 2 2 13 96 1869 2075 2165
4248 2 2 13 96 837 846 888
4249 2 2 13 96 1705 1651 1817
4250 2 2 13 96 893 852 1256
4251 2 2 13 96 880 881 1197
4252 2 2 13 96 764 765 787
4253 2 2 13 96 771 772 773
4254 2 2 13 96 776 778 779
4255 2 2 13 96 359 358 360
4256 2 2 13 96 2660 1752 3205
4257 2 2 13 96 1650 1649 1651
4258 2 2 13 96 2396 2128 3586
4259 2 2 13 96 1217 1278 1279
4260 2 2 13 96 1470 1158 3333
4261 2 2 13 96 1790 1792 1793
4262 2 2 13 96 1946 2536 3181
4263 2 2 13 96 1144 1146 1220
4264 2 2 13 96 1652 1718 1733
4265 2 2 13 96 1681 1648 3229
4266 2 2 13 96 1213 1208 1225
4267 2 2 13 96 510 508 4234
4268 2 2 13 96 213 72 3374
4269 2 2 13 96 2247 2639 2640
4270 2 2 13 96 3006 1218 3897
4271 2 2 13 96 1015 1016 1017
4272 2 2 13 96 1793 1794 1932
4273 2 2 13 96 600 613 3191
4274 2 2 13 96 2392 2393 2426
4275 2 2 13 96 550 548 2900
4276 2 2 13 96 1404 1677 3233
4277 2 2 13 96 613 619 832
4278 2 2 13 96 2723 2042 3109
4279 2 2 13 96 730 769 1947
4280 2 2 13 96 2206 2207 2675
4281 2 2 13 96 847 848 880
4282 2 2 13 96 2141 3196 3617
4283 2 2 13 96 2179 3396 3764
4284 2 2 13 96 837 824 846
4285 2 2 13 96 2648 2708 4055
4286 2 2 13 96 1817 1651 2079
4287 2 2 13 96 1729 1394 1838
4288 2 2 13 96 2357 3352 4093
4289 2 2 13 96 3330 1703 3331
4290 2 2 13 96 2706 2167 2707
4291 2 2 13 96 590 587 1229
4292 2 2 13 96 1279 1280 1289
4293 2 2 13 96 1397 1398 3219
4294 2 2 13 96 1286 3167 3213
4295 2 2 13 96 1157 1468 3286
4296 2 2 13 96 1226 1197 1496
4297 2 2 13 96 982 985 1067
4298 2 2 13 96 1424 1423 2104
4299 2 2 13 96 1461 1803 1804
4300 2 2 13 96 1209 1207 1210
4301 2 2 13 96 1279 1289 2077
4302 2 2 13 96 3697 1619 4308
4303 2 2 13 96 3232 1329 3794
4304 2 2 13 96 1653 1496 1699
4305 2 2 13 96 638 633 640
4306 2 2 13 96 1015 1047 3257
4307 2 2 13 96 3513 2220 3653
4308 2 2 13 96 1572 1573 1746
4309 2 2 13 96 1287 1284 3213
4310 2 2 13 96 2991 795 4119
4311 2 2 13 96 1627 1922 3372
4312 2 2 13 96 1993 1994 2574
4313 2 2 13 96 3030 636 4303
4314 2 2 13 96 1532 1533 1789
4315 2 2 13 96 1566 1909 1910
4316 2 2 13 96 808 821 834
4317 2 2 13 96 259 263 2160
4318 2 2 13 96 2080 2079 2256
4319 2 2 13 96 2119 2101 2167
4320 2 2 13 96 834 835 847
4321 2 2 13 96 1649 1648 1652
4322 2 2 13 96 3063 3065 3387
4323 2 2 13 96 1191 814 3277
4324 2 2 13 96 1854 1612 1883
4325 2 2 13 96 2607 2092 3281
4326 2 2 13 96 1746 1747 1993
4327 2 2 13 96 2077 2101 2119
4328 2 2 13 96 1754 2206 3298
4329 2 2 13 96 346 496 1625
4330 2 2 13 96 788 804 808
4331 2 2 13 96 2098 2519 2520
4332 2 2 13 96 830 797 831
4333 2 2 13 96 2680 2679 4335
4334 2 2 13 96 2110 1784 2506
4335 2 2 13 96 764 787 789
4336 2 2 13 96 521 520 3193
4337 2 2 13 96 1379 1376 1655
4338 2 2 13 96 2108 2107 2555
4339 2 2 13 96 527 525 2823
4340 2 2 13 96 1542 2569 4013
4341 2 2 13 96 1726 1892 1893
4342 2 2 13 96 297 3203 3204
4343 2 2 13 96 1089 1106 1107
4344 2 2 13 96 1071 1089 3036
4345 2 2 13 96 1600 1599 1916
4346 2 2 13 96 1188 394 3092
4347 2 2 13 96 1527 781 1736
4348 2 2 13 96 236 3089 3786
4349 2 2 13 96 2119 2167 2706
4350 2 2 13 96 3182 1225 3432
4351 2 2 13 96 567 564 3348
4352 2 2 13 96 3066 1876 3180
4353 2 2 13 96 1177 1176 3233
4354 2 2 13 96 3013 2282 3865
4355 2 2 13 96 2060 2113 2264
4356 2 2 13 96 2881 2876 2891
4357 2 2 13 96 875 2216 2217
4358 2 2 13 96 219 3638 3855
4359 2 2 13 96 2077 1289 2101
4360 2 2 13 96 1823 1821 2107
4361 2 2 13 96 1251 1250 1389
4362 2 2 13 96 57 58 3618
4363 2 2 13 96 2279 2094 2280
4364 2 2 13 96 780 778 782
4365 2 2 13 96 1724 1725 1726
4366 2 2 13 96 2737 2736 3955
4367 2 2 13 96 2920 1899 3709
4368 2 2 13 96 576 575 577
4369 2 2 13 96 2008 2007 3076
4370 2 2 13 96 3083 643 3291
4371 2 2 13 96 2456 1715 2457
4372 2 2 13 96 622 623 627
4373 2 2 13 96 2281 3356 3372
4374 2 2 13 96 1817 2079 2080
4375 2 2 13 96 887 1128 2507
4376 2 2 13 96 2080 2256 2535
4377 2 2 13 96 809 824 837
4378 2 2 13 96 3989 818 4199
4379 2 2 13 96 1553 1844 1845
4380 2 2 13 96 340 335 3543
4381 2 2 13 96 1963 2240 2241
4382 2 2 13 96 1877 2059 2060
4383 2 2 13 96 2127 2391 2544
4384 2 2 13 96 1863 1539 1864
4385 2 2 13 96 2053 2055 4242
4386 2 2 13 96 1205 1203 2096
4387 2 2 13 96 3448 2473 3921
4388 2 2 13 96 867 868 869
4389 2 2 13 96 2042 1916 2372
4390 2 2 13 96 860 851 861
4391 2 2 13 96 1961 2499 3060
4392 2 2 13 96 83 199 3849
4393 2 2 13 96 615 621 1243
4394 2 2 13 96 775 774 776
4395 2 2 13 96 1550 1552 1553
4396 2 2 13 96 2237 2692 4182
4397 2 2 13 96 2106 1699 2134
4398 2 2 13 96 1892 2078 2567
4399 2 2 13 96 2259 2260 2261
4400 2 2 13 96 2672 775 3202
4401 2 2 13 96 1214 1215 1216
4402 2 2 13 96 1544 1536 1629
4403 2 2 13 96 589 591 761
4404 2 2 13 96 1572 1748 3219
4405 2 2 13 96 1936 2545 2616
4406 2 2 13 96 607 609 610
4407 2 2 13 96 2476 2786 3947
4408 2 2 13 96 1647 1648 1649
4409 2 2 13 96 1392 1696 3336
4410 2 2 13 96 2157 2658 2725
4411 2 2 13 96 2915 198 3891
4412 2 2 13 96 1199 871 2094
4413 2 2 13 96 2264 2265 2266
4414 2 2 13 96 140 141 3424
4415 2 2 13 96 2349 2854 3275
4416 2 2 13 96 1647 1646 1648
4417 2 2 13 96 746 748 750
4418 2 2 13 96 776 774 777
4419 2 2 13 96 1111 1112 1787
4420 2 2 13 96 368 1144 2869
4421 2 2 13 96 2206 1753 2207
4422 2 2 13 96 895 1556 3462
4423 2 2 13 96 3027 3021 3647
4424 2 2 13 96 917 915 2152
4425 2 2 13 96 2010 2017 3368
4426 2 2 13 96 773 772 774
4427 2 2 13 96 738 737 739
4428 2 2 13 96 2933 1964 4260
4429 2 2 13 96 1724 1577 1725
4430 2 2 13 96 2490 2284 3960
4431 2 2 13 96 640 817 2114
4432 2 2 13 96 1214 1216 1595
4433 2 2 13 96 446 444 3362
4434 2 2 13 96 2777 2514 3851
4435 2 2 13 96 783 782 784
4436 2 2 13 96 426 424 3388
4437 2 2 13 96 227 82 3849
4438 2 2 13 96 1280 1282 3235
4439 2 2 13 96 2266 2491 2790
4440 2 2 13 96 732 723 733
4441 2 2 13 96 794 784 800
4442 2 2 13 96 789 787 1644
4443 2 2 13 96 2247 2245 2639
4444 2 2 13 96 708 715 720
4445 2 2 13 96 809 800 824
4446 2 2 13 96 2355 2365 2789
4447 2 2 13 96 1899 1897 4077
4448 2 2 13 96 1381 1343 3226
4449 2 2 13 96 2630 3166 4184
4450 2 2 13 96 1398 1572 3219
4451 2 2 13 96 722 713 723
4452 2 2 13 96 1564 1962 1963
4453 2 2 13 96 1037 1038 1039
4454 2 2 13 96 779 778 780
4455 2 2 13 96 2005 1902 3335
4456 2 2 13 96 2180 2406 3307
4457 2 2 13 96 1165 1163 4250
4458 2 2 13 96 2055 2056 3536
4459 2 2 13 96 3723 3095 3954
4460 2 2 13 96 720 721 762
4461 2 2 13 96 2617 2078 3505
4462 2 2 13 96 1771 1418 1772
4463 2 2 13 96 105 106 3262
4464 2 2 13 96 762 763 796
4465 2 2 13 96 877 885 889
4466 2 2 13 96 1726 1725 1892
4467 2 2 13 96 1930 1865 2208
4468 2 2 13 96 1443 1621 1622
4469 2 2 13 96 869 870 877
4470 2 2 13 96 2972 479 3869
4471 2 2 13 96 318 320 1978
4472 2 2 13 96 1063 1071 3036
4473 2 2 13 96 568 569 570
4474 2 2 13 96 2945 2038 4319
4475 2 2 13 96 1869 1868 2075
4476 2 2 13 96 2612 3404 3405
4477 2 2 13 96 806 770 807
4478 2 2 13 96 1306 1574 1575
4479 2 2 13 96 771 709 772
4480 2 2 13 96 594 592 595
4481 2 2 13 96 496 1522 3425
4482 2 2 13 96 357 356 358
4483 2 2 13 96 1176 1404 3233
4484 2 2 13 96 1647 1650 3255
4485 2 2 13 96 783 784 794
4486 2 2 13 96 794 800 809
4487 2 2 13 96 2015 2012 3368
4488 2 2 13 96 780 782 783
4489 2 2 13 96 578 577 579
4490 2 2 13 96 789 1676 3254
4491 2 2 13 96 2789 821 4268
4492 2 2 13 96 2053 2052 2054
4493 2 2 13 96 2486 2400 4060
4494 2 2 13 96 2913 2932 4270
4495 2 2 13 96 1046 1260 1261
4496 2 2 13 96 1343 1557 3226
4497 2 2 13 96 739 741 742
4498 2 2 13 96 789 1644 1645
4499 2 2 13 96 908 898 1351
4500 2 2 13 96 3188 837 3833
4501 2 2 13 96 343 344 345
4502 2 2 13 96 1209 1211 1431
4503 2 2 13 96 970 972 973
4504 2 2 13 96 1709 1984 2518
4505 2 2 13 96 1211 1212 1214
4506 2 2 13 96 1993 2575 3244
4507 2 2 13 96 2495 2494 2665
4508 2 2 13 96 570 571 572
4509 2 2 13 96 2640 2639 2833
4510 2 2 13 96 278 295 4128
4511 2 2 13 96 235 150 3455
4512 2 2 13 96 1171 1172 1275
4513 2 2 13 96 2384 2110 3734
4514 2 2 13 96 2360 1943 2361
4515 2 2 13 96 2069 1496 3243
4516 2 2 13 96 2266 2790 2830
4517 2 2 13 96 2078 1725 3249
4518 2 2 13 96 566 567 568
4519 2 2 13 96 2042 2372 3109
4520 2 2 13 96 889 890 1119
4521 2 2 13 96 894 1305 1306
4522 2 2 13 96 1867 1866 1868
4523 2 2 13 96 1107 1115 1303
4524 2 2 13 96 2273 2681 3749
4525 2 2 13 96 1289 1280 3235
4526 2 2 13 96 510 904 2993
4527 2 2 13 96 394 396 3092
4528 2 2 13 96 1748 1746 3244
4529 2 2 13 96 1595 1216 1596
4530 2 2 13 96 1051 1050 1053
4531 2 2 13 96 3509 2216 3565
4532 2 2 13 96 2206 2675 3466
4533 2 2 13 96 660 662 663
4534 2 2 13 96 1275 1471 1472
4535 2 2 13 96 1439 1438 1440
4536 2 2 13 96 1645 1646 1647
4537 2 2 13 96 1472 1758 1759
4538 2 2 13 96 776 779 3202
4539 2 2 13 96 758 725 759
4540 2 2 13 96 3262 237 4215
4541 2 2 13 96 859 1127 1221
4542 2 2 13 96 1282 1285 3235
4543 2 2 13 96 1645 1644 1646
4544 2 2 13 96 2019 2018 3049
4545 2 2 13 96 712 702 713
4546 2 2 13 96 796 830 842
4547 2 2 13 96 2744 3592 4096
4548 2 2 13 96 2060 2264 2548
4549 2 2 13 96 572 573 574
4550 2 2 13 96 1762 1470 3333
4551 2 2 13 96 1198 1397 3243
4552 2 2 13 96 1595 1596 2030
4553 2 2 13 96 796 797 830
4554 2 2 13 96 1399 2676 3407
4555 2 2 13 96 151 214 3455
4556 2 2 13 96 1197 1198 3243
4557 2 2 13 96 2030 1596 2031
4558 2 2 13 96 1097 1101 2783
4559 2 2 13 96 2746 2476 3947
4560 2 2 13 96 1375 1376 1379
4561 2 2 13 96 338 2398 3227
4562 2 2 13 96 3142 1846 3596
4563 2 2 13 96 1235 1233 3088
4564 2 2 13 96 1317 902 1319
4565 2 2 13 96 1940 366 3062
4566 2 2 13 96 1557 1896 3226
4567 2 2 13 96 3779 2496 3886
4568 2 2 13 96 1930 2711 2712
4569 2 2 13 96 1232 1231 1328
4570 2 2 13 96 1245 1246 1247
4571 2 2 13 96 1204 1205 1206
4572 2 2 13 96 2335 1644 3273
4573 2 2 13 96 1575 1574 1832
4574 2 2 13 96 2606 2607 3030
4575 2 2 13 96 776 777 778
4576 2 2 13 96 1582 1253 2950
4577 2 2 13 96 732 1203 1204
4578 2 2 13 96 1306 1305 1574
4579 2 2 13 96 2007 2057 2058
4580 2 2 13 96 1844 1552 1847
4581 2 2 13 96 632 633 638
4582 2 2 13 96 627 628 632
4583 2 2 13 96 3500 2164 3782
4584 2 2 13 96 2379 2434 2435
4585 2 2 13 96 1942 1142 1943
4586 2 2 13 96 2705 2957 4324
4587 2 2 13 96 1617 2028 2163
4588 2 2 13 96 840 813 841
4589 2 2 13 96 735 737 738
4590 2 2 13 96 1119 1120 1171
4591 2 2 13 96 954 953 955
4592 2 2 13 96 1961 1847 2392
4593 2 2 13 96 1750 1603 1840
4594 2 2 13 96 574 575 576
4595 2 2 13 96 2002 1756 3298
4596 2 2 13 96 921 923 1293
4597 2 2 13 96 1018 1016 1022
4598 2 2 13 96 1206 1207 1208
4599 2 2 13 96 2841 2130 3955
4600 2 2 13 96 545 544 546
4601 2 2 13 96 927 930 1187
4602 2 2 13 96 2039 1628 3314
4603 2 2 13 96 783 3216 3253
4604 2 2 13 96 853 893 894
4605 2 2 13 96 1308 1309 1310
4606 2 2 13 96 772 709 2111
4607 2 2 13 96 1065 2154 2422
4608 2 2 13 96 1221 1392 1394
4609 2 2 13 96 1516 1321 1816
4610 2 2 13 96 2355 2002 2365
4611 2 2 13 96 2058 2193 2194
4612 2 2 13 96 2127 1845 2391
4613 2 2 13 96 3248 1733 3380
4614 2 2 13 96 1676 3255 3272
4615 2 2 13 96 2696 2697 2750
4616 2 2 13 96 1209 1210 1211
4617 2 2 13 96 1246 1244 1680
4618 2 2 13 96 842 852 853
4619 2 2 13 96 2464 1698 4100
4620 2 2 13 96 1414 1610 3501
4621 2 2 13 96 1019 1018 1020
4622 2 2 13 96 1494 1824 3176
4623 2 2 13 96 59 60 3456
4624 2 2 13 96 2105 644 3251
4625 2 2 13 96 1300 1296 1301
4626 2 2 13 96 753 764 3254
4627 2 2 13 96 1243 1244 1245
4628 2 2 13 96 80 81 3481
4629 2 2 13 96 603 605 1258
4630 2 2 13 96 894 893 1305
4631 2 2 13 96 903 1317 1318
4632 2 2 13 96 309 307 2501
4633 2 2 13 96 663 664 665
4634 2 2 13 96 654 624 3385
4635 2 2 13 96 2163 2387 2388
4636 2 2 13 96 2372 1916 2373
4637 2 2 13 96 2380 3000 4044
4638 2 2 13 96 956 955 962
4639 2 2 13 96 428 426 432
4640 2 2 13 96 775 776 3202
4641 2 2 13 96 437 390 3127
4642 2 2 13 96 632 638 639
4643 2 2 13 96 1279 2077 3268
4644 2 2 13 96 645 3628 4185
4645 2 2 13 96 2125 3338 3439
4646 2 2 13 96 2117 3144 3321
4647 2 2 13 96 2144 2985 3570
4648 2 2 13 96 460 458 3365
4649 2 2 13 96 651 708 709
4650 2 2 13 96 1822 2224 2314
4651 2 2 13 96 1887 1555 3346
4652 2 2 13 96 1389 1250 1682
4653 2 2 13 96 1538 1353 1540
4654 2 2 13 96 1756 1754 3298
4655 2 2 13 96 537 538 539
4656 2 2 13 96 781 780 3253
4657 2 2 13 96 720 762 1274
4658 2 2 13 96 2055 2054 2056
4659 2 2 13 96 2559 2703 3562
4660 2 2 13 96 1389 1682 1683
4661 2 2 13 96 1493 2825 2826
4662 2 2 13 96 1769 1191 3277
4663 2 2 13 96 2383 2382 2721
4664 2 2 13 96 1834 2118 3034
4665 2 2 13 96 1696 2081 3336
4666 2 2 13 96 1440 1443 2954
4667 2 2 13 96 1564 1319 1565
4668 2 2 13 96 457 2968 3113
4669 2 2 13 96 257 255 1434
4670 2 2 13 96 1829 1936 3383
4671 2 2 13 96 880 1226 3256
4672 2 2 13 96 644 650 651
4673 2 2 13 96 3552 2255 3873
4674 2 2 13 96 1574 1578 3265
4675 2 2 13 96 2226 3177 4210
4676 2 2 13 96 1341 881 3534
4677 2 2 13 96 3336 2081 3359
4678 2 2 13 96 853 852 893
4679 2 2 13 96 2580 2581 3629
4680 2 2 13 96 1962 1565 1964
4681 2 2 13 96 1888 3083 3315
4682 2 2 13 96 665 666 667
4683 2 2 13 96 638 640 3291
4684 2 2 13 96 1216 1217 3268
4685 2 2 13 96 701 712 768
4686 2 2 13 96 95 96 3446
4687 2 2 13 96 768 2890 4126
4688 2 2 13 96 1293 2539 2701
4689 2 2 13 96 1217 1279 3268
4690 2 2 13 96 3084 2329 3841
4691 2 2 13 96 651 650 708
4692 2 2 13 96 639 643 644
4693 2 2 13 96 2183 2587 2588
4694 2 2 13 96 2482 2483 4185
4695 2 2 13 96 588 653 1222
4696 2 2 13 96 2337 2089 3342
4697 2 2 13 96 1288 1382 3356
4698 2 2 13 96 1163 1161 3776
4699 2 2 13 96 2339 3322 3397
4700 2 2 13 96 1193 1191 1769
4701 2 2 13 96 411 413 1406
4702 2 2 13 96 842 830 852
4703 2 2 13 96 699 703 704
4704 2 2 13 96 2064 2063 2394
4705 2 2 13 96 811 807 844
4706 2 2 13 96 1652 1733 3248
4707 2 2 13 96 539 540 541
4708 2 2 13 96 1496 1197 3243
4709 2 2 13 96 2767 2775 3366
4710 2 2 13 96 1158 892 3333
4711 2 2 13 96 1472 1759 1796
4712 2 2 13 96 541 542 543
4713 2 2 13 96 1060 1062 1111
4714 2 2 13 96 637 630 646
4715 2 2 13 96 644 643 650
4716 2 2 13 96 1208 1207 1209
4717 2 2 13 96 315 314 316
4718 2 2 13 96 2165 2075 2509
4719 2 2 13 96 1188 3092 3197
4720 2 2 13 96 1900 1540 1905
4721 2 2 13 96 1736 781 3253
4722 2 2 13 96 787 788 3273
4723 2 2 13 96 645 540 3452
4724 2 2 13 96 788 808 3273
4725 2 2 13 96 2079 3248 3380
4726 2 2 13 96 2145 1807 2147
4727 2 2 13 96 2760 2759 4110
4728 2 2 13 96 1192 1196 3548
4729 2 2 13 96 1550 1548 1552
4730 2 2 13 96 651 771 3251
4731 2 2 13 96 1206 1205 1207
4732 2 2 13 96 1036 1040 1183
4733 2 2 13 96 1611 1377 1612
4734 2 2 13 96 578 579 580
4735 2 2 13 96 3169 602 4218
4736 2 2 13 96 3590 2406 4231
4737 2 2 13 96 576 577 578
4738 2 2 13 96 390 392 3127
4739 2 2 13 96 2416 3545 3980
4740 2 2 13 96 3759 3245 3967
4741 2 2 13 96 693 692 694
4742 2 2 13 96 589 587 590
4743 2 2 13 96 1149 1154 3326
4744 2 2 13 96 701 697 702
4745 2 2 13 96 1299 1297 1436
4746 2 2 13 96 872 874 882
4747 2 2 13 96 2592 1631 3867
4748 2 2 13 96 1746 1993 3244
4749 2 2 13 96 2085 3195 3305
4750 2 2 13 96 1918 2495 3258
4751 2 2 13 96 591 590 592
4752 2 2 13 96 1780 2232 3360
4753 2 2 13 96 2113 3182 3432
4754 2 2 13 96 1796 1759 1877
4755 2 2 13 96 603 597 604
4756 2 2 13 96 593 592 594
4757 2 2 13 96 1168 901 1334
4758 2 2 13 96 1793 1792 1794
4759 2 2 13 96 605 604 606
4760 2 2 13 96 2075 1868 2076
4761 2 2 13 96 607 606 608
4762 2 2 13 96 609 608 611
4763 2 2 13 96 615 611 616
4764 2 2 13 96 3533 2188 3611
4765 2 2 13 96 1739 1757 2182
4766 2 2 13 96 1302 456 2996
4767 2 2 13 96 639 638 643
4768 2 2 13 96 1221 1394 1562
4769 2 2 13 96 3618 202 3946
4770 2 2 13 96 849 847 3256
4771 2 2 13 96 1093 919 1174
4772 2 2 13 96 722 723 732
4773 2 2 13 96 1846 2127 3279
4774 2 2 13 96 1553 1552 1844
4775 2 2 13 96 1204 1203 1205
4776 2 2 13 96 615 616 621
4777 2 2 13 96 609 611 615
4778 2 2 13 96 607 608 609
4779 2 2 13 96 1649 1652 3248
4780 2 2 13 96 854 844 901
4781 2 2 13 96 3830 3203 4212
4782 2 2 13 96 201 2969 3591
4783 2 2 13 96 605 606 607
4784 2 2 13 96 1796 1877 2382
4785 2 2 13 96 1696 2024 2081
4786 2 2 13 96 396 400 3092
4787 2 2 13 96 696 694 697
4788 2 2 13 96 2102 2384 3782
4789 2 2 13 96 603 604 605
4790 2 2 13 96 2390 2389 3935
4791 2 2 13 96 620 614 876
4792 2 2 13 96 1963 1962 2240
4793 2 2 13 96 1729 1838 1839
4794 2 2 13 96 2235 2835 2836
4795 2 2 13 96 1789 1533 1790
4796 2 2 13 96 732 733 1203
4797 2 2 13 96 805 1532 3280
4798 2 2 13 96 2096 1203 3284
4799 2 2 13 96 478 446 3362
4800 2 2 13 96 3078 2641 3719
4801 2 2 13 96 712 713 722
4802 2 2 13 96 2810 1405 4061
4803 2 2 13 96 2230 3128 3129
4804 2 2 13 96 848 906 3534
4805 2 2 13 96 2704 2336 3789
4806 2 2 13 96 1169 1321 1337
4807 2 2 13 96 1522 1826 2197
4808 2 2 13 96 1796 2383 3290
4809 2 2 13 96 1031 1029 1348
4810 2 2 13 96 2249 3077 3402
4811 2 2 13 96 1164 1163 1165
4812 2 2 13 96 2079 1651 3248
4813 2 2 13 96 1902 1551 3335
4814 2 2 13 96 1844 1847 1961
4815 2 2 13 96 1961 2392 2499
4816 2 2 13 96 2558 2556 2559
4817 2 2 13 96 2495 3627 3961
4818 2 2 13 96 1536 1390 3250
4819 2 2 13 96 1504 1470 1762
4820 2 2 13 96 1733 1718 3258
4821 2 2 13 96 3759 3967 3999
4822 2 2 13 96 731 710 3308
4823 2 2 13 96 1507 1498 2038
4824 2 2 13 96 1744 2100 2386
4825 2 2 13 96 882 902 903
4826 2 2 13 96 946 1828 4057
4827 2 2 13 96 1765 1764 2971
4828 2 2 13 96 1718 1918 3258
4829 2 2 13 96 596 595 597
4830 2 2 13 96 3280 2043 4012
4831 2 2 13 96 1651 1649 3248
4832 2 2 13 96 1337 1516 1599
4833 2 2 13 96 596 597 603
4834 2 2 13 96 1023 1020 1024
4835 2 2 13 96 691 690 692
4836 2 2 13 96 2894 2674 3183
4837 2 2 13 96 1683 1682 2215
4838 2 2 13 96 2625 1881 2626
4839 2 2 13 96 1577 1575 3249
4840 2 2 13 96 1437 1436 1438
4841 2 2 13 96 3452 2272 3628
4842 2 2 13 96 1669 1667 3236
4843 2 2 13 96 1721 1965 1966
4844 2 2 13 96 847 880 3256
4845 2 2 13 96 1103 1104 1105
4846 2 2 13 96 1414 1415 1610
4847 2 2 13 96 2575 3262 4215
4848 2 2 13 96 764 789 3254
4849 2 2 13 96 1247 1246 1248
4850 2 2 13 96 547 546 548
4851 2 2 13 96 2018 2088 2633
4852 2 2 13 96 1531 404 2117
4853 2 2 13 96 1966 2400 2401
4854 2 2 13 96 3226 2417 3346
4855 2 2 13 96 580 579 581
4856 2 2 13 96 1562 1729 2204
4857 2 2 13 96 1740 1741 1742
4858 2 2 13 96 407 405 1920
4859 2 2 13 96 503 504 505
4860 2 2 13 96 1678 3311 3773
4861 2 2 13 96 1628 1887 3314
4862 2 2 13 96 2413 3925 4224
4863 2 2 13 96 2506 2421 3839
4864 2 2 13 96 287 288 289
4865 2 2 13 96 392 1188 3127
4866 2 2 13 96 2421 3526 4014
4867 2 2 13 96 659 660 3259
4868 2 2 13 96 2117 404 3264
4869 2 2 13 96 691 693 718
4870 2 2 13 96 586 584 587
4871 2 2 13 96 3038 216 3847
4872 2 2 13 96 947 2791 3561
4873 2 2 13 96 192 2590 3876
4874 2 2 13 96 1025 1024 1026
4875 2 2 13 96 1532 843 1533
4876 2 2 13 96 2299 2302 4140
4877 2 2 13 96 424 422 1359
4878 2 2 13 96 1245 1244 1246
4879 2 2 13 96 1639 1637 3774
4880 2 2 13 96 2262 2260 3436
4881 2 2 13 96 3132 205 3649
4882 2 2 13 96 434 409 435
4883 2 2 13 96 4118 2576 4228
4884 2 2 13 96 925 922 2795
4885 2 2 13 96 874 873 875
4886 2 2 13 96 1794 1792 1795
4887 2 2 13 96 2454 3331 4041
4888 2 2 13 96 780 783 3253
4889 2 2 13 96 2916 2624 4053
4890 2 2 13 96 2017 2008 3076
4891 2 2 13 96 819 820 871
4892 2 2 13 96 1354 1538 1539
4893 2 2 13 96 1400 914 1501
4894 2 2 13 96 689 688 690
4895 2 2 13 96 2365 2002 3298
4896 2 2 13 96 1562 1394 1729
4897 2 2 13 96 629 635 636
4898 2 2 13 96 103 104 3535
4899 2 2 13 96 553 552 554
4900 2 2 13 96 622 627 1458
4901 2 2 13 96 952 950 953
4902 2 2 13 96 640 2114 3291
4903 2 2 13 96 2903 1141 3670
4904 2 2 13 96 1930 2208 2711
4905 2 2 13 96 249 192 3876
4906 2 2 13 96 2771 3006 3007
4907 2 2 13 96 549 548 550
4908 2 2 13 96 2007 2005 2057
4909 2 2 13 96 2463 2727 4155
4910 2 2 13 96 1317 1319 1564
4911 2 2 13 96 872 820 873
4912 2 2 13 96 2459 2458 3363
4913 2 2 13 96 551 550 552
4914 2 2 13 96 2948 2041 3984
4915 2 2 13 96 855 1219 1740
4916 2 2 13 96 1256 852 3295
4917 2 2 13 96 1692 1874 1948
4918 2 2 13 96 766 1937 1938
4919 2 2 13 96 2495 2665 3627
4920 2 2 13 96 1564 1565 1962
4921 2 2 13 96 2239 1851 3031
4922 2 2 13 96 2057 2005 3335
4923 2 2 13 96 3082 1636 3288
4924 2 2 13 96 1599 1516 1626
4925 2 2 13 96 1920 3221 3684
4926 2 2 13 96 3243 1397 3377
4927 2 2 13 96 755 767 819
4928 2 2 13 96 1838 1394 3336
4929 2 2 13 96 1033 1031 3199
4930 2 2 13 96 120 121 3545
4931 2 2 13 96 854 1168 1169
4932 2 2 13 96 2380 2381 3000
4933 2 2 13 96 1381 3226 3346
4934 2 2 13 96 1243 621 1244
4935 2 2 13 96 1037 1035 1038
4936 2 2 13 96 1380 1483 2185
4937 2 2 13 96 2281 3235 3356
4938 2 2 13 96 1378 3144 3320
4939 2 2 13 96 903 902 1317
4940 2 2 13 96 701 702 712
4941 2 2 13 96 687 686 688
4942 2 2 13 96 1759 1758 3267
4943 2 2 13 96 1758 2157 3267
4944 2 2 13 96 2893 2307 3894
4945 2 2 13 96 1753 1527 3283
4946 2 2 13 96 926 925 3375
4947 2 2 13 96 202 59 3456
4948 2 2 13 96 222 3039 4291
4949 2 2 13 96 3241 1878 3396
4950 2 2 13 96 1210 1207 3293
4951 2 2 13 96 748 753 3274
4952 2 2 13 96 1337 1321 1516
4953 2 2 13 96 555 554 556
4954 2 2 13 96 681 698 700
4955 2 2 13 96 643 638 3291
4956 2 2 13 96 3052 3051 3800
4957 2 2 13 96 1119 1171 1581
4958 2 2 13 96 2632 2571 3682
4959 2 2 13 96 1166 1165 1167
4960 2 2 13 96 594 596 598
4961 2 2 13 96 475 3113 3114
4962 2 2 13 96 557 556 558
4963 2 2 13 96 583 1703 3330
4964 2 2 13 96 559 558 560
4965 2 2 13 96 561 560 562
4966 2 2 13 96 563 562 564
4967 2 2 13 96 3064 3063 3387
4968 2 2 13 96 565 564 566
4969 2 2 13 96 1196 1194 1420
4970 2 2 13 96 1952 2089 2090
4971 2 2 13 96 594 595 596
4972 2 2 13 96 2979 2522 4208
4973 2 2 13 96 1175 1174 1419
4974 2 2 13 96 1644 787 3273
4975 2 2 13 96 1905 2142 3260
4976 2 2 13 96 47 209 4229
4977 2 2 13 96 2359 3229 3549
4978 2 2 13 96 760 759 785
4979 2 2 13 96 912 910 1350
4980 2 2 13 96 2208 1865 3354
4981 2 2 13 96 3094 3133 4290
4982 2 2 13 96 1596 1216 3268
4983 2 2 13 96 2012 2010 3368
4984 2 2 13 96 578 580 3330
4985 2 2 13 96 828 865 866
4986 2 2 13 96 313 311 314
4987 2 2 13 96 865 829 867
4988 2 2 13 96 580 581 582
4989 2 2 13 96 1378 1613 3144
4990 2 2 13 96 1575 1832 3249
4991 2 2 13 96 1866 1865 1930
4992 2 2 13 96 1743 1469 3458
4993 2 2 13 96 828 793 829
4994 2 2 13 96 711 731 755
4995 2 2 13 96 281 282 283
4996 2 2 13 96 2826 2827 2828
4997 2 2 13 96 786 785 812
4998 2 2 13 96 589 590 591
4999 2 2 13 96 2101 2281 3433
5000 2 2 13 96 591 592 593
5001 2 2 13 96 1794 1795 2022
5002 2 2 13 96 685 684 686
5003 2 2 13 96 2976 1803 3556
5004 2 2 13 96 2741 2740 3892
5005 2 2 13 96 675 677 1325
5006 2 2 13 96 667 668 669
5007 2 2 13 96 1095 1094 1159
5008 2 2 13 96 1010 1008 1021
5009 2 2 13 96 1864 1865 1866
5010 2 2 13 96 2223 3477 3548
5011 2 2 13 96 767 731 1410
5012 2 2 13 96 582 581 588
5013 2 2 13 96 1832 1574 3265
5014 2 2 13 96 2022 1795 2283
5015 2 2 13 96 3235 1285 3356
5016 2 2 13 96 3337 1842 4117
5017 2 2 13 96 1725 1577 3249
5018 2 2 13 96 3422 474 3757
5019 2 2 13 96 733 735 3284
5020 2 2 13 96 877 889 1332
5021 2 2 13 96 1527 1736 3283
5022 2 2 13 96 2232 2231 3004
5023 2 2 13 96 3326 1154 3327
5024 2 2 13 96 225 142 4179
5025 2 2 13 96 528 527 529
5026 2 2 13 96 113 114 3627
5027 2 2 13 96 1169 1168 1321
5028 2 2 13 96 644 651 3251
5029 2 2 13 96 586 587 589
5030 2 2 13 96 1629 1536 3250
5031 2 2 13 96 1225 1208 3271
5032 2 2 13 96 696 697 701
5033 2 2 13 96 1465 1764 1765
5034 2 2 13 96 2415 2893 4116
5035 2 2 13 96 1790 1533 1791
5036 2 2 13 96 2160 263 3842
5037 2 2 13 96 4109 2147 4129
5038 2 2 13 96 1947 769 3280
5039 2 2 13 96 1815 1413 2150
5040 2 2 13 96 3050 1857 3457
5041 2 2 13 96 2354 2030 3269
5042 2 2 13 96 2561 2559 2562
5043 2 2 13 96 1864 1539 1865
5044 2 2 13 96 2058 2057 2193
5045 2 2 13 96 1186 1167 1352
5046 2 2 13 96 693 694 696
5047 2 2 13 96 505 506 507
5048 2 2 13 96 691 692 693
5049 2 2 13 96 766 659 1687
5050 2 2 13 96 671 672 673
5051 2 2 13 96 1797 1933 2095
5052 2 2 13 96 669 670 671
5053 2 2 13 96 308 1609 4274
5054 2 2 13 96 1205 2096 3293
5055 2 2 13 96 792 757 793
5056 2 2 13 96 404 403 3264
5057 2 2 13 96 795 4142 4201
5058 2 2 13 96 3227 2398 3669
5059 2 2 13 96 1160 1159 1161
5060 2 2 13 96 2379 2435 4095
5061 2 2 13 96 2643 1128 3421
5062 2 2 13 96 2088 2015 3368
5063 2 2 13 96 2069 3243 3377
5064 2 2 13 96 866 1122 1123
5065 2 2 13 96 830 831 3295
5066 2 2 13 96 2948 2829 3471
5067 2 2 13 96 1013 1015 3257
5068 2 2 13 96 1555 1381 3346
5069 2 2 13 96 580 582 583
5070 2 2 13 96 256 2160 4286
5071 2 2 13 96 143 196 4179
5072 2 2 13 96 1790 1791 1792
5073 2 2 13 96 750 748 3274
5074 2 2 13 96 2867 4122 4256
5075 2 2 13 96 1676 3272 3472
5076 2 2 13 96 1961 3060 3312
5077 2 2 13 96 1162 1161 1163
5078 2 2 13 96 1950 1951 1952
5079 2 2 13 96 315 316 1142
5080 2 2 13 96 2030 2031 3269
5081 2 2 13 96 3093 1135 3518
5082 2 2 13 96 2023 2627 3801
5083 2 2 13 96 700 710 711
5084 2 2 13 96 2859 1345 3430
5085 2 2 13 96 2409 2145 3302
5086 2 2 13 96 871 820 872
5087 2 2 13 96 1250 1247 3300
5088 2 2 13 96 574 576 1316
5089 2 2 13 96 1209 1431 3271
5090 2 2 13 96 882 874 902
5091 2 2 13 96 3672 2221 4081
5092 2 2 13 96 3220 626 3345
5093 2 2 13 96 1992 1883 3184
5094 2 2 13 96 1034 1036 3178
5095 2 2 13 96 2968 464 3087
5096 2 2 13 96 2044 2355 3319
5097 2 2 13 96 819 767 820
5098 2 2 13 96 1285 1288 3356
5099 2 2 13 96 3418 2062 3419
5100 2 2 13 96 3415 2119 3467
5101 2 2 13 96 79 197 4312
5102 2 2 13 96 209 48 3949
5103 2 2 13 96 867 869 1294
5104 2 2 13 96 2404 3211 3608
5105 2 2 13 96 2207 1753 3283
5106 2 2 13 96 925 2796 3375
5107 2 2 13 96 420 418 431
5108 2 2 13 96 1930 2712 3294
5109 2 2 13 96 1927 2446 2613
5110 2 2 13 96 2553 2552 2995
5111 2 2 13 96 3141 2397 4199
5112 2 2 13 96 2068 2067 2259
5113 2 2 13 96 755 731 767
5114 2 2 13 96 1996 1659 1997
5115 2 2 13 96 3528 262 4054
5116 2 2 13 96 3002 2936 3445
5117 2 2 13 96 327 324 1928
5118 2 2 13 96 834 849 3416
5119 2 2 13 96 3894 761 4138
5120 2 2 13 96 3277 814 3539
5121 2 2 13 96 805 806 843
5122 2 2 13 96 1538 1540 1900
5123 2 2 13 96 1740 1742 3713
5124 2 2 13 96 3987 1986 4101
5125 2 2 13 96 657 659 766
5126 2 2 13 96 1900 1905 2593
5127 2 2 13 96 756 724 757
5128 2 2 13 96 615 1243 3297
5129 2 2 13 96 2066 1714 2067
5130 2 2 13 96 862 861 863
5131 2 2 13 96 1379 1655 1656
5132 2 2 13 96 2414 2776 4166
5133 2 2 13 96 872 873 874
5134 2 2 13 96 1123 1353 1354
5135 2 2 13 96 543 544 545
5136 2 2 13 96 72 73 3374
5137 2 2 13 96 2312 2065 2779
5138 2 2 13 96 2157 2725 3267
5139 2 2 13 96 1622 1621 2692
5140 2 2 13 96 2825 2824 4007
5141 2 2 13 96 2148 3341 3473
5142 2 2 13 96 2554 2972 3869
5143 2 2 13 96 366 367 368
5144 2 2 13 96 492 493 1414
5145 2 2 13 96 717 791 2213
5146 2 2 13 96 711 710 731
5147 2 2 13 96 806 807 811
5148 2 2 13 96 526 525 527
5149 2 2 13 96 1877 2060 3285
5150 2 2 13 96 529 531 3282
5151 2 2 13 96 769 770 805
5152 2 2 13 96 753 3254 3274
5153 2 2 13 96 2391 1845 3312
5154 2 2 13 96 1208 1209 3271
5155 2 2 13 96 1687 659 3259
5156 2 2 13 96 2378 1915 2379
5157 2 2 13 96 198 140 3424
5158 2 2 13 96 581 579 3261
5159 2 2 13 96 366 368 3062
5160 2 2 13 96 1845 1844 3312
5161 2 2 13 96 2450 4203 4250
5162 2 2 13 96 45 46 3882
5163 2 2 13 96 1214 1595 3301
5164 2 2 13 96 647 646 684
5165 2 2 13 96 502 1370 1371
5166 2 2 13 96 583 582 584
5167 2 2 13 96 1838 3336 3359
5168 2 2 13 96 1183 1040 1184
5169 2 2 13 96 2018 2015 2088
5170 2 2 13 96 2183 2588 3270
5171 2 2 13 96 583 584 586
5172 2 2 13 96 3125 3124 3446
5173 2 2 13 96 1916 1599 3289
5174 2 2 13 96 2929 1935 2930
5175 2 2 13 96 375 376 379
5176 2 2 13 96 1023 1025 1046
5177 2 2 13 96 2910 719 4310
5178 2 2 13 96 1948 1949 1950
5179 2 2 13 96 3169 2464 3497
5180 2 2 13 96 756 792 1717
5181 2 2 13 96 1203 733 3284
5182 2 2 13 96 706 648 2112
5183 2 2 13 96 689 690 691
5184 2 2 13 96 1087 1086 1129
5185 2 2 13 96 854 901 1168
5186 2 2 13 96 2356 2019 3049
5187 2 2 13 96 1511 1509 1848
5188 2 2 13 96 3845 2106 3929
5189 2 2 13 96 441 440 471
5190 2 2 13 96 1564 1963 3318
5191 2 2 13 96 3677 3013 3798
5192 2 2 13 96 490 501 502
5193 2 2 13 96 1956 841 2072
5194 2 2 13 96 2060 2548 3285
5195 2 2 13 96 1995 1659 1996
5196 2 2 13 96 442 2894 3937
5197 2 2 13 96 590 1229 3276
5198 2 2 13 96 1431 1211 3301
5199 2 2 13 96 2406 2596 4231
5200 2 2 13 96 3273 808 3416
5201 2 2 13 96 635 630 637
5202 2 2 13 96 4189 1108 4192
5203 2 2 13 96 3334 2226 4210
5204 2 2 13 96 2261 2262 2455
5205 2 2 13 96 610 609 3297
5206 2 2 13 96 322 325 375
5207 2 2 13 96 726 825 2136
5208 2 2 13 96 629 626 630
5209 2 2 13 96 2349 2350 2351
5210 2 2 13 96 681 682 698
5211 2 2 13 96 2243 2241 3553
5212 2 2 13 96 2114 817 3304
5213 2 2 13 96 1529 1420 1829
5214 2 2 13 96 2332 2050 2333
5215 2 2 13 96 687 688 689
5216 2 2 13 96 1307 1554 1601
5217 2 2 13 96 1498 1419 3360
5218 2 2 13 96 2830 197 3965
5219 2 2 13 96 1601 1843 2052
5220 2 2 13 96 607 610 3316
5221 2 2 13 96 828 829 865
5222 2 2 13 96 439 438 440
5223 2 2 13 96 2691 2182 3270
5224 2 2 13 96 298 1981 1983
5225 2 2 13 96 2918 3868 4130
5226 2 2 13 96 570 572 585
5227 2 2 13 96 709 708 3287
5228 2 2 13 96 336 339 369
5229 2 2 13 96 792 793 828
5230 2 2 13 96 708 720 3287
5231 2 2 13 96 852 830 3295
5232 2 2 13 96 917 2152 3443
5233 2 2 13 96 1385 1340 1630
5234 2 2 13 96 704 705 716
5235 2 2 13 96 1632 1752 2660
5236 2 2 13 96 1354 1353 1538
5237 2 2 13 96 436 435 438
5238 2 2 13 96 2902 695 3744
5239 2 2 13 96 2169 1804 2170
5240 2 2 13 96 1602 1749 1872
5241 2 2 13 96 685 686 687
5242 2 2 13 96 1021 3006 3897
5243 2 2 13 96 685 687 695
5244 2 2 13 96 1247 1248 3300
5245 2 2 13 96 2168 1809 2173
5246 2 2 13 96 1937 1687 2156
5247 2 2 13 96 1189 2965 4166
5248 2 2 13 96 3420 2581 4010
5249 2 2 13 96 1382 1627 3372
5250 2 2 13 96 998 1000 3680
5251 2 2 13 96 2111 709 3287
5252 2 2 13 96 415 416 417
5253 2 2 13 96 679 680 681
5254 2 2 13 96 1935 1669 3236
5255 2 2 13 96 592 590 3276
5256 2 2 13 96 1207 1205 3293
5257 2 2 13 96 371 373 1308
5258 2 2 13 96 673 672 674
5259 2 2 13 96 1194 1193 1195
5260 2 2 13 96 730 752 769
5261 2 2 13 96 1739 1513 1757
5262 2 2 13 96 361 362 363
5263 2 2 13 96 625 620 626
5264 2 2 13 96 811 844 854
5265 2 2 13 96 2382 1877 3285
5266 2 2 13 96 1745 317 2855
5267 2 2 13 96 1211 1214 3301
5268 2 2 13 96 1014 1012 1218
5269 2 2 13 96 1605 1231 3654
5270 2 2 13 96 2998 3505 3594
5271 2 2 13 96 735 738 3284
5272 2 2 13 96 1123 1122 1353
5273 2 2 13 96 2373 1916 3289
5274 2 2 13 96 595 592 3276
5275 2 2 13 96 2744 4130 4202
5276 2 2 13 96 1111 1787 1903
5277 2 2 13 96 254 258 2377
5278 2 2 13 96 3268 2077 3415
5279 2 2 13 96 2879 2889 3940
5280 2 2 13 96 379 380 381
5281 2 2 13 96 1807 1504 3310
5282 2 2 13 96 369 483 492
5283 2 2 13 96 1446 1312 3311
5284 2 2 13 96 2562 2559 3562
5285 2 2 13 96 1548 1546 3325
5286 2 2 13 96 2633 2088 2634
5287 2 2 13 96 2563 2562 2564
5288 2 2 13 96 2438 3054 3055
5289 2 2 13 96 1394 1392 3336
5290 2 2 13 96 1364 1423 1424
5291 2 2 13 96 1672 2963 4103
5292 2 2 13 96 226 2790 4020
5293 2 2 13 96 1170 3084 3511
5294 2 2 13 96 1823 2107 2108
5295 2 2 13 96 1318 1317 3318
5296 2 2 13 96 1868 1866 3294
5297 2 2 13 96 2481 3337 4117
5298 2 2 13 96 866 865 1122
5299 2 2 13 96 1330 1331 3871
5300 2 2 13 96 1682 1250 3300
5301 2 2 13 96 2589 2475 4216
5302 2 2 13 96 2491 2265 3658
5303 2 2 13 96 1397 3219 3377
5304 2 2 13 96 1660 1291 2840
5305 2 2 13 96 1599 1626 3289
5306 2 2 13 96 2918 2729 3120
5307 2 2 13 96 1936 2616 3383
5308 2 2 13 96 3154 3156 3792
5309 2 2 13 96 3705 3827 4271
5310 2 2 13 96 817 859 3304
5311 2 2 13 96 545 546 547
5312 2 2 13 96 795 743 4142
5313 2 2 13 96 331 365 366
5314 2 2 13 96 1325 2931 4042
5315 2 2 13 96 432 426 3388
5316 2 2 13 96 4079 1635 4300
5317 2 2 13 96 720 1274 3287
5318 2 2 13 96 1929 2432 2598
5319 2 2 13 96 1522 2197 3425
5320 2 2 13 96 805 770 806
5321 2 2 13 96 800 802 3575
5322 2 2 13 96 1914 1915 2378
5323 2 2 13 96 859 1221 3304
5324 2 2 13 96 609 615 3297
5325 2 2 13 96 1847 1552 3325
5326 2 2 13 96 636 641 642
5327 2 2 13 96 2335 3273 3416
5328 2 2 13 96 730 1947 3504
5329 2 2 13 96 3011 1351 3462
5330 2 2 13 96 796 842 3317
5331 2 2 13 96 2256 2079 3380
5332 2 2 13 96 2108 2555 2556
5333 2 2 13 96 2031 3415 3467
5334 2 2 13 96 700 698 710
5335 2 2 13 96 551 552 553
5336 2 2 13 96 1936 1830 2425
5337 2 2 13 96 2077 2119 3415
5338 2 2 13 96 1032 1034 1044
5339 2 2 13 96 1584 1585 1586
5340 2 2 13 96 2895 645 4185
5341 2 2 13 96 1866 1930 3294
5342 2 2 13 96 553 554 555
5343 2 2 13 96 2211 3017 3639
5344 2 2 13 96 619 614 620
5345 2 2 13 96 2094 871 3296
5346 2 2 13 96 665 667 719
5347 2 2 13 96 636 635 641
5348 2 2 13 96 2430 2249 3402
5349 2 2 13 96 647 684 685
5350 2 2 13 96 2595 3344 4191
5351 2 2 13 96 3124 95 3446
5352 2 2 13 96 4130 1043 4202
5353 2 2 13 96 3197 2471 3747
5354 2 2 13 96 2935 2838 4077
5355 2 2 13 96 555 556 557
5356 2 2 13 96 769 805 3280
5357 2 2 13 96 3637 803 3780
5358 2 2 13 96 557 558 559
5359 2 2 13 96 559 560 561
5360 2 2 13 96 936 934 938
5361 2 2 13 96 561 562 563
5362 2 2 13 96 563 564 565
5363 2 2 13 96 769 752 770
5364 2 2 13 96 1816 1321 3361
5365 2 2 13 96 629 630 635
5366 2 2 13 96 2854 2351 3376
5367 2 2 13 96 671 673 728
5368 2 2 13 96 564 562 3348
5369 2 2 13 96 2068 2348 2349
5370 2 2 13 96 3196 1122 3400
5371 2 2 13 96 698 682 699
5372 2 2 13 96 2478 3392 3393
5373 2 2 13 96 1085 1077 1094
5374 2 2 13 96 3300 2793 3681
5375 2 2 13 96 2890 768 4115
5376 2 2 13 96 1840 1603 3498
5377 2 2 13 96 1346 1347 1356
5378 2 2 13 96 625 626 629
5379 2 2 13 96 782 3073 4023
5380 2 2 13 96 3671 2681 3890
5381 2 2 13 96 681 680 682
5382 2 2 13 96 675 676 677
5383 2 2 13 96 2593 1905 3260
5384 2 2 13 96 467 465 2041
5385 2 2 13 96 1221 1562 3304
5386 2 2 13 96 1261 1262 1263
5387 2 2 13 96 762 796 3317
5388 2 2 13 96 1596 3268 3415
5389 2 2 13 96 660 663 3259
5390 2 2 13 96 1227 1675 2380
5391 2 2 13 96 2287 2289 2290
5392 2 2 13 96 2393 3325 3496
5393 2 2 13 96 1588 1587 1589
5394 2 2 13 96 864 863 883
5395 2 2 13 96 416 414 2872
5396 2 2 13 96 2183 1757 2191
5397 2 2 13 96 977 978 979
5398 2 2 13 96 2265 2113 3432
5399 2 2 13 96 1720 1722 2437
5400 2 2 13 96 956 964 3918
5401 2 2 13 96 1319 902 3341
5402 2 2 13 96 1857 3050 4193
5403 2 2 13 96 2176 2454 4041
5404 2 2 13 96 716 717 3323
5405 2 2 13 96 547 548 549
5406 2 2 13 96 2360 2361 3954
5407 2 2 13 96 2303 2702 3828
5408 2 2 13 96 2076 1868 3294
5409 2 2 13 96 797 845 3783
5410 2 2 13 96 1936 2425 2545
5411 2 2 13 96 727 652 2051
5412 2 2 13 96 3636 2053 4242
5413 2 2 13 96 1445 1312 1446
5414 2 2 13 96 2481 1926 3337
5415 2 2 13 96 2713 2679 3459
5416 2 2 13 96 1656 3451 3688
5417 2 2 13 96 2281 3372 3433
5418 2 2 13 96 2727 2728 4155
5419 2 2 13 96 549 550 551
5420 2 2 13 96 1359 2927 4003
5421 2 2 13 96 1612 1377 3338
5422 2 2 13 96 605 607 3316
5423 2 2 13 96 208 2979 4208
5424 2 2 13 96 1374 1373 1375
5425 2 2 13 96 677 678 679
5426 2 2 13 96 1854 1883 1992
5427 2 2 13 96 2346 3438 3837
5428 2 2 13 96 619 620 625
5429 2 2 13 96 2145 2147 3302
5430 2 2 13 96 1274 762 3317
5431 2 2 13 96 3167 1455 3611
5432 2 2 13 96 3128 364 3129
5433 2 2 13 96 736 3060 4104
5434 2 2 13 96 1844 1961 3312
5435 2 2 13 96 1578 1305 3602
5436 2 2 13 96 563 565 600
5437 2 2 13 96 598 2866 4188
5438 2 2 13 96 2182 1757 2183
5439 2 2 13 96 1433 1049 2669
5440 2 2 13 96 637 646 647
5441 2 2 13 96 996 994 1049
5442 2 2 13 96 566 568 1702
5443 2 2 13 96 1878 1517 1879
5444 2 2 13 96 2038 1498 3360
5445 2 2 13 96 2174 1462 4118
5446 2 2 13 96 1375 1379 3338
5447 2 2 13 96 2314 2224 2436
5448 2 2 13 96 2777 2778 3909
5449 2 2 13 96 613 614 619
5450 2 2 13 96 975 973 3559
5451 2 2 13 96 766 1687 1937
5452 2 2 13 96 335 333 3543
5453 2 2 13 96 2454 3988 4058
5454 2 2 13 96 427 429 433
5455 2 2 13 96 2684 3995 4171
5456 2 2 13 96 1258 605 3316
5457 2 2 13 96 3372 1922 3433
5458 2 2 13 96 1937 2156 2526
5459 2 2 13 96 756 757 792
5460 2 2 13 96 841 813 3477
5461 2 2 13 96 1224 1584 3622
5462 2 2 13 96 1895 1048 2271
5463 2 2 13 96 1447 1446 1448
5464 2 2 13 96 1019 3001 3544
5465 2 2 13 96 2137 2629 3605
5466 2 2 13 96 998 999 1000
5467 2 2 13 96 1410 731 3308
5468 2 2 13 96 2170 2552 2553
5469 2 2 13 96 1829 1420 1830
5470 2 2 13 96 2886 3174 3332
5471 2 2 13 96 1192 1193 1194
5472 2 2 13 96 1829 1830 1936
5473 2 2 13 96 2290 2291 2292
5474 2 2 13 96 1140 1138 1151
5475 2 2 13 96 730 716 752
5476 2 2 13 96 963 962 980
5477 2 2 13 96 932 929 1335
5478 2 2 13 96 1611 1612 1854
5479 2 2 13 96 675 674 676
5480 2 2 13 96 642 648 649
5481 2 2 13 96 679 678 680
5482 2 2 13 96 1719 2093 2605
5483 2 2 13 96 1985 1474 3753
5484 2 2 13 96 3190 751 4296
5485 2 2 13 96 226 78 4312
5486 2 2 13 96 2438 1722 2970
5487 2 2 13 96 463 462 3044
5488 2 2 13 96 2167 2101 3433
5489 2 2 13 96 1633 1631 2592
5490 2 2 13 96 649 706 707
5491 2 2 13 96 1709 2752 4309
5492 2 2 13 96 707 724 725
5493 2 2 13 96 2255 2925 3406
5494 2 2 13 96 2490 3659 3818
5495 2 2 13 96 872 882 3296
5496 2 2 13 96 1079 1113 1259
5497 2 2 13 96 1317 1564 3318
5498 2 2 13 96 1297 473 3121
5499 2 2 13 96 1419 1779 1780
5500 2 2 13 96 2147 1807 3310
5501 2 2 13 96 1424 2104 2179
5502 2 2 13 96 1773 1774 1775
5503 2 2 13 96 1780 2175 2231
5504 2 2 13 96 995 997 998
5505 2 2 13 96 1523 1414 3501
5506 2 2 13 96 464 461 3238
5507 2 2 13 96 632 639 3367
5508 2 2 13 96 3663 2160 4125
5509 2 2 13 96 1734 1069 3241
5510 2 2 13 96 874 875 3341
5511 2 2 13 96 1552 1548 3325
5512 2 2 13 96 599 2957 4295
5513 2 2 13 96 2455 2522 2979
5514 2 2 13 96 584 3222 3817
5515 2 2 13 96 1017 1018 1019
5516 2 2 13 96 2551 2139 3605
5517 2 2 13 96 466 1182 3044
5518 2 2 13 96 468 470 3679
5519 2 2 13 96 1752 2192 3205
5520 2 2 13 96 2272 2857 3524
5521 2 2 13 96 3740 2186 3788
5522 2 2 13 96 812 814 1190
5523 2 2 13 96 484 2645 3552
5524 2 2 13 96 562 560 3499
5525 2 2 13 96 513 1365 3660
5526 2 2 13 96 3569 2338 3746
5527 2 2 13 96 3072 3070 4113
5528 2 2 13 96 81 227 3481
5529 2 2 13 96 603 1258 3347
5530 2 2 13 96 3477 1190 3548
5531 2 2 13 96 2745 2072 3463
5532 2 2 13 96 725 724 756
5533 2 2 13 96 835 821 3816
5534 2 2 13 96 707 706 724
5535 2 2 13 96 860 861 862
5536 2 2 13 96 677 676 678
5537 2 2 13 96 1443 1622 2954
5538 2 2 13 96 1461 1804 2169
5539 2 2 13 96 649 648 706
5540 2 2 13 96 808 834 3416
5541 2 2 13 96 871 872 3296
5542 2 2 13 96 1504 1762 3310
5543 2 2 13 96 1331 3608 3893
5544 2 2 13 96 673 674 675
5545 2 2 13 96 2820 2468 4102
5546 2 2 13 96 2976 3556 4205
5547 2 2 13 96 3085 3086 3550
5548 2 2 13 96 2294 2295 2296
5549 2 2 13 96 1449 1448 1450
5550 2 2 13 96 150 151 3455
5551 2 2 13 96 2166 2092 2606
5552 2 2 13 96 2134 1699 3537
5553 2 2 13 96 1419 1174 1779
5554 2 2 13 96 3327 3740 3788
5555 2 2 13 96 2252 3768 3810
5556 2 2 13 96 2485 3989 4199
5557 2 2 13 96 3331 1703 4041
5558 2 2 13 96 2394 2676 4241
5559 2 2 13 96 613 612 614
5560 2 2 13 96 1626 3101 4027
5561 2 2 13 96 642 641 648
5562 2 2 13 96 1296 1295 4249
5563 2 2 13 96 3032 2745 3793
5564 2 2 13 96 1841 3046 3533
5565 2 2 13 96 1190 1191 1192
5566 2 2 13 96 2821 1716 4287
5567 2 2 13 96 2183 2191 2587
5568 2 2 13 96 939 936 3358
5569 2 2 13 96 900 846 3700
5570 2 2 13 96 704 716 730
5571 2 2 13 96 3792 3156 4121
5572 2 2 13 96 1925 1861 2186
5573 2 2 13 96 596 603 3347
5574 2 2 13 96 2983 475 3902
5575 2 2 13 96 711 818 3989
5576 2 2 13 96 1168 1334 3361
5577 2 2 13 96 343 342 344
5578 2 2 13 96 823 851 860
5579 2 2 13 96 2031 1596 3415
5580 2 2 13 96 1171 1275 3357
5581 2 2 13 96 1091 1067 1092
5582 2 2 13 96 386 388 3447
5583 2 2 13 96 1104 1224 3622
5584 2 2 13 96 2927 2061 2928
5585 2 2 13 96 1539 1538 3354
5586 2 2 13 96 36 29 338
5587 2 2 13 96 858 857 1339
5588 2 2 13 96 2275 1831 2937
5589 2 2 13 96 1544 1629 3496
5590 2 2 13 96 2932 1932 4270
5591 2 2 13 96 2542 3381 3382
5592 2 2 13 96 2271 1048 3678
5593 2 2 13 96 1117 1092 1118
5594 2 2 13 96 1263 1264 1265
5595 2 2 13 96 1865 1539 3354
5596 2 2 13 96 2275 2937 3713
5597 2 2 13 96 507 506 508
5598 2 2 13 96 3184 2129 3612
5599 2 2 13 96 2558 2559 2561
5600 2 2 13 96 627 632 3367
5601 2 2 13 96 1275 3290 3357
5602 2 2 13 96 2426 3143 4119
5603 2 2 13 96 991 984 3170
5604 2 2 13 96 979 987 988
5605 2 2 13 96 1190 814 1191
5606 2 2 13 96 864 1135 1713
5607 2 2 13 96 215 42 3985
5608 2 2 13 96 3189 3071 4334
5609 2 2 13 96 522 521 523
5610 2 2 13 96 1046 1025 1260
5611 2 2 13 96 2361 2681 3671
5612 2 2 13 96 3039 210 3495
5613 2 2 13 96 1356 1357 1386
5614 2 2 13 96 1780 1779 2175
5615 2 2 13 96 3697 2073 3699
5616 2 2 13 96 1060 1111 3263
5617 2 2 13 96 227 3849 4151
5618 2 2 13 96 1749 1929 3540
5619 2 2 13 96 3246 2153 3775
5620 2 2 13 96 3576 3209 4218
5621 2 2 13 96 1192 1191 1193
5622 2 2 13 96 2108 2556 2557
5623 2 2 13 96 1108 1088 4192
5624 2 2 13 96 1367 3419 4325
5625 2 2 13 96 3343 3717 3957
5626 2 2 13 96 902 874 3341
5627 2 2 13 96 2606 3030 4303
5628 2 2 13 96 2091 2090 2092
5629 2 2 13 96 2349 2348 2350
5630 2 2 13 96 557 559 1361
5631 2 2 13 96 2068 2259 2348
5632 2 2 13 96 1410 3308 3309
5633 2 2 13 96 303 2135 2225
5634 2 2 13 96 1451 1450 1452
5635 2 2 13 96 2912 3200 3896
5636 2 2 13 96 580 583 3330
5637 2 2 13 96 2446 2621 4114
5638 2 2 13 96 1822 1823 2224
5639 2 2 13 96 1822 1821 1823
5640 2 2 13 96 1526 1688 1689
5641 2 2 13 96 2423 3278 4180
5642 2 2 13 96 1374 1377 1378
5643 2 2 13 96 2620 2151 2746
5644 2 2 13 96 620 876 3345
5645 2 2 13 96 3106 128 3857
5646 2 2 13 96 3055 3054 3056
5647 2 2 13 96 2216 3394 3565
5648 2 2 13 96 1030 1032 3592
5649 2 2 13 96 3250 1390 3546
5650 2 2 13 96 1372 1371 1373
5651 2 2 13 96 2270 1130 2975
5652 2 2 13 96 2066 2067 2068
5653 2 2 13 96 893 1256 3602
5654 2 2 13 96 600 612 613
5655 2 2 13 96 2048 2050 2332
5656 2 2 13 96 636 3030 3805
5657 2 2 13 96 1265 1266 1268
5658 2 2 13 96 2808 2084 3862
5659 2 2 13 96 3369 1581 3370
5660 2 2 13 96 479 2972 4205
5661 2 2 13 96 1489 495 2423
5662 2 2 13 96 1834 1835 2118
5663 2 2 13 96 1707 2140 2198
5664 2 2 13 96 1458 627 3367
5665 2 2 13 96 889 1119 3369
5666 2 2 13 96 1720 1608 1721
5667 2 2 13 96 973 972 1927
5668 2 2 13 96 1187 1525 1526
5669 2 2 13 96 3416 849 3549
5670 2 2 13 96 2098 2097 2519
5671 2 2 13 96 1365 1799 2267
5672 2 2 13 96 600 3191 3717
5673 2 2 13 96 407 1920 3349
5674 2 2 13 96 2182 2183 3270
5675 2 2 13 96 287 285 288
5676 2 2 13 96 2818 2258 3460
5677 2 2 13 96 2083 2635 3211
5678 2 2 13 96 2720 2717 3442
5679 2 2 13 96 1047 1017 3544
5680 2 2 13 96 919 917 3443
5681 2 2 13 96 448 478 4209
5682 2 2 13 96 1389 1683 3546
5683 2 2 13 96 746 750 3579
5684 2 2 13 96 1888 3315 3778
5685 2 2 13 96 1396 3488 3760
5686 2 2 13 96 1843 1554 2131
5687 2 2 13 96 3509 3565 4223
5688 2 2 13 96 1715 3217 3588
5689 2 2 13 96 1520 1519 1521
5690 2 2 13 96 2980 2981 3547
5691 2 2 13 96 883 1133 3518
5692 2 2 13 96 1607 1521 1608
5693 2 2 13 96 2127 2544 3637
5694 2 2 13 96 3343 561 3717
5695 2 2 13 96 1321 1168 3361
5696 2 2 13 96 359 360 361
5697 2 2 13 96 1518 1132 1519
5698 2 2 13 96 876 614 3469
5699 2 2 13 96 1439 1440 2954
5700 2 2 13 96 1581 1171 3357
5701 2 2 13 96 1684 2063 2064
5702 2 2 13 96 3638 2512 3855
5703 2 2 13 96 58 202 3618
5704 2 2 13 96 1520 1607 1857
5705 2 2 13 96 381 382 3350
5706 2 2 13 96 3472 3046 3476
5707 2 2 13 96 1978 320 3414
5708 2 2 13 96 3364 1860 3771
5709 2 2 13 96 3223 2203 3732
5710 2 2 13 96 1200 1118 1425
5711 2 2 13 96 2557 2558 2560
5712 2 2 13 96 3088 2205 3761
5713 2 2 13 96 637 647 1336
5714 2 2 13 96 2419 2677 4212
5715 2 2 13 96 291 289 294
5716 2 2 13 96 990 473 1297
5717 2 2 13 96 3461 1850 3966
5718 2 2 13 96 2719 3352 3698
5719 2 2 13 96 348 345 3014
5720 2 2 13 96 3316 2923 4168
5721 2 2 13 96 998 2849 4183
5722 2 2 13 96 2557 2556 2558
5723 2 2 13 96 1713 1714 2065
5724 2 2 13 96 626 620 3345
5725 2 2 13 96 1386 1387 1834
5726 2 2 13 96 598 596 3347
5727 2 2 13 96 472 469 474
5728 2 2 13 96 1002 1001 1003
5729 2 2 13 96 978 975 3559
5730 2 2 13 96 1004 1003 1005
5731 2 2 13 96 587 584 3817
5732 2 2 13 96 1509 1507 3379
5733 2 2 13 96 1931 3401 3595
5734 2 2 13 96 1119 1581 3369
5735 2 2 13 96 1820 1821 1822
5736 2 2 13 96 1185 1184 1233
5737 2 2 13 96 1664 1662 3224
5738 2 2 13 96 2493 1917 3829
5739 2 2 13 96 944 941 948
5740 2 2 13 96 1006 1005 1007
5741 2 2 13 96 193 247 4153
5742 2 2 13 96 1130 1129 1407
5743 2 2 13 96 2187 2186 2352
5744 2 2 13 96 2323 2321 2324
5745 2 2 13 96 1194 1195 3440
5746 2 2 13 96 717 2213 3323
5747 2 2 13 96 3046 3272 3533
5748 2 2 13 96 3048 2204 3943
5749 2 2 13 96 281 279 282
5750 2 2 13 96 3434 2523 3763
5751 2 2 13 96 873 820 3394
5752 2 2 13 96 2229 3306 3620
5753 2 2 13 96 898 895 3462
5754 2 2 13 96 554 618 4282
5755 2 2 13 96 2119 2706 3467
5756 2 2 13 96 1462 1303 4118
5757 2 2 13 96 2288 3329 3997
5758 2 2 13 96 3396 1878 3764
5759 2 2 13 96 2841 3257 3612
5760 2 2 13 96 1133 1322 1324
5761 2 2 13 96 1360 3403 3404
5762 2 2 13 96 742 741 3587
5763 2 2 13 96 3309 3758 4012
5764 2 2 13 96 2453 3938 4278
5765 2 2 13 96 723 713 3972
5766 2 2 13 96 1922 2440 3597
5767 2 2 13 96 2064 2394 2420
5768 2 2 13 96 867 1294 3400
5769 2 2 13 96 864 883 1135
5770 2 2 13 96 2056 2498 2724
5771 2 2 13 96 572 574 3395
5772 2 2 13 96 752 716 3323
5773 2 2 13 96 3330 3331 3386
5774 2 2 13 96 2438 2970 3054
5775 2 2 13 96 3406 3715 3873
5776 2 2 13 96 2225 2135 2226
5777 2 2 13 96 3000 2381 3950
5778 2 2 13 96 2376 2528 3492
5779 2 2 13 96 1069 1131 3241
5780 2 2 13 96 1070 1068 2338
5781 2 2 13 96 1074 1066 1077
5782 2 2 13 96 828 866 3390
5783 2 2 13 96 355 356 357
5784 2 2 13 96 739 742 3630
5785 2 2 13 96 1131 1132 1517
5786 2 2 13 96 576 578 3386
5787 2 2 13 96 1290 1661 3767
5788 2 2 13 96 2923 2924 4168
5789 2 2 13 96 1426 1425 1860
5790 2 2 13 96 192 249 4159
5791 2 2 13 96 2937 3299 3713
5792 2 2 13 96 860 862 1560
5793 2 2 13 96 966 963 3208
5794 2 2 13 96 812 785 814
5795 2 2 13 96 1101 1103 3438
5796 2 2 13 96 1419 1780 3360
5797 2 2 13 96 3288 2239 3898
5798 2 2 13 96 1292 3426 3690
5799 2 2 13 96 3143 2426 4107
5800 2 2 13 96 1966 2401 2402
5801 2 2 13 96 2072 2223 2358
5802 2 2 13 96 1374 1375 1377
5803 2 2 13 96 600 565 612
5804 2 2 13 96 865 867 3400
5805 2 2 13 96 1538 1900 3354
5806 2 2 13 96 1372 1373 1374
5807 2 2 13 96 1332 889 3369
5808 2 2 13 96 1011 1333 4311
5809 2 2 13 96 1225 3271 3432
5810 2 2 13 96 1181 1802 1862
5811 2 2 13 96 875 2217 3473
5812 2 2 13 96 1906 1737 2097
5813 2 2 13 96 856 826 857
5814 2 2 13 96 3298 2206 3466
5815 2 2 13 96 2511 2510 2512
5816 2 2 13 96 1507 2038 3379
5817 2 2 13 96 2523 2500 4267
5818 2 2 13 96 357 358 359
5819 2 2 13 96 3308 710 3398
5820 2 2 13 96 1903 1787 2205
5821 2 2 13 96 3885 3247 4080
5822 2 2 13 96 2561 2562 2563
5823 2 2 13 96 1601 1554 1843
5824 2 2 13 96 621 616 3567
5825 2 2 13 96 1310 1312 1445
5826 2 2 13 96 2602 1880 2603
5827 2 2 13 96 1291 1597 1685
5828 2 2 13 96 1301 1401 1403
5829 2 2 13 96 1307 1114 1364
5830 2 2 13 96 316 314 1363
5831 2 2 13 96 1228 381 3350
5832 2 2 13 96 4053 2624 4323
5833 2 2 13 96 479 452 3869
5834 2 2 13 96 3204 1798 4037
5835 2 2 13 96 897 2726 4167
5836 2 2 13 96 589 761 3722
5837 2 2 13 96 862 863 864
5838 2 2 13 96 3008 1022 4011
5839 2 2 13 96 1360 334 3403
5840 2 2 13 96 1820 1819 1821
5841 2 2 13 96 2662 1100 3730
5842 2 2 13 96 1412 1706 1707
5843 2 2 13 96 568 570 3399
5844 2 2 13 96 2877 2880 4126
5845 2 2 13 96 1130 1407 2975
5846 2 2 13 96 3831 2285 3840
5847 2 2 13 96 2327 2326 2328
5848 2 2 13 96 2221 2220 3513
5849 2 2 13 96 257 1434 3508
5850 2 2 13 96 1859 2374 2375
5851 2 2 13 96 3050 2898 4193
5852 2 2 13 96 2437 1722 2438
5853 2 2 13 96 2539 3210 3826
5854 2 2 13 96 1141 2903 4162
5855 2 2 13 96 3370 2908 3978
5856 2 2 13 96 2692 1624 4182
5857 2 2 13 96 2056 2054 2498
5858 2 2 13 96 1069 1070 1131
5859 2 2 13 96 2853 1990 3879
5860 2 2 13 96 239 154 3888
5861 2 2 13 96 1973 2341 2342
5862 2 2 13 96 1362 1727 2199
5863 2 2 13 96 837 888 3833
5864 2 2 13 96 112 113 4213
5865 2 2 13 96 1727 1534 1944
5866 2 2 13 96 1546 1544 3496
5867 2 2 13 96 355 2172 3574
5868 2 2 13 96 2712 3123 4069
5869 2 2 13 96 2111 3072 4073
5870 2 2 13 96 2202 1944 2903
5871 2 2 13 96 69 238 3901
5872 2 2 13 96 2931 728 4042
5873 2 2 13 96 2325 2324 2326
5874 2 2 13 96 1133 1324 3518
5875 2 2 13 96 1854 1992 2311
5876 2 2 13 96 2851 2648 4056
5877 2 2 13 96 1362 1349 1534
5878 2 2 13 96 1500 1452 1566
5879 2 2 13 96 2306 2667 3981
5880 2 2 13 96 3257 1047 3612
5881 2 2 13 96 1952 2090 2091
5882 2 2 13 96 2557 2560 3428
5883 2 2 13 96 1685 1858 1859
5884 2 2 13 96 578 3330 3386
5885 2 2 13 96 1424 2179 2212
5886 2 2 13 96 2930 1935 3236
5887 2 2 13 96 993 988 3339
5888 2 2 13 96 2091 2092 2166
5889 2 2 13 96 3256 2209 3692
5890 2 2 13 96 1311 1314 3444
5891 2 2 13 96 1802 2818 3460
5892 2 2 13 96 3002 3184 3944
5893 2 2 13 96 2167 3433 3597
5894 2 2 13 96 2311 3484 3512
5895 2 2 13 96 3143 2988 4119
5896 2 2 13 96 2751 1800 2752
5897 2 2 13 96 2065 1714 2066
5898 2 2 13 96 3341 875 3473
5899 2 2 13 96 3222 2547 3817
5900 2 2 13 96 252 2377 3707
5901 2 2 13 96 2482 2343 2483
5902 2 2 13 96 1679 3220 3821
5903 2 2 13 96 1227 2380 3557
5904 2 2 13 96 2563 2564 2871
5905 2 2 13 96 820 767 3394
5906 2 2 13 96 1742 1763 2442
5907 2 2 13 96 3325 1546 3496
5908 2 2 13 96 767 1410 3394
5909 2 2 13 96 2223 841 3477
5910 2 2 13 96 334 336 3403
5911 2 2 13 96 1713 1135 1714
5912 2 2 13 96 4166 2776 4302
5913 2 2 13 96 1111 1903 3263
5914 2 2 13 96 1720 1721 1722
5915 2 2 13 96 3485 2270 3486
5916 2 2 13 96 477 472 3422
5917 2 2 13 96 441 471 3726
5918 2 2 13 96 701 768 3581
5919 2 2 13 96 963 980 3208
5920 2 2 13 96 1164 1165 1166
5921 2 2 13 96 1420 1194 3440
5922 2 2 13 96 1925 2187 2313
5923 2 2 13 96 425 426 427
5924 2 2 13 96 560 801 3499
5925 2 2 13 96 970 968 972
5926 2 2 13 96 3101 3102 4027
5927 2 2 13 96 1717 792 3390
5928 2 2 13 96 1378 1377 1611
5929 2 2 13 96 2212 2343 2482
5930 2 2 13 96 427 428 429
5931 2 2 13 96 1445 1447 2357
5932 2 2 13 96 2426 2393 4107
5933 2 2 13 96 2072 841 2223
5934 2 2 13 96 427 426 428
5935 2 2 13 96 636 642 4303
5936 2 2 13 96 1079 1259 3339
5937 2 2 13 96 2577 1825 3748
5938 2 2 13 96 1703 586 3722
5939 2 2 13 96 2709 3697 4308
5940 2 2 13 96 1739 2184 3610
5941 2 2 13 96 756 1717 3378
5942 2 2 13 96 1591 1589 3916
5943 2 2 13 96 3061 226 4020
5944 2 2 13 96 3166 241 4184
5945 2 2 13 96 2106 2134 3519
5946 2 2 13 96 792 828 3390
5947 2 2 13 96 265 266 267
5948 2 2 13 96 2832 2386 4263
5949 2 2 13 96 1964 2933 3896
5950 2 2 13 96 242 3136 4262
5951 2 2 13 96 2960 2664 3651
5952 2 2 13 96 428 432 3435
5953 2 2 13 96 277 275 1396
5954 2 2 13 96 3066 3180 3828
5955 2 2 13 96 1113 1080 1114
5956 2 2 13 96 1079 987 1080
5957 2 2 13 96 2946 1179 4063
5958 2 2 13 96 766 1938 3623
5959 2 2 13 96 514 517 3340
5960 2 2 13 96 366 365 367
5961 2 2 13 96 2212 2179 2343
5962 2 2 13 96 2173 2869 3643
5963 2 2 13 96 1182 468 3679
5964 2 2 13 96 1377 1375 3338
5965 2 2 13 96 1495 1421 2230
5966 2 2 13 96 1234 1233 1235
5967 2 2 13 96 832 619 3475
5968 2 2 13 96 1272 1427 3507
5969 2 2 13 96 2418 3259 3437
5970 2 2 13 96 553 555 599
5971 2 2 13 96 2491 3658 3766
5972 2 2 13 96 3010 1350 4008
5973 2 2 13 96 2095 3203 3830
5974 2 2 13 96 1153 1150 1349
5975 2 2 13 96 710 698 3398
5976 2 2 13 96 1927 2613 3559
5977 2 2 13 96 104 207 3535
5978 2 2 13 96 622 1458 3567
5979 2 2 13 96 1800 3941 4309
5980 2 2 13 96 3433 1922 3597
5981 2 2 13 96 3094 293 3133
5982 2 2 13 96 1818 1819 1820
5983 2 2 13 96 2970 1722 3482
5984 2 2 13 96 1437 1438 1439
5985 2 2 13 96 2591 2251 3810
5986 2 2 13 96 1436 1297 3121
5987 2 2 13 96 1500 1567 2132
5988 2 2 13 96 1366 798 1831
5989 2 2 13 96 1114 1080 4022
5990 2 2 13 96 1227 381 1228
5991 2 2 13 96 1122 865 3400
5992 2 2 13 96 1156 1296 1300
5993 2 2 13 96 3254 1676 3472
5994 2 2 13 96 1307 1364 1554
5995 2 2 13 96 574 1316 3395
5996 2 2 13 96 702 803 3807
5997 2 2 13 96 1000 1078 3680
5998 2 2 13 96 1427 1618 1619
5999 2 2 13 96 813 812 3477
6000 2 2 13 96 2380 1675 2381
6001 2 2 13 96 1426 1861 1924
6002 2 2 13 96 1186 1352 1391
6003 2 2 13 96 2853 958 3306
6004 2 2 13 96 1316 576 3386
6005 2 2 13 96 2066 3275 3429
6006 2 2 13 96 1166 1167 1186
6007 2 2 13 96 2217 2216 3509
6008 2 2 13 96 1513 1511 3410
6009 2 2 13 96 1449 1451 1453
6010 2 2 13 96 1818 1689 1819
6011 2 2 13 96 238 3147 4121
6012 2 2 13 96 3418 3419 3420
6013 2 2 13 96 246 160 4153
6014 2 2 13 96 1848 1509 3379
6015 2 2 13 96 429 428 430
6016 2 2 13 96 102 103 4047
6017 2 2 13 96 1026 1028 1043
6018 2 2 13 96 988 987 1079
6019 2 2 13 96 2953 1980 4181
6020 2 2 13 96 757 724 3426
6021 2 2 13 96 1740 1219 1741
6022 2 2 13 96 1656 1655 3450
6023 2 2 13 96 936 938 3358
6024 2 2 13 96 2335 3416 3549
6025 2 2 13 96 979 978 987
6026 2 2 13 96 363 362 3409
6027 2 2 13 96 417 418 419
6028 2 2 13 96 352 350 353
6029 2 2 13 96 901 844 3993
6030 2 2 13 96 1457 1223 3920
6031 2 2 13 96 1838 3359 3655
6032 2 2 13 96 2300 3525 3554
6033 2 2 13 96 1800 2750 3714
6034 2 2 13 96 2133 1567 2220
6035 2 2 13 96 2908 2906 3978
6036 2 2 13 96 1728 1514 3811
6037 2 2 13 96 421 423 442
6038 2 2 13 96 1607 1608 1720
6039 2 2 13 96 248 163 4159
6040 2 2 13 96 1039 1041 1042
6041 2 2 13 96 1269 1267 1270
6042 2 2 13 96 1815 2150 2151
6043 2 2 13 96 3290 2383 3465
6044 2 2 13 96 1481 1479 2035
6045 2 2 13 96 1174 919 3443
6046 2 2 13 96 679 681 3843
6047 2 2 13 96 737 736 4104
6048 2 2 13 96 1409 179 1487
6049 2 2 13 96 3274 3254 3472
6050 2 2 13 96 2311 1992 3445
6051 2 2 13 96 1378 1611 1613
6052 2 2 13 96 1636 1126 1637
6053 2 2 13 96 1307 1601 3494
6054 2 2 13 96 2118 2484 3503
6055 2 2 13 96 1266 1264 1267
6056 2 2 13 96 1520 1521 1607
6057 2 2 13 96 1843 2131 2272
6058 2 2 13 96 1162 1163 1164
6059 2 2 13 96 502 1371 1372
6060 2 2 13 96 977 975 978
6061 2 2 13 96 121 217 3545
6062 2 2 13 96 2163 2028 2387
6063 2 2 13 96 1019 1020 1023
6064 2 2 13 96 3507 1619 3697
6065 2 2 13 96 2981 2998 3594
6066 2 2 13 96 698 699 3398
6067 2 2 13 96 1655 2048 3450
6068 2 2 13 96 2864 4109 4129
6069 2 2 13 96 1953 2310 3910
6070 2 2 13 96 1653 2106 3845
6071 2 2 13 96 417 416 418
6072 2 2 13 96 1292 3690 3864
6073 2 2 13 96 119 120 4257
6074 2 2 13 96 2551 3605 4047
6075 2 2 13 96 881 848 3534
6076 2 2 13 96 1113 1114 1307
6077 2 2 13 96 1614 340 3543
6078 2 2 13 96 1147 1145 1432
6079 2 2 13 96 1262 1260 2190
6080 2 2 13 96 759 725 3378
6081 2 2 13 96 2056 2724 3523
6082 2 2 13 96 1518 1519 1520
6083 2 2 13 96 3229 2335 3549
6084 2 2 13 96 2824 1541 4095
6085 2 2 13 96 2188 1705 3881
6086 2 2 13 96 273 271 296
6087 2 2 13 96 3197 3092 3665
6088 2 2 13 96 1390 1389 3546
6089 2 2 13 96 2 37 4083
6090 2 2 13 96 96 2 4083
6091 2 2 13 96 66 1 4084
6092 2 2 13 96 1 127 4084
6093 2 2 13 96 2933 2932 3896
6094 2 2 13 96 3 67 4085
6095 2 2 13 96 126 3 4085
6096 2 2 13 96 4 97 4086
6097 2 2 13 96 156 4 4086
6098 2 2 13 96 244 3162 4086
6099 2 2 13 96 1925 2186 2187
6100 2 2 13 96 331 329 365
6101 2 2 13 96 2365 3298 3466
6102 2 2 13 96 2702 2304 3981
6103 2 2 13 96 2064 2420 2534
6104 2 2 13 96 2848 2846 4272
6105 2 2 13 96 750 3274 3476
6106 2 2 13 96 1023 1024 1025
6107 2 2 13 96 3634 2595 3870
6108 2 2 13 96 415 417 476
6109 2 2 13 96 3583 3052 3800
6110 2 2 13 96 1379 1656 3439
6111 2 2 13 96 1699 2069 3537
6112 2 2 13 96 311 309 3411
6113 2 2 13 96 725 756 3378
6114 2 2 13 96 416 2872 3715
6115 2 2 13 96 2123 2695 3397
6116 2 2 13 96 3692 2209 3829
6117 2 2 13 96 1941 2276 2277
6118 2 2 13 96 2643 3421 4237
6119 2 2 13 96 2112 4021 4285
6120 2 2 13 96 1927 972 2334
6121 2 2 13 96 1562 2204 3640
6122 2 2 13 96 2302 2298 2573
6123 2 2 13 96 655 657 3623
6124 2 2 13 96 1025 1026 3510
6125 2 2 13 96 2187 2352 2353
6126 2 2 13 96 2420 3636 4242
6127 2 2 13 96 1830 1420 3440
6128 2 2 13 96 1871 2285 3831
6129 2 2 13 96 1675 1228 1719
6130 2 2 13 96 663 665 3437
6131 2 2 13 96 3594 3265 3813
6132 2 2 13 96 523 525 526
6133 2 2 13 96 1526 1689 1818
6134 2 2 13 96 585 572 3395
6135 2 2 13 96 784 782 4023
6136 2 2 13 96 2041 3365 3984
6137 2 2 13 96 2128 2178 3586
6138 2 2 13 96 3943 3657 4143
6139 2 2 13 96 980 1068 1069
6140 2 2 13 96 1929 2598 3540
6141 2 2 13 96 3260 2142 3591
6142 2 2 13 96 1272 1270 1273
6143 2 2 13 96 2017 3076 3919
6144 2 2 13 96 2531 2529 4017
6145 2 2 13 96 526 527 528
6146 2 2 13 96 1445 1446 1447
6147 2 2 13 96 32 33 965
6148 2 2 13 96 419 420 421
6149 2 2 13 96 1031 1348 3199
6150 2 2 13 96 320 322 3414
6151 2 2 13 96 1775 1776 1777
6152 2 2 13 96 3109 2283 4253
6153 2 2 13 96 2078 3249 3505
6154 2 2 13 96 2359 3549 3692
6155 2 2 13 96 3024 3025 4000
6156 2 2 13 96 3362 444 3726
6157 2 2 13 96 3155 243 4085
6158 2 2 13 96 2200 2652 3915
6159 2 2 13 96 1035 1033 3621
6160 2 2 13 96 2033 1781 2034
6161 2 2 13 96 2166 2606 3742
6162 2 2 13 96 114 195 3627
6163 2 2 13 96 2554 3869 4209
6164 2 2 13 96 3925 2761 4224
6165 2 2 13 96 3279 3637 3780
6166 2 2 13 96 2530 2531 4105
6167 2 2 13 96 1602 1872 3948
6168 2 2 13 96 549 551 1388
6169 2 2 13 96 3922 3189 4334
6170 2 2 13 96 461 463 3238
6171 2 2 13 96 539 541 1405
6172 2 2 13 96 309 2501 3411
6173 2 2 13 96 1517 1132 1518
6174 2 2 13 96 1450 1448 4323
6175 2 2 13 96 570 585 3399
6176 2 2 13 96 247 193 4055
6177 2 2 13 96 1783 1643 1784
6178 2 2 13 96 1261 1260 1262
6179 2 2 13 96 2932 2912 3896
6180 2 2 13 96 1195 1193 3583
6181 2 2 13 96 425 424 426
6182 2 2 13 96 728 2931 4030
6183 2 2 13 96 368 367 1143
6184 2 2 13 96 2993 904 3910
6185 2 2 13 96 2401 2486 3600
6186 2 2 13 96 1615 1327 3232
6187 2 2 13 96 2786 2476 4140
6188 2 2 13 96 1447 1448 1449
6189 2 2 13 96 1511 1848 3410
6190 2 2 13 96 811 3206 3677
6191 2 2 13 96 1314 1461 3444
6192 2 2 13 96 379 381 1227
6193 2 2 13 96 3249 1832 3505
6194 2 2 13 96 2191 1757 3410
6195 2 2 13 96 565 566 3468
6196 2 2 13 96 3864 3690 4304
6197 2 2 13 96 2908 3370 4292
6198 2 2 13 96 899 900 3920
6199 2 2 13 96 1924 1861 1925
6200 2 2 13 96 2576 1825 2577
6201 2 2 13 96 1300 1301 3230
6202 2 2 13 96 3789 2356 3821
6203 2 2 13 96 1427 1619 3507
6204 2 2 13 96 3205 2487 4248
6205 2 2 13 96 314 311 3411
6206 2 2 13 96 1757 1513 3410
6207 2 2 13 96 2446 2334 2621
6208 2 2 13 96 2368 2369 3555
6209 2 2 13 96 858 1339 1340
6210 2 2 13 96 1927 2334 2446
6211 2 2 13 96 2143 2141 3617
6212 2 2 13 96 1816 3100 4158
6213 2 2 13 96 1008 1007 3449
6214 2 2 13 96 2724 2498 2805
6215 2 2 13 96 2981 3594 3813
6216 2 2 13 96 2087 2027 2451
6217 2 2 13 96 418 416 3715
6218 2 2 13 96 706 2112 3426
6219 2 2 13 96 199 2907 4070
6220 2 2 13 96 409 407 3349
6221 2 2 13 96 421 422 423
6222 2 2 13 96 2193 3279 3780
6223 2 2 13 96 382 482 3350
6224 2 2 13 96 665 719 3437
6225 2 2 13 96 2205 3117 3752
6226 2 2 13 96 1052 1045 1066
6227 2 2 13 96 619 625 3475
6228 2 2 13 96 2957 599 4324
6229 2 2 13 96 2198 2140 2982
6230 2 2 13 96 699 704 3504
6231 2 2 13 96 1449 1450 1451
6232 2 2 13 96 533 535 602
6233 2 2 13 96 3706 251 3970
6234 2 2 13 96 3109 2372 3566
6235 2 2 13 96 857 826 3413
6236 2 2 13 96 519 521 522
6237 2 2 13 96 912 1350 3515
6238 2 2 13 96 2640 2833 3859
6239 2 2 13 96 345 346 3014
6240 2 2 13 96 1160 1161 1162
6241 2 2 13 96 2226 2135 4198
6242 2 2 13 96 1515 1484 1643
6243 2 2 13 96 629 636 3805
6244 2 2 13 96 1787 1112 1919
6245 2 2 13 96 3165 3164 3589
6246 2 2 13 96 1131 1070 1132
6247 2 2 13 96 2150 1413 3912
6248 2 2 13 96 2220 1567 3568
6249 2 2 13 96 1346 1268 1347
6250 2 2 13 96 934 932 3423
6251 2 2 13 96 1095 1159 1160
6252 2 2 13 96 1365 2267 3660
6253 2 2 13 96 1456 1457 4043
6254 2 2 13 96 1672 1664 3224
6255 2 2 13 96 561 563 3717
6256 2 2 13 96 722 3079 3911
6257 2 2 13 96 2779 2065 3429
6258 2 2 13 96 1079 1080 1113
6259 2 2 13 96 635 637 3412
6260 2 2 13 96 1929 1750 2431
6261 2 2 13 96 3338 1379 3439
6262 2 2 13 96 1301 1403 3230
6263 2 2 13 96 1091 1092 1117
6264 2 2 13 96 1426 1860 1861
6265 2 2 13 96 744 746 3579
6266 2 2 13 96 3057 669 4277
6267 2 2 13 96 1635 2572 4300
6268 2 2 13 96 2872 484 3552
6269 2 2 13 96 419 418 420
6270 2 2 13 96 492 1414 1523
6271 2 2 13 96 352 353 3130
6272 2 2 13 96 3272 2149 3533
6273 2 2 13 96 2451 2027 3853
6274 2 2 13 96 1682 3300 3681
6275 2 2 13 96 2194 2193 3780
6276 2 2 13 96 2102 1784 2110
6277 2 2 13 96 824 800 3575
6278 2 2 13 96 1372 3320 3735
6279 2 2 13 96 2173 1809 4180
6280 2 2 13 96 3112 485 3668
6281 2 2 13 96 1152 1153 1383
6282 2 2 13 96 1227 1228 1675
6283 2 2 13 96 2543 943 4036
6284 2 2 13 96 1702 568 3399
6285 2 2 13 96 1149 1150 1152
6286 2 2 13 96 1299 1436 1437
6287 2 2 13 96 1117 1200 1367
6288 2 2 13 96 685 695 3483
6289 2 2 13 96 322 375 3414
6290 2 2 13 96 2444 3541 4254
6291 2 2 13 96 2294 2292 2295
6292 2 2 13 96 2277 3032 3793
6293 2 2 13 96 724 706 3426
6294 2 2 13 96 3431 2626 4132
6295 2 2 13 96 2722 2525 4062
6296 2 2 13 96 1821 1819 4112
6297 2 2 13 96 1117 1118 1200
6298 2 2 13 96 2181 2180 4172
6299 2 2 13 96 2679 2678 4335
6300 2 2 13 96 423 424 425
6301 2 2 13 96 3259 663 3437
6302 2 2 13 96 1683 2215 3570
6303 2 2 13 96 614 612 3469
6304 2 2 13 96 2954 1622 2955
6305 2 2 13 96 1143 367 1276
6306 2 2 13 96 2572 3619 4300
6307 2 2 13 96 1385 1630 3498
6308 2 2 13 96 1400 1501 3687
6309 2 2 13 96 3127 1188 3747
6310 2 2 13 96 2629 2630 4184
6311 2 2 13 96 1338 1303 1462
6312 2 2 13 96 1000 999 1001
6313 2 2 13 96 368 1143 1144
6314 2 2 13 96 3034 2118 3502
6315 2 2 13 96 3368 2017 3644
6316 2 2 13 96 616 622 3567
6317 2 2 13 96 2471 2472 2473
6318 2 2 13 96 1239 1237 3614
6319 2 2 13 96 741 744 3587
6320 2 2 13 96 1451 1452 1500
6321 2 2 13 96 2100 2565 3990
6322 2 2 13 96 3405 1523 4336
6323 2 2 13 96 1781 1639 3774
6324 2 2 13 96 1218 3008 4011
6325 2 2 13 96 704 730 3504
6326 2 2 13 96 1351 898 3462
6327 2 2 13 96 2429 3732 3996
6328 2 2 13 96 1146 1147 1149
6329 2 2 13 96 2762 2761 3925
6330 2 2 13 96 364 352 3130
6331 2 2 13 96 1427 1273 1428
6332 2 2 13 96 3655 2280 3927
6333 2 2 13 96 2361 1943 2681
6334 2 2 13 96 1530 404 1531
6335 2 2 13 96 3427 2557 3428
6336 2 2 13 96 3417 2062 3418
6337 2 2 13 96 938 934 3423
6338 2 2 13 96 566 1702 3468
6339 2 2 13 96 3335 3142 3596
6340 2 2 13 96 1910 2235 2236
6341 2 2 13 96 1416 1465 1712
6342 2 2 13 96 666 664 3648
6343 2 2 13 96 1749 1603 1750
6344 2 2 13 96 1497 1462 2027
6345 2 2 13 96 2918 3120 3685
6346 2 2 13 96 3165 3589 4090
6347 2 2 13 96 316 1363 1412
6348 2 2 13 96 543 545 601
6349 2 2 13 96 255 253 3223
6350 2 2 13 96 2213 791 3479
6351 2 2 13 96 283 282 494
6352 2 2 13 96 2353 2352 3454
6353 2 2 13 96 2290 2289 2291
6354 2 2 13 96 1815 2151 2619
6355 2 2 13 96 2642 3547 3813
6356 2 2 13 96 1455 1841 3611
6357 2 2 13 96 2318 2316 3578
6358 2 2 13 96 1085 1094 1095
6359 2 2 13 96 1959 2935 4077
6360 2 2 13 96 2847 2848 3657
6361 2 2 13 96 1330 1328 1331
6362 2 2 13 96 359 361 1358
6363 2 2 13 96 2224 1823 3427
6364 2 2 13 96 1738 1408 1989
6365 2 2 13 96 1100 1098 1908
6366 2 2 13 96 1823 2108 3427
6367 2 2 13 96 3230 1403 3231
6368 2 2 13 96 421 420 422
6369 2 2 13 96 1721 1966 3482
6370 2 2 13 96 3301 2071 3766
6371 2 2 13 96 3488 3489 3760
6372 2 2 13 96 3215 1761 3589
6373 2 2 13 96 470 990 3679
6374 2 2 13 96 1236 1235 1237
6375 2 2 13 96 1779 1174 3443
6376 2 2 13 96 3794 1329 4204
6377 2 2 13 96 1148 2960 3670
6378 2 2 13 96 858 1340 1384
6379 2 2 13 96 3746 2338 4269
6380 2 2 13 96 727 2051 3413
6381 2 2 13 96 1839 3657 3943
6382 2 2 13 96 2227 1969 2585
6383 2 2 13 96 1333 2841 3955
6384 2 2 13 96 2422 2595 3634
6385 2 2 13 96 694 692 4302
6386 2 2 13 96 2139 2137 3605
6387 2 2 13 96 1894 3373 3525
6388 2 2 13 96 2072 2358 3463
6389 2 2 13 96 1835 1387 2073
6390 2 2 13 96 1253 1254 1255
6391 2 2 13 96 3492 2528 3493
6392 2 2 13 96 3505 1832 3594
6393 2 2 13 96 641 635 3412
6394 2 2 13 96 1738 1990 1991
6395 2 2 13 96 345 344 346
6396 2 2 13 96 1200 1425 1426
6397 2 2 13 96 2142 2366 3591
6398 2 2 13 96 932 1335 3423
6399 2 2 13 96 812 1190 3477
6400 2 2 13 96 1602 1385 1603
6401 2 2 13 96 1836 2470 2471
6402 2 2 13 96 1727 1944 2202
6403 2 2 13 96 836 3741 3775
6404 2 2 13 96 1362 1534 1727
6405 2 2 13 96 2095 2462 3530
6406 2 2 13 96 3021 3023 3647
6407 2 2 13 96 908 1351 4008
6408 2 2 13 96 959 961 2062
6409 2 2 13 96 511 3660 4002
6410 2 2 13 96 955 953 1711
6411 2 2 13 96 2707 2167 3597
6412 2 2 13 96 2740 3858 3892
6413 2 2 13 96 3900 3794 4204
6414 2 2 13 96 3357 3290 3465
6415 2 2 13 96 950 947 3561
6416 2 2 13 96 2921 3114 4161
6417 2 2 13 96 1069 1068 1070
6418 2 2 13 96 1305 893 3602
6419 2 2 13 96 3627 195 3961
6420 2 2 13 96 3027 3244 4215
6421 2 2 13 96 1974 1976 1977
6422 2 2 13 96 1433 2669 2671
6423 2 2 13 96 1357 1347 2219
6424 2 2 13 96 2781 2780 3883
6425 2 2 13 96 3309 3308 3758
6426 2 2 13 96 877 1332 3724
6427 2 2 13 96 1410 3309 3565
6428 2 2 13 96 3660 2267 3661
6429 2 2 13 96 2296 2295 2300
6430 2 2 13 96 988 1079 3339
6431 2 2 13 96 3407 3683 3751
6432 2 2 13 96 1356 1347 1357
6433 2 2 13 96 262 265 4054
6434 2 2 13 96 1003 1001 1499
6435 2 2 13 96 3179 1657 4195
6436 2 2 13 96 1074 1085 1124
6437 2 2 13 96 1384 1340 1385
6438 2 2 13 96 669 3057 4072
6439 2 2 13 96 2772 1066 3832
6440 2 2 13 96 2812 2026 4263
6441 2 2 13 96 3200 1964 3896
6442 2 2 13 96 1618 1428 1797
6443 2 2 13 96 336 369 3403
6444 2 2 13 96 2118 1835 2484
6445 2 2 13 96 423 422 424
6446 2 2 13 96 1477 2566 4156
6447 2 2 13 96 1954 1660 2840
6448 2 2 13 96 1590 1589 1591
6449 2 2 13 96 1563 1770 1798
6450 2 2 13 96 2266 2830 3965
6451 2 2 13 96 233 3108 3861
6452 2 2 13 96 3311 2169 3773
6453 2 2 13 96 429 430 515
6454 2 2 13 96 269 267 3085
6455 2 2 13 96 1036 1183 3178
6456 2 2 13 96 1078 2688 4026
6457 2 2 13 96 3144 2117 4297
6458 2 2 13 96 2759 3128 3609
6459 2 2 13 96 2052 1843 3524
6460 2 2 13 96 1707 1706 2140
6461 2 2 13 96 2057 3335 3596
6462 2 2 13 96 2065 2066 3429
6463 2 2 13 96 647 685 3483
6464 2 2 13 96 2114 3304 3640
6465 2 2 13 96 3465 2383 4070
6466 2 2 13 96 2108 2557 3427
6467 2 2 13 96 262 264 265
6468 2 2 13 96 2269 3913 3970
6469 2 2 13 96 1991 2229 2477
6470 2 2 13 96 3819 905 4264
6471 2 2 13 96 196 3547 3859
6472 2 2 13 96 1964 1565 4260
6473 2 2 13 96 980 962 1068
6474 2 2 13 96 2569 3812 3880
6475 2 2 13 96 744 3579 3587
6476 2 2 13 96 3394 1410 3565
6477 2 2 13 96 1364 1424 3441
6478 2 2 13 96 2791 2792 3626
6479 2 2 13 96 2210 2546 3711
6480 2 2 13 96 1141 1148 3670
6481 2 2 13 96 2997 479 4205
6482 2 2 13 96 2300 2295 2524
6483 2 2 13 96 1722 1721 3482
6484 2 2 13 96 1259 1113 3494
6485 2 2 13 96 1604 1167 4203
6486 2 2 13 96 3274 3472 3476
6487 2 2 13 96 2054 2052 3521
6488 2 2 13 96 1602 1603 1749
6489 2 2 13 96 3176 2110 3994
6490 2 2 13 96 2131 1554 3441
6491 2 2 13 96 3928 3017 4221
6492 2 2 13 96 3095 1276 4035
6493 2 2 13 96 2022 2283 3585
6494 2 2 13 96 1144 1145 1146
6495 2 2 13 96 2270 2975 3487
6496 2 2 13 96 2547 2211 3639
6497 2 2 13 96 4120 2669 4187
6498 2 2 13 96 1238 1237 1239
6499 2 2 13 96 1153 1349 1362
6500 2 2 13 96 1263 1262 1264
6501 2 2 13 96 1500 1566 1567
6502 2 2 13 96 2048 2332 3450
6503 2 2 13 96 1831 798 3340
6504 2 2 13 96 691 718 3854
6505 2 2 13 96 528 529 652
6506 2 2 13 96 1384 1385 1602
6507 2 2 13 96 1399 3407 3751
6508 2 2 13 96 2364 3313 3822
6509 2 2 13 96 1858 1597 1875
6510 2 2 13 96 1834 1387 1835
6511 2 2 13 96 806 811 3677
6512 2 2 13 96 637 1336 3412
6513 2 2 13 96 1266 1267 1269
6514 2 2 13 96 791 823 3479
6515 2 2 13 96 982 1067 1091
6516 2 2 13 96 1929 2431 2432
6517 2 2 13 96 2051 652 3282
6518 2 2 13 96 777 774 4073
6519 2 2 13 96 2129 2841 3612
6520 2 2 13 96 3398 699 3504
6521 2 2 13 96 1391 1352 3490
6522 2 2 13 96 1994 4076 4160
6523 2 2 13 96 1135 883 3518
6524 2 2 13 96 2362 1773 4259
6525 2 2 13 96 1294 869 3724
6526 2 2 13 96 2093 3350 4052
6527 2 2 13 96 303 159 2135
6528 2 2 13 96 2132 1567 2133
6529 2 2 13 96 3090 4089 4147
6530 2 2 13 96 3203 2419 4212
6531 2 2 13 96 3882 46 4071
6532 2 2 13 96 2438 3055 4068
6533 2 2 13 96 3053 1341 3745
6534 2 2 13 96 998 997 999
6535 2 2 13 96 2428 1982 2429
6536 2 2 13 96 2525 2524 3242
6537 2 2 13 96 1461 2169 3444
6538 2 2 13 96 1291 1090 1597
6539 2 2 13 96 1042 1045 1050
6540 2 2 13 96 1007 1048 1617
6541 2 2 13 96 1386 1357 1387
6542 2 2 13 96 388 437 3447
6543 2 2 13 96 1265 1264 1266
6544 2 2 13 96 1057 1075 1076
6545 2 2 13 96 1196 1529 3694
6546 2 2 13 96 1038 1035 3621
6547 2 2 13 96 2456 2590 4288
6548 2 2 13 96 1997 2803 4028
6549 2 2 13 96 832 3281 4074
6550 2 2 13 96 567 3348 3632
6551 2 2 13 96 267 266 298
6552 2 2 13 96 2586 2992 3936
6553 2 2 13 96 1791 1533 3798
6554 2 2 13 96 3304 1562 3640
6555 2 2 13 96 1661 3908 4164
6556 2 2 13 96 2133 2220 2221
6557 2 2 13 96 1193 1769 3583
6558 2 2 13 96 513 512 514
6559 2 2 13 96 2292 2291 3389
6560 2 2 13 96 1166 1186 1430
6561 2 2 13 96 2471 2473 3747
6562 2 2 13 96 738 739 3630
6563 2 2 13 96 1241 1239 1242
6564 2 2 13 96 3210 1187 3826
6565 2 2 13 96 3148 239 4091
6566 2 2 13 96 1749 1750 1929
6567 2 2 13 96 440 438 485
6568 2 2 13 96 3355 251 3707
6569 2 2 13 96 1039 1038 1041
6570 2 2 13 96 3193 2422 4178
6571 2 2 13 96 3977 1518 4019
6572 2 2 13 96 1851 1776 4038
6573 2 2 13 96 1241 1326 1463
6574 2 2 13 96 1105 1104 3622
6575 2 2 13 96 1268 1266 3599
6576 2 2 13 96 3424 2834 3553
6577 2 2 13 96 2093 3503 3992
6578 2 2 13 96 3604 1453 3698
6579 2 2 13 96 995 998 4183
6580 2 2 13 96 435 409 3349
6581 2 2 13 96 3935 2389 4034
6582 2 2 13 96 2254 2255 4255
6583 2 2 13 96 3166 2630 4050
6584 2 2 13 96 1706 1413 1815
6585 2 2 13 96 1519 1132 3569
6586 2 2 13 96 2930 3689 4032
6587 2 2 13 96 2669 2670 4187
6588 2 2 13 96 1994 3185 4076
6589 2 2 13 96 1362 2199 3716
6590 2 2 13 96 2320 2318 2322
6591 2 2 13 96 2193 2057 3596
6592 2 2 13 96 512 510 2993
6593 2 2 13 96 815 2144 3923
6594 2 2 13 96 2096 3284 3633
6595 2 2 13 96 3622 2218 3867
6596 2 2 13 96 824 3575 3700
6597 2 2 13 96 2763 433 3631
6598 2 2 13 96 3486 2270 3487
6599 2 2 13 96 2423 495 3803
6600 2 2 13 96 996 1049 1433
6601 2 2 13 96 1862 1802 3460
6602 2 2 13 96 1033 3199 3621
6603 2 2 13 96 1685 1597 1858
6604 2 2 13 96 1083 991 3170
6605 2 2 13 96 1162 1164 1429
6606 2 2 13 96 3028 2948 3984
6607 2 2 13 96 1832 3265 3594
6608 2 2 13 96 3767 2347 3889
6609 2 2 13 96 348 3014 3542
6610 2 2 13 96 2726 2302 4167
6611 2 2 13 96 3979 3379 4064
6612 2 2 13 96 696 701 3581
6613 2 2 13 96 2284 2807 3960
6614 2 2 13 96 1932 2933 3924
6615 2 2 13 96 612 565 3468
6616 2 2 13 96 1190 1192 3548
6617 2 2 13 96 3536 3523 3818
6618 2 2 13 96 1859 1858 2374
6619 2 2 13 96 2548 2264 3965
6620 2 2 13 96 3100 1816 4280
6621 2 2 13 96 2169 2170 3773
6622 2 2 13 96 1841 3533 3611
6623 2 2 13 96 825 727 826
6624 2 2 13 96 1407 1408 1737
6625 2 2 13 96 2291 2289 2301
6626 2 2 13 96 3697 3699 4233
6627 2 2 13 96 2788 4101 4182
6628 2 2 13 96 2553 2916 4053
6629 2 2 13 96 2214 2447 3364
6630 2 2 13 96 1741 1219 2274
6631 2 2 13 96 939 3358 3516
6632 2 2 13 96 1152 1150 1153
6633 2 2 13 96 1624 2788 4182
6634 2 2 13 96 2197 1826 3584
6635 2 2 13 96 3758 1947 4012
6636 2 2 13 96 2429 1982 3461
6637 2 2 13 96 537 539 3514
6638 2 2 13 96 2701 2539 4239
6639 2 2 13 96 1105 3622 3867
6640 2 2 13 96 3278 2173 4180
6641 2 2 13 96 1836 1531 1881
6642 2 2 13 96 2333 2849 3680
6643 2 2 13 96 2493 3845 3929
6644 2 2 13 96 860 1560 3479
6645 2 2 13 96 3105 3289 4027
6646 2 2 13 96 267 298 3085
6647 2 2 13 96 1554 1364 3441
6648 2 2 13 96 1149 1147 1150
6649 2 2 13 96 1269 1270 1272
6650 2 2 13 96 1044 1034 3178
6651 2 2 13 96 3454 2352 3598
6652 2 2 13 96 3315 2114 3640
6653 2 2 13 96 430 428 3435
6654 2 2 13 96 3443 2152 3733
6655 2 2 13 96 823 860 3479
6656 2 2 13 96 285 283 3470
6657 2 2 13 96 4021 3175 4285
6658 2 2 13 96 864 1713 3563
6659 2 2 13 96 3200 224 3641
6660 2 2 13 96 3170 2685 4207
6661 2 2 13 96 1363 314 3411
6662 2 2 13 96 342 340 1614
6663 2 2 13 96 1826 2168 2214
6664 2 2 13 96 1298 1297 1299
6665 2 2 13 96 403 490 3264
6666 2 2 13 96 1617 1895 2028
6667 2 2 13 96 2387 2028 2450
6668 2 2 13 96 2591 3810 4257
6669 2 2 13 96 472 474 3422
6670 2 2 13 96 3080 1383 3716
6671 2 2 13 96 2899 2897 3844
6672 2 2 13 96 657 766 3623
6673 2 2 13 96 1138 912 3515
6674 2 2 13 96 3790 1240 3850
6675 2 2 13 96 494 282 2286
6676 2 2 13 96 2957 2958 4295
6677 2 2 13 96 712 722 3911
6678 2 2 13 96 2880 3581 4126
6679 2 2 13 96 2470 1881 2625
6680 2 2 13 96 3682 249 3876
6681 2 2 13 96 2300 2524 2525
6682 2 2 13 96 1352 1684 3490
6683 2 2 13 96 1272 1273 1427
6684 2 2 13 96 2222 2479 3804
6685 2 2 13 96 1007 1005 1048
6686 2 2 13 96 2965 2634 3644
6687 2 2 13 96 1418 1116 3729
6688 2 2 13 96 1678 3773 4053
6689 2 2 13 96 2952 2741 4284
6690 2 2 13 96 3521 2052 3524
6691 2 2 13 96 1412 1363 1413
6692 2 2 13 96 2918 2190 3868
6693 2 2 13 96 2359 3692 3829
6694 2 2 13 96 1095 1160 1411
6695 2 2 13 96 2519 2097 2521
6696 2 2 13 96 1966 2402 3482
6697 2 2 13 96 675 1325 4042
6698 2 2 13 96 1433 2671 3573
6699 2 2 13 96 3047 1888 3778
6700 2 2 13 96 2489 2490 3819
6701 2 2 13 96 1074 1077 1085
6702 2 2 13 96 2776 2194 3666
6703 2 2 13 96 1017 1019 3544
6704 2 2 13 96 2319 2320 2321
6705 2 2 13 96 2287 2286 2288
6706 2 2 13 96 1522 1809 1826
6707 2 2 13 96 555 557 3520
6708 2 2 13 96 2797 2166 3742
6709 2 2 13 96 490 502 3735
6710 2 2 13 96 856 857 858
6711 2 2 13 96 3536 3818 4139
6712 2 2 13 96 2405 3528 4054
6713 2 2 13 96 279 277 3474
6714 2 2 13 96 2799 1422 3835
6715 2 2 13 96 1638 1637 1639
6716 2 2 13 96 1689 2046 3651
6717 2 2 13 96 402 404 1530
6718 2 2 13 96 2056 3523 3536
6719 2 2 13 96 652 529 3282
6720 2 2 13 96 3344 2257 3603
6721 2 2 13 96 1146 1145 1147
6722 2 2 13 96 2204 1729 3943
6723 2 2 13 96 1709 1695 1984
6724 2 2 13 96 2233 2532 4200
6725 2 2 13 96 1900 2593 3815
6726 2 2 13 96 1152 1383 3598
6727 2 2 13 96 2392 2426 4201
6728 2 2 13 96 1383 3454 3598
6729 2 2 13 96 1742 1741 1763
6730 2 2 13 96 1021 1008 3449
6731 2 2 13 96 2605 2093 3992
6732 2 2 13 96 3475 625 3805
6733 2 2 13 96 496 1489 1522
6734 2 2 13 96 2377 258 3662
6735 2 2 13 96 2214 2168 2447
6736 2 2 13 96 814 785 3539
6737 2 2 13 96 2493 3829 3845
6738 2 2 13 96 1617 1048 1895
6739 2 2 13 96 1340 1339 3551
6740 2 2 13 96 1308 1310 3736
6741 2 2 13 96 2328 2329 2330
6742 2 2 13 96 612 3468 3469
6743 2 2 13 96 1998 2787 2788
6744 2 2 13 96 128 129 3857
6745 2 2 13 96 973 1927 3559
6746 2 2 13 96 1999 2344 2787
6747 2 2 13 96 275 273 3488
6748 2 2 13 96 1412 1413 1706
6749 2 2 13 96 2186 1861 3788
6750 2 2 13 96 695 687 3744
6751 2 2 13 96 1368 1254 1417
6752 2 2 13 96 2457 1715 3588
6753 2 2 13 96 2314 2436 3595
6754 2 2 13 96 1057 1055 1075
6755 2 2 13 96 1839 1838 3655
6756 2 2 13 96 2190 1260 3510
6757 2 2 13 96 1473 1475 1641
6758 2 2 13 96 2385 2263 3952
6759 2 2 13 96 355 357 2172
6760 2 2 13 96 772 2111 4073
6761 2 2 13 96 1406 413 3624
6762 2 2 13 96 941 939 3516
6763 2 2 13 96 3626 3746 4269
6764 2 2 13 96 2619 2151 2620
6765 2 2 13 96 1586 1587 1588
6766 2 2 13 96 3549 849 3692
6767 2 2 13 96 3802 4127 4238
6768 2 2 13 96 2822 2821 4287
6769 2 2 13 96 515 430 994
6770 2 2 13 96 1336 647 3483
6771 2 2 13 96 557 1361 3520
6772 2 2 13 96 1425 3059 3771
6773 2 2 13 96 2274 3691 3948
6774 2 2 13 96 198 3424 3553
6775 2 2 13 96 3123 3125 3718
6776 2 2 13 96 2602 3405 4336
6777 2 2 13 96 726 727 825
6778 2 2 13 96 1010 1021 3897
6779 2 2 13 96 1932 1794 4270
6780 2 2 13 96 2300 2525 3525
6781 2 2 13 96 1032 1044 3592
6782 2 2 13 96 1154 1152 3598
6783 2 2 13 96 1522 1489 1809
6784 2 2 13 96 1826 1809 2168
6785 2 2 13 96 1358 3382 3696
6786 2 2 13 96 1259 3494 3636
6787 2 2 13 96 1610 1415 3672
6788 2 2 13 96 2302 3836 4140
6789 2 2 13 96 3269 2031 3649
6790 2 2 13 96 2634 2088 3644
6791 2 2 13 96 3741 2034 3775
6792 2 2 13 96 1691 1400 3687
6793 2 2 13 96 2256 3168 3786
6794 2 2 13 96 1693 2921 3785
6795 2 2 13 96 3497 2464 4100
6796 2 2 13 96 1424 2212 3441
6797 2 2 13 96 346 495 496
6798 2 2 13 96 2838 2837 3709
6799 2 2 13 96 2992 2082 4333
6800 2 2 13 96 1738 1989 1990
6801 2 2 13 96 2783 1101 3438
6802 2 2 13 96 1792 1791 4133
6803 2 2 13 96 3634 1979 4178
6804 2 2 13 96 2287 2288 2289
6805 2 2 13 96 2317 2318 2319
6806 2 2 13 96 1260 1025 3510
6807 2 2 13 96 785 759 3539
6808 2 2 13 96 1611 1854 3512
6809 2 2 13 96 1125 1075 2126
6810 2 2 13 96 1183 1184 1185
6811 2 2 13 96 726 652 727
6812 2 2 13 96 1326 1242 1327
6813 2 2 13 96 995 996 997
6814 2 2 13 96 1113 1307 3494
6815 2 2 13 96 3419 2062 3667
6816 2 2 13 96 1007 1617 3449
6817 2 2 13 96 2498 2054 3521
6818 2 2 13 96 1750 1840 3995
6819 2 2 13 96 738 3630 3633
6820 2 2 13 96 1103 1616 3438
6821 2 2 13 96 2963 1672 4098
6822 2 2 13 96 1730 1833 1890
6823 2 2 13 96 1151 1138 3515
6824 2 2 13 96 431 418 3715
6825 2 2 13 96 3029 2424 3969
6826 2 2 13 96 3101 1626 4158
6827 2 2 13 96 3409 1308 3736
6828 2 2 13 96 3284 738 3633
6829 2 2 13 96 2075 2076 4065
6830 2 2 13 96 3844 2897 4152
6831 2 2 13 96 2265 3432 3658
6832 2 2 13 96 1772 1418 3729
6833 2 2 13 96 3432 3271 3658
6834 2 2 13 96 4101 2237 4182
6835 2 2 13 96 1427 1428 1618
6836 2 2 13 96 2364 3822 4135
6837 2 2 13 96 346 344 495
6838 2 2 13 96 2112 648 4021
6839 2 2 13 96 1349 1150 3625
6840 2 2 13 96 541 543 3529
6841 2 2 13 96 3319 2355 4111
6842 2 2 13 96 999 997 1073
6843 2 2 13 96 4177 526 4314
6844 2 2 13 96 2599 1932 3924
6845 2 2 13 96 846 824 3700
6846 2 2 13 96 496 495 1489
6847 2 2 13 96 3756 2731 3850
6848 2 2 13 96 3516 3358 3517
6849 2 2 13 96 1603 1385 3498
6850 2 2 13 96 803 3637 3807
6851 2 2 13 96 3491 2197 3584
6852 2 2 13 96 1302 3028 3984
6853 2 2 13 96 3216 810 4145
6854 2 2 13 96 1052 1066 1074
6855 2 2 13 96 515 994 995
6856 2 2 13 96 444 441 3726
6857 2 2 13 96 2235 2836 3558
6858 2 2 13 96 2322 2318 3578
6859 2 2 13 96 1503 1505 4039
6860 2 2 13 96 3545 217 3980
6861 2 2 13 96 1255 1368 1369
6862 2 2 13 96 2750 2697 3714
6863 2 2 13 96 129 233 3857
6864 2 2 13 96 494 2286 2287
6865 2 2 13 96 3563 2312 3999
6866 2 2 13 96 3057 2433 4310
6867 2 2 13 96 3605 218 4047
6868 2 2 13 96 1412 1707 3580
6869 2 2 13 96 1854 2311 3512
6870 2 2 13 96 1253 500 1254
6871 2 2 13 96 1255 1254 1368
6872 2 2 13 96 2443 1763 2444
6873 2 2 13 96 995 994 996
6874 2 2 13 96 2215 1682 3681
6875 2 2 13 96 1366 1831 2275
6876 2 2 13 96 3114 3113 3884
6877 2 2 13 96 594 598 4188
6878 2 2 13 96 2558 2561 3693
6879 2 2 13 96 2338 1068 3577
6880 2 2 13 96 1516 1816 4158
6881 2 2 13 96 2031 3467 3649
6882 2 2 13 96 2878 2879 3940
6883 2 2 13 96 2088 3368 3644
6884 2 2 13 96 948 941 3516
6885 2 2 13 96 1185 1233 1234
6886 2 2 13 96 1041 1038 1782
6887 2 2 13 96 1026 1043 3510
6888 2 2 13 96 201 3591 4040
6889 2 2 13 96 942 946 4057
6890 2 2 13 96 551 553 3538
6891 2 2 13 96 2165 2509 3703
6892 2 2 13 96 990 1298 2315
6893 2 2 13 96 2267 1799 2268
6894 2 2 13 96 1684 2064 3490
6895 2 2 13 96 531 533 3532
6896 2 2 13 96 2341 16 3145
6897 2 2 13 96 843 806 3677
6898 2 2 13 96 1237 2487 3614
6899 2 2 13 96 2121 2309 3794
6900 2 2 13 96 1407 1129 1408
6901 2 2 13 96 1563 1327 1615
6902 2 2 13 96 670 668 3708
6903 2 2 13 96 2477 2229 3620
6904 2 2 13 96 3168 236 3786
6905 2 2 13 96 2369 2367 3743
6906 2 2 13 96 1500 2132 3615
6907 2 2 13 96 203 45 3882
6908 2 2 13 96 1717 3305 3872
6909 2 2 13 96 1819 1689 3651
6910 2 2 13 96 2295 2292 3389
6911 2 2 13 96 3691 1384 3948
6912 2 2 13 96 3271 1431 3658
6913 2 2 13 96 2087 2451 2714
6914 2 2 13 96 3051 3029 3800
6915 2 2 13 96 1995 1996 2504
6916 2 2 13 96 1991 1990 2229
6917 2 2 13 96 1161 1735 3776
6918 2 2 13 96 3502 2118 3503
6919 2 2 13 96 1154 3598 3740
6920 2 2 13 96 2273 2198 3725
6921 2 2 13 96 3276 1229 3928
6922 2 2 13 96 1862 3883 3905
6923 2 2 13 96 1843 2272 3524
6924 2 2 13 96 2070 3928 4221
6925 2 2 13 96 953 950 3561
6926 2 2 13 96 3517 3358 3613
6927 2 2 13 96 3031 1851 4038
6928 2 2 13 96 1070 2338 3569
6929 2 2 13 96 1086 1064 2785
6930 2 2 13 96 2859 3431 3484
6931 2 2 13 96 1144 1143 1145
6932 2 2 13 96 1989 1408 3874
6933 2 2 13 96 2202 2903 3670
6934 2 2 13 96 3238 463 3239
6935 2 2 13 96 3827 2460 4271
6936 2 2 13 96 1840 3463 4171
6937 2 2 13 96 2566 3951 4156
6938 2 2 13 96 759 3378 3539
6939 2 2 13 96 327 1928 3676
6940 2 2 13 96 3076 2414 3919
6941 2 2 13 96 2641 2642 3719
6942 2 2 13 96 3763 2523 4267
6943 2 2 13 96 3236 1672 4103
6944 2 2 13 96 1938 1937 3974
6945 2 2 13 96 1053 1050 3506
6946 2 2 13 96 3219 1748 4220
6947 2 2 13 96 1534 1349 3671
6948 2 2 13 96 3279 2127 3637
6949 2 2 13 96 1322 1416 3572
6950 2 2 13 96 2425 1830 4211
6951 2 2 13 96 1801 2238 3353
6952 2 2 13 96 2748 2226 4198
6953 2 2 13 96 2436 2224 3787
6954 2 2 13 96 1618 1797 1957
6955 2 2 13 96 591 593 4138
6956 2 2 13 96 1449 1453 3604
6957 2 2 13 96 1236 1238 1240
6958 2 2 13 96 2035 1479 3234
6959 2 2 13 96 2626 3321 4132
6960 2 2 13 96 288 285 3470
6961 2 2 13 96 1272 3507 3958
6962 2 2 13 96 1505 2949 4039
6963 2 2 13 96 1324 1322 3572
6964 2 2 13 96 500 499 3478
6965 2 2 13 96 826 727 3413
6966 2 2 13 96 1485 1852 1853
6967 2 2 13 96 499 378 2804
6968 2 2 13 96 1338 1497 1945
6969 2 2 13 96 1770 1615 2083
6970 2 2 13 96 300 503 3842
6971 2 2 13 96 2869 1220 3643
6972 2 2 13 96 3100 3101 4158
6973 2 2 13 96 2328 2326 2329
6974 2 2 13 96 2602 2603 3906
6975 2 2 13 96 1613 1611 3512
6976 2 2 13 96 283 494 3470
6977 2 2 13 96 2535 2256 3786
6978 2 2 13 96 1480 1482 1486
6979 2 2 13 96 1339 1941 3551
6980 2 2 13 96 427 433 4134
6981 2 2 13 96 1274 3189 3922
6982 2 2 13 96 2395 2709 4308
6983 2 2 13 96 3783 2848 4272
6984 2 2 13 96 1737 1408 1738
6985 2 2 13 96 2376 3492 3573
6986 2 2 13 96 1234 1235 1236
6987 2 2 13 96 2731 2734 3850
6988 2 2 13 96 2315 2316 2317
6989 2 2 13 96 3089 206 3768
6990 2 2 13 96 1560 862 3563
6991 2 2 13 96 2334 972 3564
6992 2 2 13 96 849 3256 3692
6993 2 2 13 96 3658 1431 3766
6994 2 2 13 96 2655 2810 4061
6995 2 2 13 96 3358 938 3613
6996 2 2 13 96 1616 1631 1632
6997 2 2 13 96 3059 3584 3771
6998 2 2 13 96 3541 209 4254
6999 2 2 13 96 2532 2233 2533
7000 2 2 13 96 1967 3759 3993
7001 2 2 13 96 375 379 3557
7002 2 2 13 96 260 257 3508
7003 2 2 13 96 3152 3154 3792
7004 2 2 13 96 1788 483 4099
7005 2 2 13 96 1566 1910 3568
7006 2 2 13 96 2443 2444 2445
7007 2 2 13 96 1497 2027 2087
7008 2 2 13 96 1716 2871 4287
7009 2 2 13 96 1487 179 3227
7010 2 2 13 96 1022 1016 4011
7011 2 2 13 96 2051 3282 3497
7012 2 2 13 96 2124 2441 3322
7013 2 2 13 96 855 856 1219
7014 2 2 13 96 2471 2470 2472
7015 2 2 13 96 262 260 264
7016 2 2 13 96 2505 1686 3840
7017 2 2 13 96 2298 2296 3554
7018 2 2 13 96 535 537 3576
7019 2 2 13 96 2348 2259 3946
7020 2 2 13 96 1609 3000 3950
7021 2 2 13 96 1982 1850 3461
7022 2 2 13 96 3253 3216 4045
7023 2 2 13 96 1954 4120 4187
7024 2 2 13 96 3584 2214 3771
7025 2 2 13 96 2417 2416 3980
7026 2 2 13 96 718 693 4146
7027 2 2 13 96 1658 1659 1995
7028 2 2 13 96 3405 2602 3906
7029 2 2 13 96 2382 3285 4151
7030 2 2 13 96 2263 3053 3820
7031 2 2 13 96 2064 2534 3490
7032 2 2 13 96 862 864 3563
7033 2 2 13 96 2071 2354 3975
7034 2 2 13 96 2695 2123 2697
7035 2 2 13 96 2849 3631 4183
7036 2 2 13 96 1487 3227 3669
7037 2 2 13 96 1103 1105 1616
7038 2 2 13 96 645 3452 3628
7039 2 2 13 96 3608 1605 4066
7040 2 2 13 96 2847 3657 3927
7041 2 2 13 96 2534 2420 4242
7042 2 2 13 96 2574 4124 4173
7043 2 2 13 96 1445 2357 3736
7044 2 2 13 96 2852 2718 4306
7045 2 2 13 96 1185 1234 1657
7046 2 2 13 96 3412 3175 4021
7047 2 2 13 96 2490 3523 3819
7048 2 2 13 96 2576 2577 4228
7049 2 2 13 96 2897 2896 4152
7050 2 2 13 96 3282 531 3532
7051 2 2 13 96 1347 1268 3599
7052 2 2 13 96 413 415 3624
7053 2 2 13 96 282 279 3474
7054 2 2 13 96 2427 2428 2510
7055 2 2 13 96 1142 316 3580
7056 2 2 13 96 2527 2045 3777
7057 2 2 13 96 3110 1292 3864
7058 2 2 13 96 2310 2993 3910
7059 2 2 13 96 1734 3241 4163
7060 2 2 13 96 3975 2354 4020
7061 2 2 13 96 1276 3172 4035
7062 2 2 13 96 3766 2071 3975
7063 2 2 13 96 585 3395 3646
7064 2 2 13 96 966 3208 3564
7065 2 2 13 96 1733 3258 4206
7066 2 2 13 96 2381 3801 3950
7067 2 2 13 96 1925 2313 3825
7068 2 2 13 96 1541 4013 4095
7069 2 2 13 96 1640 1639 1694
7070 2 2 13 96 1044 3178 3179
7071 2 2 13 96 2296 2300 3554
7072 2 2 13 96 3128 2230 3609
7073 2 2 13 96 2931 2812 4030
7074 2 2 13 96 1534 3671 3890
7075 2 2 13 96 962 955 3577
7076 2 2 13 96 2120 3090 4147
7077 2 2 13 96 1779 3443 3733
7078 2 2 13 96 1666 2820 4102
7079 2 2 13 96 2560 2558 3693
7080 2 2 13 96 3365 1302 3984
7081 2 2 13 96 2442 1763 2443
7082 2 2 13 96 2330 2329 2347
7083 2 2 13 96 1403 1401 3664
7084 2 2 13 96 968 966 3564
7085 2 2 13 96 2407 2578 4046
7086 2 2 13 96 1520 1857 4019
7087 2 2 13 96 1238 1239 1241
7088 2 2 13 96 1584 2218 3622
7089 2 2 13 96 599 555 3520
7090 2 2 13 96 1076 1125 1126
7091 2 2 13 96 2829 2825 4007
7092 2 2 13 96 2917 3362 3726
7093 2 2 13 96 1686 1487 3669
7094 2 2 13 96 3488 296 3489
7095 2 2 13 96 2039 3792 4121
7096 2 2 13 96 3370 1581 4292
7097 2 2 13 96 2199 1727 3601
7098 2 2 13 96 1530 1531 1836
7099 2 2 13 96 672 670 3863
7100 2 2 13 96 669 671 4277
7101 2 2 13 96 2034 1781 3774
7102 2 2 13 96 1432 1145 3723
7103 2 2 13 96 1098 1096 3522
7104 2 2 13 96 3527 498 4014
7105 2 2 13 96 869 877 3724
7106 2 2 13 96 972 968 3564
7107 2 2 13 96 3209 2810 3856
7108 2 2 13 96 1107 1303 1338
7109 2 2 13 96 2321 2320 2412
7110 2 2 13 96 1836 1881 2470
7111 2 2 13 96 825 826 855
7112 2 2 13 96 1369 1421 1494
7113 2 2 13 96 1236 1237 1238
7114 2 2 13 96 511 510 512
7115 2 2 13 96 1241 1242 1326
7116 2 2 13 96 1201 2508 3917
7117 2 2 13 96 155 3162 3888
7118 2 2 13 96 3114 3884 4161
7119 2 2 13 96 277 1396 3474
7120 2 2 13 96 1338 1462 1497
7121 2 2 13 96 3155 68 3901
7122 2 2 13 96 1299 1437 1466
7123 2 2 13 96 3016 831 4272
7124 2 2 13 96 273 296 3488
7125 2 2 13 96 1426 1924 3656
7126 2 2 13 96 376 1911 4299
7127 2 2 13 96 1773 1772 1774
7128 2 2 13 96 1914 2378 3880
7129 2 2 13 96 3497 3282 3532
7130 2 2 13 96 1878 1879 3764
7131 2 2 13 96 3184 3612 3944
7132 2 2 13 96 2954 2955 3827
7133 2 2 13 96 2404 3608 4066
7134 2 2 13 96 3059 3491 3584
7135 2 2 13 96 3566 2372 3959
7136 2 2 13 96 1042 1041 1045
7137 2 2 13 96 677 679 4247
7138 2 2 13 96 1912 2797 4301
7139 2 2 13 96 586 589 3722
7140 2 2 13 96 3375 2796 3791
7141 2 2 13 96 1187 1526 3826
7142 2 2 13 96 2267 2268 3662
7143 2 2 13 96 2570 2632 3812
7144 2 2 13 96 2477 2850 4194
7145 2 2 13 96 2238 1851 2239
7146 2 2 13 96 553 599 3538
7147 2 2 13 96 3726 471 4009
7148 2 2 13 96 965 2411 4298
7149 2 2 13 96 3421 1950 4237
7150 2 2 13 96 3426 2112 3690
7151 2 2 13 96 3129 364 3130
7152 2 2 13 96 1163 3776 4015
7153 2 2 13 96 497 34 3234
7154 2 2 13 96 1616 1105 1631
7155 2 2 13 96 1486 3877 4169
7156 2 2 13 96 2336 2356 3789
7157 2 2 13 96 1629 3143 4107
7158 2 2 13 96 1579 2694 3804
7159 2 2 13 96 265 264 266
7160 2 2 13 96 1826 2214 3584
7161 2 2 13 96 4131 1325 4247
7162 2 2 13 96 1110 1156 3560
7163 2 2 13 96 906 835 3816
7164 2 2 13 96 528 652 726
7165 2 2 13 96 2208 3354 3815
7166 2 2 13 96 2087 3434 3763
7167 2 2 13 96 517 519 3531
7168 2 2 13 96 305 2496 4265
7169 2 2 13 96 1968 2583 3814
7170 2 2 13 96 2219 1347 3599
7171 2 2 13 96 2475 3228 4216
7172 2 2 13 96 271 269 3550
7173 2 2 13 96 3703 4251 4281
7174 2 2 13 96 2574 1994 4160
7175 2 2 13 96 2041 3471 4276
7176 2 2 13 96 467 2041 4276
7177 2 2 13 96 2675 2207 3745
7178 2 2 13 96 169 16 2341
7179 2 2 13 96 423 425 3571
7180 2 2 13 96 563 600 3717
7181 2 2 13 96 990 1297 1298
7182 2 2 13 96 3428 2560 3708
7183 2 2 13 96 855 826 856
7184 2 2 13 96 433 429 3631
7185 2 2 13 96 845 3048 4143
7186 2 2 13 96 943 2580 4036
7187 2 2 13 96 379 1227 3557
7188 2 2 13 96 2357 1447 3604
7189 2 2 13 96 2448 1968 3814
7190 2 2 13 96 1432 3723 3954
7191 2 2 13 96 3968 3058 4076
7192 2 2 13 96 2285 1582 2950
7193 2 2 13 96 1350 910 4008
7194 2 2 13 96 2484 3026 4330
7195 2 2 13 96 1494 1495 1824
7196 2 2 13 96 3087 2469 3884
7197 2 2 13 96 2039 3314 3792
7198 2 2 13 96 1396 275 3488
7199 2 2 13 96 452 450 3869
7200 2 2 13 96 1230 2786 3836
7201 2 2 13 96 2268 1799 2269
7202 2 2 13 96 3639 3017 3928
7203 2 2 13 96 2195 1842 3337
7204 2 2 13 96 990 2315 3679
7205 2 2 13 96 3777 2188 3881
7206 2 2 13 96 1567 1566 3568
7207 2 2 13 96 1080 987 3765
7208 2 2 13 96 1266 1269 3599
7209 2 2 13 96 1998 1997 1999
7210 2 2 13 96 1074 1124 3650
7211 2 2 13 96 1563 1798 3738
7212 2 2 13 96 831 797 3783
7213 2 2 13 96 2528 2375 3683
7214 2 2 13 96 1941 2277 3551
7215 2 2 13 96 2409 3173 4221
7216 2 2 13 96 2518 1984 2777
7217 2 2 13 96 1050 1045 1052
7218 2 2 13 96 1014 1218 4011
7219 2 2 13 96 216 3099 3847
7220 2 2 13 96 2070 3276 3928
7221 2 2 13 96 3209 3169 4218
7222 2 2 13 96 667 669 4072
7223 2 2 13 96 1218 1012 3897
7224 2 2 13 96 1824 1825 2370
7225 2 2 13 96 1326 1327 1563
7226 2 2 13 96 1132 1070 3569
7227 2 2 13 96 3598 2352 3740
7228 2 2 13 96 1563 1615 1770
7229 2 2 13 96 3661 3663 3983
7230 2 2 13 96 350 348 3542
7231 2 2 13 96 1815 2619 3619
7232 2 2 13 96 3092 400 3665
7233 2 2 13 96 3414 375 3557
7234 2 2 13 96 178 34 497
7235 2 2 13 96 1541 1542 4013
7236 2 2 13 96 3485 2585 4283
7237 2 2 13 96 2823 2489 4264
7238 2 2 13 96 1783 2102 2164
7239 2 2 13 96 1369 1368 1421
7240 2 2 13 96 2319 2318 2320
7241 2 2 13 96 2344 2278 2345
7242 2 2 13 96 1453 1451 3615
7243 2 2 13 96 2361 3671 4266
7244 2 2 13 96 2369 3370 3978
7245 2 2 13 96 3571 2762 3925
7246 2 2 13 96 1515 1643 1783
7247 2 2 13 96 2592 3867 3926
7248 2 2 13 96 3713 1742 4327
7249 2 2 13 96 1630 3551 3793
7250 2 2 13 96 687 689 3744
7251 2 2 13 96 2968 3087 3884
7252 2 2 13 96 713 702 3807
7253 2 2 13 96 509 508 510
7254 2 2 13 96 306 308 4274
7255 2 2 13 96 2282 2723 3865
7256 2 2 13 96 728 673 4042
7257 2 2 13 96 2251 2252 3810
7258 2 2 13 96 1783 1784 2102
7259 2 2 13 96 3324 2374 4149
7260 2 2 13 96 513 514 798
7261 2 2 13 96 1588 1589 1590
7262 2 2 13 96 1770 2083 2084
7263 2 2 13 96 2524 2295 3389
7264 2 2 13 96 3578 2316 3808
7265 2 2 13 96 2573 2298 3554
7266 2 2 13 96 2352 2186 3740
7267 2 2 13 96 1485 1515 1852
7268 2 2 13 96 1632 1633 1752
7269 2 2 13 96 798 514 3340
7270 2 2 13 96 442 423 3571
7271 2 2 13 96 2221 3371 4081
7272 2 2 13 96 2452 1886 2453
7273 2 2 13 96 843 3677 3798
7274 2 2 13 96 1782 1038 3621
7275 2 2 13 96 1917 2359 3829
7276 2 2 13 96 3661 2267 3662
7277 2 2 13 96 3519 3904 3929
7278 2 2 13 96 2471 3197 4293
7279 2 2 13 96 1752 1842 2192
7280 2 2 13 96 1482 1484 1485
7281 2 2 13 96 2434 2956 4318
7282 2 2 13 96 1738 1991 3582
7283 2 2 13 96 2988 2991 4119
7284 2 2 13 96 1943 1142 3749
7285 2 2 13 96 480 3513 3653
7286 2 2 13 96 3847 3099 4280
7287 2 2 13 96 1147 1432 3625
7288 2 2 13 96 3326 3327 3942
7289 2 2 13 96 1012 1010 3897
7290 2 2 13 96 298 266 1850
7291 2 2 13 96 1254 500 3478
7292 2 2 13 96 1439 2954 3827
7293 2 2 13 96 1182 3679 4094
7294 2 2 13 96 1229 587 3817
7295 2 2 13 96 2967 1837 4224
7296 2 2 13 96 1848 3379 3979
7297 2 2 13 96 2400 2586 4060
7298 2 2 13 96 1360 3404 4227
7299 2 2 13 96 1416 1712 3572
7300 2 2 13 96 539 1405 3514
7301 2 2 13 96 2051 3497 4100
7302 2 2 13 96 1388 551 3538
7303 2 2 13 96 3689 432 4032
7304 2 2 13 96 2385 3952 4045
7305 2 2 13 96 2511 2512 3616
7306 2 2 13 96 2168 2173 3643
7307 2 2 13 96 2102 2110 2384
7308 2 2 13 96 3180 2303 3828
7309 2 2 13 96 1663 1666 3908
7310 2 2 13 96 2175 1779 3733
7311 2 2 13 96 3407 2201 3683
7312 2 2 13 96 1762 2951 4214
7313 2 2 13 96 1423 4022 4114
7314 2 2 13 96 3439 1656 3688
7315 2 2 13 96 2268 2269 3355
7316 2 2 13 96 2425 4211 4281
7317 2 2 13 96 1632 1631 1633
7318 2 2 13 96 944 948 3962
7319 2 2 13 96 3986 2706 4246
7320 2 2 13 96 3218 3493 4305
7321 2 2 13 96 2215 3319 3923
7322 2 2 13 96 2097 1737 3582
7323 2 2 13 96 2944 2946 3979
7324 2 2 13 96 263 300 3842
7325 2 2 13 96 2581 3420 4244
7326 2 2 13 96 1156 1300 3560
7327 2 2 13 96 3245 2213 3967
7328 2 2 13 96 1981 1982 2427
7329 2 2 13 96 2903 1944 3725
7330 2 2 13 96 2236 2235 3558
7331 2 2 13 96 2307 2973 3894
7332 2 2 13 96 2162 1772 3729
7333 2 2 13 96 329 327 3676
7334 2 2 13 96 888 1177 3833
7335 2 2 13 96 3553 2241 3891
7336 2 2 13 96 2317 2316 2318
7337 2 2 13 96 2804 2760 4219
7338 2 2 13 96 1801 3353 4252
7339 2 2 13 96 369 492 3739
7340 2 2 13 96 1619 1618 3673
7341 2 2 13 96 3320 3144 4297
7342 2 2 13 96 818 3141 4199
7343 2 2 13 96 1188 3197 3747
7344 2 2 13 96 3277 3539 3872
7345 2 2 13 96 3072 2111 4334
7346 2 2 13 96 1967 3245 3759
7347 2 2 13 96 1836 2471 4293
7348 2 2 13 96 1480 1481 1482
7349 2 2 13 96 3215 3589 4050
7350 2 2 13 96 1405 541 3529
7351 2 2 13 96 1569 1330 3871
7352 2 2 13 96 316 1412 3580
7353 2 2 13 96 1910 2236 3568
7354 2 2 13 96 1229 3639 3928
7355 2 2 13 96 2974 2176 4041
7356 2 2 13 96 1678 4053 4323
7357 2 2 13 96 298 1850 1981
7358 2 2 13 96 2375 2374 3751
7359 2 2 13 96 2333 3680 4026
7360 2 2 13 96 3725 1944 3890
7361 2 2 13 96 3287 1274 3922
7362 2 2 13 96 1711 953 3561
7363 2 2 13 96 492 1523 3739
7364 2 2 13 96 3954 2361 4266
7365 2 2 13 96 2073 1387 3699
7366 2 2 13 96 3745 2207 3820
7367 2 2 13 96 2504 3772 4232
7368 2 2 13 96 3314 3152 3792
7369 2 2 13 96 1447 1449 3604
7370 2 2 13 96 502 1372 3735
7371 2 2 13 96 291 294 3848
7372 2 2 13 96 2676 993 4241
7373 2 2 13 96 82 83 3849
7374 2 2 13 96 3504 1947 3758
7375 2 2 13 96 3511 3084 3841
7376 2 2 13 96 3603 1124 3799
7377 2 2 13 96 421 442 3937
7378 2 2 13 96 1043 1028 4202
7379 2 2 13 96 593 4116 4138
7380 2 2 13 96 1090 1083 3635
7381 2 2 13 96 2440 3147 4326
7382 2 2 13 96 1431 3301 3766
7383 2 2 13 96 1774 1772 2162
7384 2 2 13 96 296 271 3550
7385 2 2 13 96 1971 1974 1975
7386 2 2 13 96 1533 843 3798
7387 2 2 13 96 1727 2202 3601
7388 2 2 13 96 1494 1421 1495
7389 2 2 13 96 2165 3703 4281
7390 2 2 13 96 3435 432 3689
7391 2 2 13 96 3662 2268 4313
7392 2 2 13 96 3637 2544 3807
7393 2 2 13 96 1710 2339 2340
7394 2 2 13 96 625 629 3805
7395 2 2 13 96 1240 3755 3756
7396 2 2 13 96 1855 1686 2505
7397 2 2 13 96 1517 1518 3977
7398 2 2 13 96 2863 2864 4129
7399 2 2 13 96 429 515 3631
7400 2 2 13 96 2274 1219 3691
7401 2 2 13 96 3404 2612 4227
7402 2 2 13 96 3589 3164 4050
7403 2 2 13 96 2209 1653 3845
7404 2 2 13 96 2391 3312 4243
7405 2 2 13 96 1875 1597 3635
7406 2 2 13 96 3040 232 3953
7407 2 2 13 96 1742 2442 3913
7408 2 2 13 96 3264 490 3735
7409 2 2 13 96 1950 1952 4237
7410 2 2 13 96 2401 3600 3811
7411 2 2 13 96 2286 282 3474
7412 2 2 13 96 1816 3376 4280
7413 2 2 13 96 2694 3702 3852
7414 2 2 13 96 1969 1968 2448
7415 2 2 13 96 3339 1259 3860
7416 2 2 13 96 1584 1586 2218
7417 2 2 13 96 3281 2337 4074
7418 2 2 13 96 2315 1298 2316
7419 2 2 13 96 3327 1154 3740
7420 2 2 13 96 3708 2560 3863
7421 2 2 13 96 1824 1495 1825
7422 2 2 13 96 2027 2174 3853
7423 2 2 13 96 3471 474 4276
7424 2 2 13 96 2694 3852 3956
7425 2 2 13 96 543 601 3529
7426 2 2 13 96 3445 1271 4025
7427 2 2 13 96 438 435 3668
7428 2 2 13 96 3388 1359 4003
7429 2 2 13 96 533 602 3532
7430 2 2 13 96 1499 1001 3710
7431 2 2 13 96 858 1384 3691
7432 2 2 13 96 3831 2453 4078
7433 2 2 13 96 2370 1825 2576
7434 2 2 13 96 1177 3058 3968
7435 2 2 13 96 353 350 3542
7436 2 2 13 96 3612 1047 3944
7437 2 2 13 96 400 402 3665
7438 2 2 13 96 1694 1781 1953
7439 2 2 13 96 2894 442 4320
7440 2 2 13 96 3294 2712 4069
7441 2 2 13 96 1593 1591 1730
7442 2 2 13 96 1968 1852 2583
7443 2 2 13 96 2074 2760 4082
7444 2 2 13 96 1195 3800 3969
7445 2 2 13 96 2474 2305 3934
7446 2 2 13 96 3591 2366 4040
7447 2 2 13 96 1365 1366 1799
7448 2 2 13 96 1732 1827 1926
7449 2 2 13 96 1126 1125 1654
7450 2 2 13 96 1076 1075 1125
7451 2 2 13 96 2433 2910 4310
7452 2 2 13 96 1451 1500 3615
7453 2 2 13 96 1934 1914 3880
7454 2 2 13 96 3104 3106 3857
7455 2 2 13 96 3613 938 3858
7456 2 2 13 96 2959 1912 4301
7457 2 2 13 96 1369 3802 4238
7458 2 2 13 96 2846 3016 4272
7459 2 2 13 96 1996 1997 1998
7460 2 2 13 96 1801 1776 1851
7461 2 2 13 96 2289 2288 3997
7462 2 2 13 96 1310 1445 3736
7463 2 2 13 96 195 3019 3961
7464 2 2 13 96 3495 2208 3815
7465 2 2 13 96 1706 1815 3619
7466 2 2 13 96 1989 3874 4307
7467 2 2 13 96 3230 3231 3852
7468 2 2 13 96 3352 363 4093
7469 2 2 13 96 3302 2147 4109
7470 2 2 13 96 1765 2511 4106
7471 2 2 13 96 2695 2339 3397
7472 2 2 13 96 3608 3211 3893
7473 2 2 13 96 1241 1463 3755
7474 2 2 13 96 2410 2811 4131
7475 2 2 13 96 1479 497 3234
7476 2 2 13 96 1853 1968 1969
7477 2 2 13 96 1984 1695 3834
7478 2 2 13 96 2311 3445 4025
7479 2 2 13 96 3036 1089 3731
7480 2 2 13 96 696 3581 4146
7481 2 2 13 96 2140 1706 3619
7482 2 2 13 96 1908 3522 3976
7483 2 2 13 96 1752 1633 1842
7484 2 2 13 96 3224 1954 4187
7485 2 2 13 96 1488 1855 1856
7486 2 2 13 96 2761 2967 4224
7487 2 2 13 96 3680 1078 4026
7488 2 2 13 96 642 1537 4303
7489 2 2 13 96 519 522 3531
7490 2 2 13 96 2681 1943 3749
7491 2 2 13 96 3147 3146 4326
7492 2 2 13 96 2491 3766 3975
7493 2 2 13 96 511 512 513
7494 2 2 13 96 2192 1842 2195
7495 2 2 13 96 2269 3701 3913
7496 2 2 13 96 508 2513 4234
7497 2 2 13 96 2445 2444 4254
7498 2 2 13 96 2427 1982 2428
7499 2 2 13 96 1367 1200 3656
7500 2 2 13 96 602 535 3576
7501 2 2 13 96 3346 2417 4088
7502 2 2 13 96 3404 3403 3739
7503 2 2 13 96 359 1358 3696
7504 2 2 13 96 2642 2640 3859
7505 2 2 13 96 2170 2553 3773
7506 2 2 13 96 2343 2179 3764
7507 2 2 13 96 681 700 3843
7508 2 2 13 96 2447 2168 3643
7509 2 2 13 96 734 3972 4029
7510 2 2 13 96 955 1711 3577
7511 2 2 13 96 3156 3155 3901
7512 2 2 13 96 3162 3163 3888
7513 2 2 13 96 154 155 3888
7514 2 2 13 96 3457 2437 3686
7515 2 2 13 96 3022 3024 4000
7516 2 2 13 96 1068 962 3577
7517 2 2 13 96 1186 1391 3659
7518 2 2 13 96 269 3085 3550
7519 2 2 13 96 1383 1153 3716
7520 2 2 13 96 3869 450 4209
7521 2 2 13 96 1981 1850 1982
7522 2 2 13 96 2123 1777 4252
7523 2 2 13 96 3489 3329 3760
7524 2 2 13 96 1164 1166 3642
7525 2 2 13 96 3462 1556 4051
7526 2 2 13 96 2972 2976 4205
7527 2 2 13 96 3388 4003 4032
7528 2 2 13 96 1485 1484 1515
7529 2 2 13 96 1953 2033 2310
7530 2 2 13 96 3493 3218 4016
7531 2 2 13 96 3331 2454 4058
7532 2 2 13 96 2201 3218 4305
7533 2 2 13 96 1482 1481 1484
7534 2 2 13 96 803 3666 3780
7535 2 2 13 96 1335 3375 3791
7536 2 2 13 96 961 982 3667
7537 2 2 13 96 1423 1114 4022
7538 2 2 13 96 1401 1473 3664
7539 2 2 13 96 513 798 1365
7540 2 2 13 96 1705 1817 3881
7541 2 2 13 96 3340 517 3531
7542 2 2 13 96 3231 2520 3852
7543 2 2 13 96 2038 3360 4319
7544 2 2 13 96 1117 1367 4325
7545 2 2 13 96 3258 2495 3961
7546 2 2 13 96 3126 2527 3945
7547 2 2 13 96 2381 1675 3886
7548 2 2 13 96 1824 2370 3734
7549 2 2 13 96 549 1388 3903
7550 2 2 13 96 1827 1731 2120
7551 2 2 13 96 1153 1362 3716
7552 2 2 13 96 1050 1052 3506
7553 2 2 13 96 1748 3647 4220
7554 2 2 13 96 3453 2650 3930
7555 2 2 13 96 3914 2362 4259
7556 2 2 13 96 68 69 3901
7557 2 2 13 96 2207 3283 3820
7558 2 2 13 96 3683 2375 3751
7559 2 2 13 96 3403 369 3739
7560 2 2 13 96 4045 3216 4145
7561 2 2 13 96 1055 1053 3652
7562 2 2 13 96 1953 1781 2033
7563 2 2 13 96 3244 2575 4215
7564 2 2 13 96 1331 3893 4067
7565 2 2 13 96 437 3127 4141
7566 2 2 13 96 1150 1147 3625
7567 2 2 13 96 3800 3029 3969
7568 2 2 13 96 3874 2785 4307
7569 2 2 13 96 3764 1879 3973
7570 2 2 13 96 1480 1486 4169
7571 2 2 13 96 1908 1098 3522
7572 2 2 13 96 3053 3745 3820
7573 2 2 13 96 734 723 3972
7574 2 2 13 96 1613 3431 4132
7575 2 2 13 96 585 3646 3935
7576 2 2 13 96 2043 3509 4223
7577 2 2 13 96 3547 2642 3859
7578 2 2 13 96 2033 2034 3741
7579 2 2 13 96 1417 1254 3478
7580 2 2 13 96 1200 1426 3656
7581 2 2 13 96 2126 1075 3652
7582 2 2 13 96 2623 2917 4009
7583 2 2 13 96 2945 2944 4064
7584 2 2 13 96 3313 2331 3822
7585 2 2 13 96 3427 3428 3787
7586 2 2 13 96 2744 2732 4130
7587 2 2 13 96 1380 497 1478
7588 2 2 13 96 1791 3865 4133
7589 2 2 13 96 1095 1411 3799
7590 2 2 13 96 3113 2968 3884
7591 2 2 13 96 1950 3421 4331
7592 2 2 13 96 1003 1499 3678
7593 2 2 13 96 2212 2482 3907
7594 2 2 13 96 3527 2035 3932
7595 2 2 13 96 1365 798 1366
7596 2 2 13 96 3177 3806 4210
7597 2 2 13 96 2539 3826 4239
7598 2 2 13 96 357 359 3696
7599 2 2 13 96 3242 2524 4321
7600 2 2 13 96 3448 437 4141
7601 2 2 13 96 2195 3337 3720
7602 2 2 13 96 3773 2553 4053
7603 2 2 13 96 2110 2506 3994
7604 2 2 13 96 2083 3211 3607
7605 2 2 13 96 1924 3629 3656
7606 2 2 13 96 1166 1430 3642
7607 2 2 13 96 1998 1999 2787
7608 2 2 13 96 3744 689 3854
7609 2 2 13 96 3211 2635 3893
7610 2 2 13 96 2328 2330 3991
7611 2 2 13 96 1590 1591 1593
7612 2 2 13 96 1890 1891 2515
7613 2 2 13 96 689 691 3854
7614 2 2 13 96 3411 2501 3912
7615 2 2 13 96 3715 2872 3873
7616 2 2 13 96 198 3553 3891
7617 2 2 13 96 3881 1817 3945
7618 2 2 13 96 3176 1824 3734
7619 2 2 13 96 3849 2721 4151
7620 2 2 13 96 844 1967 3993
7621 2 2 13 96 1991 2477 4194
7622 2 2 13 96 2872 3552 3873
7623 2 2 13 96 234 3986 4246
7624 2 2 13 96 1737 1738 3582
7625 2 2 13 96 2334 3564 4005
7626 2 2 13 96 2696 2750 4328
7627 2 2 13 96 1073 997 3675
7628 2 2 13 96 1048 1005 3678
7629 2 2 13 96 3172 2856 4035
7630 2 2 13 96 1998 2788 3772
7631 2 2 13 96 537 3514 3576
7632 2 2 13 96 3760 2288 4174
7633 2 2 13 96 1801 1851 2238
7634 2 2 13 96 2174 4118 4228
7635 2 2 13 96 1363 3411 3912
7636 2 2 13 96 3581 768 4126
7637 2 2 13 96 641 3412 4021
7638 2 2 13 96 2371 1985 3753
7639 2 2 13 96 4235 2955 4316
7640 2 2 13 96 4142 2499 4201
7641 2 2 13 96 1016 1014 4011
7642 2 2 13 96 1480 1479 1481
7643 2 2 13 96 365 329 3676
7644 2 2 13 96 821 804 4268
7645 2 2 13 96 1005 1003 3678
7646 2 2 13 96 2402 2401 3811
7647 2 2 13 96 415 476 3624
7648 2 2 13 96 2473 3448 4141
7649 2 2 13 96 474 469 4276
7650 2 2 13 96 982 1091 3667
7651 2 2 13 96 1195 3583 3800
7652 2 2 13 96 2929 2930 4032
7653 2 2 13 96 3810 206 4257
7654 2 2 13 96 3736 2357 4093
7655 2 2 13 96 2521 2097 3582
7656 2 2 13 96 1223 899 3920
7657 2 2 13 96 2106 3519 3929
7658 2 2 13 96 3420 1367 4244
7659 2 2 13 96 1489 2423 4180
7660 2 2 13 96 488 1181 3905
7661 2 2 13 96 2062 961 3667
7662 2 2 13 96 509 510 511
7663 2 2 13 96 3581 2880 4146
7664 2 2 13 96 485 438 3668
7665 2 2 13 96 2899 3977 4019
7666 2 2 13 96 3354 1900 3815
7667 2 2 13 96 3872 3305 4317
7668 2 2 13 96 1977 1976 3674
7669 2 2 13 96 2762 3571 4134
7670 2 2 13 96 2442 2443 3706
7671 2 2 13 96 217 3150 3980
7672 2 2 13 96 2132 4176 4306
7673 2 2 13 96 2330 3908 3991
7674 2 2 13 96 2661 30 3590
7675 2 2 13 96 3781 2370 3963
7676 2 2 13 96 1685 1859 3939
7677 2 2 13 96 2224 3427 3787
7678 2 2 13 96 2241 2240 3891
7679 2 2 13 96 2527 3881 3945
7680 2 2 13 96 293 291 3848
7681 2 2 13 96 3308 3398 3758
7682 2 2 13 96 2230 3129 3748
7683 2 2 13 96 507 508 509
7684 2 2 13 96 1162 1429 3695
7685 2 2 13 96 1430 1186 3659
7686 2 2 13 96 1589 1987 3916
7687 2 2 13 96 3328 2301 3997
7688 2 2 13 96 1526 1818 3826
7689 2 2 13 96 353 3542 3737
7690 2 2 13 96 1597 1090 3635
7691 2 2 13 96 1433 3573 3675
7692 2 2 13 96 1861 1860 3788
7693 2 2 13 96 2310 2033 3115
7694 2 2 13 96 1357 2219 3699
7695 2 2 13 96 3060 736 4243
7696 2 2 13 96 3538 599 4295
7697 2 2 13 96 1429 1164 3642
7698 2 2 13 96 1328 1231 1605
7699 2 2 13 96 1944 1534 3890
7700 2 2 13 96 3409 3736 4093
7701 2 2 13 96 4012 2043 4223
7702 2 2 13 96 2037 2962 4256
7703 2 2 13 96 2450 2028 4004
7704 2 2 13 96 1593 1731 1732
7705 2 2 13 96 3823 1988 4289
7706 2 2 13 96 2951 2863 4214
7707 2 2 13 96 1030 3592 4202
7708 2 2 13 96 3833 1177 3968
7709 2 2 13 96 3985 43 4230
7710 2 2 13 96 3871 1331 4067
7711 2 2 13 96 2494 2493 3929
7712 2 2 13 96 2331 3119 3822
7713 2 2 13 96 3164 3166 4050
7714 2 2 13 96 2131 3441 3907
7715 2 2 13 96 503 505 1559
7716 2 2 13 96 234 3132 3986
7717 2 2 13 96 3173 2070 4221
7718 2 2 13 96 2665 2494 3904
7719 2 2 13 96 736 734 4029
7720 2 2 13 96 3564 3208 4005
7721 2 2 13 96 2104 1423 4114
7722 2 2 13 96 3607 301 3862
7723 2 2 13 96 3693 2561 4296
7724 2 2 13 96 3570 2215 3923
7725 2 2 13 96 3990 2812 4263
7726 2 2 13 96 2305 3237 3934
7727 2 2 13 96 1588 1590 1592
7728 2 2 13 96 42 43 3985
7729 2 2 13 96 3523 2490 3818
7730 2 2 13 96 2790 3975 4020
7731 2 2 13 96 3904 2494 3929
7732 2 2 13 96 1083 3170 3635
7733 2 2 13 96 3299 1740 3713
7734 2 2 13 96 2214 3364 3771
7735 2 2 13 96 435 3349 3668
7736 2 2 13 96 2864 3159 4109
7737 2 2 13 96 160 193 4153
7738 2 2 13 96 4003 2929 4032
7739 2 2 13 96 1001 999 3710
7740 2 2 13 96 2213 3479 3967
7741 2 2 13 96 3503 2093 4052
7742 2 2 13 96 997 996 3675
7743 2 2 13 96 1124 1085 3799
7744 2 2 13 96 3843 700 3989
7745 2 2 13 96 1143 1276 3723
7746 2 2 13 96 3506 1052 3650
7747 2 2 13 96 1437 1439 3705
7748 2 2 13 96 1679 3821 4059
7749 2 2 13 96 3102 3105 4027
7750 2 2 13 96 2185 1483 2278
7751 2 2 13 96 3626 2792 3746
7752 2 2 13 96 1338 1945 3731
7753 2 2 13 96 1871 3831 4078
7754 2 2 13 96 2890 2877 4126
7755 2 2 13 96 3398 3504 3758
7756 2 2 13 96 1694 1639 1781
7757 2 2 13 96 1853 1852 1968
7758 2 2 13 96 503 1559 3842
7759 2 2 13 96 1817 2080 3945
7760 2 2 13 96 804 815 4268
7761 2 2 13 96 2944 3979 4064
7762 2 2 13 96 3824 13 4135
7763 2 2 13 96 2255 3406 3873
7764 2 2 13 96 163 192 4159
7765 2 2 13 96 402 1530 3665
7766 2 2 13 96 2304 2306 3981
7767 2 2 13 96 1219 856 3691
7768 2 2 13 96 768 712 3911
7769 2 2 13 96 3818 1391 4139
7770 2 2 13 96 2749 2751 3177
7771 2 2 13 96 1369 1494 3802
7772 2 2 13 96 3322 2441 3392
7773 2 2 13 96 3220 3345 3821
7774 2 2 13 96 1160 1162 3695
7775 2 2 13 96 523 526 4177
7776 2 2 13 96 1485 1853 3721
7777 2 2 13 96 3936 957 3962
7778 2 2 13 96 2465 3209 3856
7779 2 2 13 96 2107 1821 4112
7780 2 2 13 96 1380 1478 1483
7781 2 2 13 96 802 784 4023
7782 2 2 13 96 856 858 3691
7783 2 2 13 96 2444 1763 3728
7784 2 2 13 96 2671 2669 4120
7785 2 2 13 96 2395 3673 4337
7786 2 2 13 96 214 3148 4006
7787 2 2 13 96 3289 1626 4027
7788 2 2 13 96 2291 2301 3704
7789 2 2 13 96 1618 1957 3673
7790 2 2 13 96 1142 3580 3749
7791 2 2 13 96 4122 1258 4168
7792 2 2 13 96 1300 3230 3702
7793 2 2 13 96 3957 3191 4074
7794 2 2 13 96 2343 3764 3973
7795 2 2 13 96 3705 1439 3827
7796 2 2 13 96 2670 2963 4098
7797 2 2 13 96 740 4104 4142
7798 2 2 13 96 3337 1926 4204
7799 2 2 13 96 2596 2842 3645
7800 2 2 13 96 219 3855 3996
7801 2 2 13 96 1052 1074 3650
7802 2 2 13 96 3441 2212 3907
7803 2 2 13 96 987 978 3765
7804 2 2 13 96 1775 1774 1776
7805 2 2 13 96 3649 3467 3986
7806 2 2 13 96 3082 3288 3976
7807 2 2 13 96 2371 4235 4316
7808 2 2 13 96 2810 2656 3856
7809 2 2 13 96 3446 96 4083
7810 2 2 13 96 996 1433 3675
7811 2 2 13 96 3908 1666 3991
7812 2 2 13 96 3322 2122 3397
7813 2 2 13 96 1957 1797 3830
7814 2 2 13 96 2034 3606 3775
7815 2 2 13 96 3208 1734 4005
7816 2 2 13 96 1616 1632 3837
7817 2 2 13 96 1355 3242 4321
7818 2 2 13 96 3547 2981 3813
7819 2 2 13 96 2501 3094 4290
7820 2 2 13 96 1242 1239 3875
7821 2 2 13 96 4072 3057 4310
7822 2 2 13 96 2372 2373 3959
7823 2 2 13 96 1387 1357 3699
7824 2 2 13 96 3646 2390 3935
7825 2 2 13 96 1924 1925 3825
7826 2 2 13 96 3479 1560 3967
7827 2 2 13 96 1411 1160 3695
7828 2 2 13 96 3130 353 3712
7829 2 2 13 96 3048 3943 4143
7830 2 2 13 96 3195 1769 4317
7831 2 2 13 96 2264 2266 3965
7832 2 2 13 96 4055 193 4056
7833 2 2 13 96 1434 255 3223
7834 2 2 13 96 3428 729 3787
7835 2 2 13 96 3353 2238 3770
7836 2 2 13 96 1729 1839 3943
7837 2 2 13 96 2790 2491 3975
7838 2 2 13 96 1488 1487 1686
7839 2 2 13 96 3058 2549 4076
7840 2 2 13 96 3539 3378 3872
7841 2 2 13 96 2420 2394 3860
7842 2 2 13 96 3389 2291 3704
7843 2 2 13 96 2668 2666 4006
7844 2 2 13 96 3926 1592 4217
7845 2 2 13 96 1085 1095 3799
7846 2 2 13 96 1240 3756 3850
7847 2 2 13 96 1236 1240 3790
7848 2 2 13 96 2320 2322 3727
7849 2 2 13 96 1409 3838 3846
7850 2 2 13 96 3071 3072 4334
7851 2 2 13 96 1897 1959 4077
7852 2 2 13 96 2344 2345 3303
7853 2 2 13 96 3983 3663 4125
7854 2 2 13 96 3126 3945 4031
7855 2 2 13 96 2252 3126 4031
7856 2 2 13 96 740 737 4104
7857 2 2 13 96 450 448 4209
7858 2 2 13 96 475 3114 3902
7859 2 2 13 96 910 908 4008
7860 2 2 13 96 1478 1479 1480
7861 2 2 13 96 999 1073 3710
7862 2 2 13 96 3329 3328 3997
7863 2 2 13 96 2172 357 3696
7864 2 2 13 96 3127 3747 4141
7865 2 2 13 96 2453 1886 3938
7866 2 2 13 96 2917 3726 4009
7867 2 2 13 96 4285 2888 4304
7868 2 2 13 96 264 260 3508
7869 2 2 13 96 2718 4049 4306
7870 2 2 13 96 3690 4285 4304
7871 2 2 13 96 1053 3506 3652
7872 2 2 13 96 218 102 4047
7873 2 2 13 96 1465 1765 4106
7874 2 2 13 96 3945 2080 4031
7875 2 2 13 96 670 3708 3863
7876 2 2 13 96 2121 2120 2308
7877 2 2 13 96 1777 1776 1801
7878 2 2 13 96 3600 1728 3811
7879 2 2 13 96 700 711 3989
7880 2 2 13 96 2598 4071 4229
7881 2 2 13 96 1473 1641 3664
7882 2 2 13 96 212 112 4213
7883 2 2 13 96 3099 3100 4280
7884 2 2 13 96 3070 3073 4113
7885 2 2 13 96 1797 2095 3830
7886 2 2 13 96 1999 1997 4028
7887 2 2 13 96 3666 2194 3780
7888 2 2 13 96 1075 1055 3652
7889 2 2 13 96 4176 2852 4306
7890 2 2 13 96 2160 3663 4286
7891 2 2 13 96 338 1884 1886
7892 2 2 13 96 3277 3872 4317
7893 2 2 13 96 938 3423 3858
7894 2 2 13 96 2777 1984 2778
7895 2 2 13 96 3353 1708 3941
7896 2 2 13 96 3523 2724 3819
7897 2 2 13 96 3146 213 4326
7898 2 2 13 96 1463 1326 3738
7899 2 2 13 96 3342 3343 3957
7900 2 2 13 96 4076 2549 4160
7901 2 2 13 96 207 3262 4173
7902 2 2 13 96 2386 2100 3990
7903 2 2 13 96 1895 2271 3915
7904 2 2 13 96 2111 3287 3922
7905 2 2 13 96 601 545 4092
7906 2 2 13 96 2084 2083 3607
7907 2 2 13 96 2239 3031 3898
7908 2 2 13 96 3463 2358 4171
7909 2 2 13 96 2356 3049 4059
7910 2 2 13 96 1761 1456 4043
7911 2 2 13 96 3393 247 3914
7912 2 2 13 96 1089 1107 3731
7913 2 2 13 96 1181 1862 3905
7914 2 2 13 96 3725 2198 4162
7915 2 2 13 96 3091 4177 4314
7916 2 2 13 96 1145 1143 3723
7917 2 2 13 96 2269 1799 3701
7918 2 2 13 96 3090 2120 4137
7919 2 2 13 96 743 740 4142
7920 2 2 13 96 3572 2809 4275
7921 2 2 13 96 3467 2706 3986
7922 2 2 13 96 3952 1736 4045
7923 2 2 13 96 3283 1736 3952
7924 2 2 13 96 3559 2613 3765
7925 2 2 13 96 1675 1719 3886
7926 2 2 13 96 2205 1787 3761
7927 2 2 13 96 547 549 3903
7928 2 2 13 96 978 3559 3765
7929 2 2 13 96 3597 2440 3931
7930 2 2 13 96 2508 3795 3796
7931 2 2 13 96 1856 1855 2109
7932 2 2 13 96 4116 593 4188
7933 2 2 13 96 3422 2434 4318
7934 2 2 13 96 2476 2299 4140
7935 2 2 13 96 1741 2274 3728
7936 2 2 13 96 2621 2334 4005
7937 2 2 13 96 1937 2526 3974
7938 2 2 13 96 237 3027 4215
7939 2 2 13 96 3017 2409 4221
7940 2 2 13 96 2263 3820 3952
7941 2 2 13 96 3628 2131 3907
7942 2 2 13 96 2792 957 3936
7943 2 2 13 96 1009 1011 4311
7944 2 2 13 96 3378 1717 3872
7945 2 2 13 96 37 242 4083
7946 2 2 13 96 245 66 4084
7947 2 2 13 96 3829 2209 3845
7948 2 2 13 96 3884 2469 4161
7949 2 2 13 96 243 126 4085
7950 2 2 13 96 97 244 4086
7951 2 2 13 96 1948 1950 4331
7952 2 2 13 96 3357 3465 4292
7953 2 2 13 96 3183 419 3937
7954 2 2 13 96 1185 1657 3895
7955 2 2 13 96 2080 2535 4031
7956 2 2 13 96 3820 3283 3952
7957 2 2 13 96 2259 2261 3946
7958 2 2 13 96 3090 2515 4089
7959 2 2 13 96 2377 3662 4313
7960 2 2 13 96 3906 2603 4299
7961 2 2 13 96 3629 2581 4244
7962 2 2 13 96 3334 1972 3784
7963 2 2 13 96 342 1614 3803
7964 2 2 13 96 2160 3842 4125
7965 2 2 13 96 303 2225 2233
7966 2 2 13 96 2596 3645 4231
7967 2 2 13 96 2898 2899 4193
7968 2 2 13 96 2412 3727 3754
7969 2 2 13 96 1495 2230 3748
7970 2 2 13 96 344 342 3803
7971 2 2 13 96 3228 3848 4216
7972 2 2 13 96 2630 3215 4050
7973 2 2 13 96 3877 1486 3878
7974 2 2 13 96 4089 1569 4147
7975 2 2 13 96 2191 3964 4063
7976 2 2 13 96 3712 353 3737
7977 2 2 13 96 3815 2593 4291
7978 2 2 13 96 3436 1324 4275
7979 2 2 13 96 2134 3537 4000
7980 2 2 13 96 3188 3187 4261
7981 2 2 13 96 2534 3536 4139
7982 2 2 13 96 3503 2484 3992
7983 2 2 13 96 1366 2275 3701
7984 2 2 13 96 3812 1934 3880
7985 2 2 13 96 142 143 4179
7986 2 2 13 96 2431 1750 3995
7987 2 2 13 96 43 44 4230
7988 2 2 13 96 2888 2887 4304
7989 2 2 13 96 3201 1948 4331
7990 2 2 13 96 3239 463 3899
7991 2 2 13 96 1658 1995 2590
7992 2 2 13 96 3689 2930 4103
7993 2 2 13 96 3704 1355 4321
7994 2 2 13 96 2225 2226 3334
7995 2 2 13 96 3132 3649 3986
7996 2 2 13 96 1409 1488 3838
7997 2 2 13 96 3469 3468 4075
7998 2 2 13 96 2620 2746 3947
7999 2 2 13 96 4128 2395 4337
8000 2 2 13 96 3501 1610 4294
8001 2 2 13 96 1695 1694 3834
8002 2 2 13 96 3519 212 3904
8003 2 2 13 96 2536 2385 4145
8004 2 2 13 96 3537 3022 4000
8005 2 2 13 96 1732 1731 1827
8006 2 2 13 96 2355 2789 4111
8007 2 2 13 96 2308 3871 4067
8008 2 2 13 96 3698 1453 4049
8009 2 2 13 96 2451 3853 4170
8010 2 2 13 96 2329 2326 3841
8011 2 2 13 96 3948 1872 4018
8012 2 2 13 96 463 3044 3899
8013 2 2 13 96 3374 234 4246
8014 2 2 13 96 1947 3280 4012
8015 2 2 13 96 3095 2360 3954
8016 2 2 13 96 4006 2666 4329
8017 2 2 13 96 2723 3109 4253
8018 2 2 13 96 2698 2123 4252
8019 2 2 13 96 4117 2592 4217
8020 2 2 13 96 1879 1517 3977
8021 2 2 13 96 507 509 1751
8022 2 2 13 96 2483 2343 3973
8023 2 2 13 96 1761 4043 4090
8024 2 2 13 96 3136 3137 4262
8025 2 2 13 96 1335 3791 3892
8026 2 2 13 96 965 33 2411
8027 2 2 13 96 528 726 4314
8028 2 2 13 96 2504 1996 3772
8029 2 2 13 96 3659 1391 3818
8030 2 2 13 96 2549 2550 4160
8031 2 2 13 96 2120 1731 4137
8032 2 2 13 96 295 2395 4128
8033 2 2 13 96 338 1886 2398
8034 2 2 13 96 3015 1625 4170
8035 2 2 13 96 774 772 4073
8036 2 2 13 96 2326 2324 3841
8037 2 2 13 96 3455 214 4329
8038 2 2 13 96 3262 2575 4173
8039 2 2 13 96 3913 2442 3970
8040 2 2 13 96 3175 2888 4285
8041 2 2 13 96 2661 3590 4231
8042 2 2 13 96 2366 2368 4040
8043 2 2 13 96 2424 2165 4281
8044 2 2 13 96 1654 3606 4157
8045 2 2 13 96 3674 1976 3806
8046 2 2 13 96 2924 4122 4168
8047 2 2 13 96 2309 2308 4067
8048 2 2 13 96 1736 3253 4045
8049 2 2 13 96 3492 3493 4222
8050 2 2 13 96 2383 2721 4070
8051 2 2 13 96 3796 2228 3917
8052 2 2 13 96 3423 1335 3892
8053 2 2 13 96 241 3157 4184
8054 2 2 13 96 1488 1686 1855
8055 2 2 13 96 1413 1363 3912
8056 2 2 13 96 3560 1300 3702
8057 2 2 13 96 2509 2075 4065
8058 2 2 13 96 2850 2521 4194
8059 2 2 13 96 3557 2380 4044
8060 2 2 13 96 78 79 4312
8061 2 2 13 96 2121 2308 2309
8062 2 2 13 96 3179 3178 3895
8063 2 2 13 96 1299 1466 3808
8064 2 2 13 96 673 675 4042
8065 2 2 13 96 3191 832 4074
8066 2 2 13 96 2330 2347 4164
8067 2 2 13 96 2412 2320 3727
8068 2 2 13 96 3663 258 4286
8069 2 2 13 96 648 641 4021
8070 2 2 13 96 1887 3346 4088
8071 2 2 13 96 1593 1730 1731
8072 2 2 13 96 2150 3912 4290
8073 2 2 13 96 3646 3395 3988
8074 2 2 13 96 2403 2405 4054
8075 2 2 13 96 2512 2510 3855
8076 2 2 13 96 1466 1437 3705
8077 2 2 13 96 3657 1839 3927
8078 2 2 13 96 3470 2873 4175
8079 2 2 13 96 214 4006 4329
8080 2 2 13 96 3852 2520 3956
8081 2 2 13 96 3023 3377 4220
8082 2 2 13 96 1047 3544 3944
8083 2 2 13 96 957 944 3962
8084 2 2 13 96 2850 2477 4279
8085 2 2 13 96 1240 1238 3755
8086 2 2 13 96 3344 1411 4191
8087 2 2 13 96 3599 1269 3958
8088 2 2 13 96 1945 1497 3763
8089 2 2 13 96 2822 3011 4051
8090 2 2 13 96 3496 1629 4107
8091 2 2 13 96 3571 425 4134
8092 2 2 13 96 2903 3725 4162
8093 2 2 13 96 3520 2705 4324
8094 2 2 13 96 1763 1741 3728
8095 2 2 13 96 288 3470 4175
8096 2 2 13 96 206 119 4257
8097 2 2 13 96 2697 2123 2698
8098 2 2 13 96 3465 2908 4292
8099 2 2 13 96 1768 1971 3795
8100 2 2 13 96 2787 2344 3987
8101 2 2 13 96 2277 2276 4136
8102 2 2 13 96 3440 1195 3969
8103 2 2 13 96 2462 3762 4097
8104 2 2 13 96 1631 1105 3867
8105 2 2 13 96 495 344 3803
8106 2 2 13 96 3399 585 3935
8107 2 2 13 96 1799 1366 3701
8108 2 2 13 96 1783 2164 3797
8109 2 2 13 96 1580 2940 4105
8110 2 2 13 96 2288 2286 4174
8111 2 2 13 96 2388 2387 4015
8112 2 2 13 96 1384 1602 3948
8113 2 2 13 96 2374 1858 4149
8114 2 2 13 96 1326 1563 3738
8115 2 2 13 96 2308 2120 4147
8116 2 2 13 96 32 965 2497
8117 2 2 13 96 3867 2218 3926
8118 2 2 13 96 1298 1299 3808
8119 2 2 13 96 1408 1129 3874
8120 2 2 13 96 2778 1984 3834
8121 2 2 13 96 4124 207 4173
8122 2 2 13 96 3650 1124 3885
8123 2 2 13 96 2963 3689 4103
8124 2 2 13 96 556 554 4282
8125 2 2 13 96 2522 2909 4208
8126 2 2 13 96 2528 3683 4305
8127 2 2 13 96 1990 1989 3879
8128 2 2 13 96 3746 2792 4333
8129 2 2 13 96 1488 1856 3838
8130 2 2 13 96 3551 2277 3793
8131 2 2 13 96 2583 1852 3797
8132 2 2 13 96 1028 1030 4202
8133 2 2 13 96 1478 497 1479
8134 2 2 13 96 2749 2750 2751
8135 2 2 13 96 1497 2087 3763
8136 2 2 13 96 3550 3086 4154
8137 2 2 13 96 1238 1241 3755
8138 2 2 13 96 419 421 3937
8139 2 2 13 96 1482 1485 3721
8140 2 2 13 96 4133 2723 4253
8141 2 2 13 96 1827 2120 2121
8142 2 2 13 96 3991 1666 4102
8143 2 2 13 96 2466 3991 4102
8144 2 2 13 96 1795 1792 4133
8145 2 2 13 96 2466 2328 3991
8146 2 2 13 96 1787 1919 3761
8147 2 2 13 96 2707 3597 3931
8148 2 2 13 96 2337 3342 3957
8149 2 2 13 96 751 3693 4296
8150 2 2 13 96 2575 2574 4173
8151 2 2 13 96 2560 3693 3863
8152 2 2 13 96 3410 1848 3964
8153 2 2 13 96 2301 2289 3997
8154 2 2 13 96 3011 3462 4051
8155 2 2 13 96 3826 1818 4239
8156 2 2 13 96 3619 2619 4300
8157 2 2 13 96 1355 3704 4332
8158 2 2 13 96 2510 2428 3855
8159 2 2 13 96 1107 1338 3731
8160 2 2 13 96 2457 3682 3876
8161 2 2 13 96 3768 206 3810
8162 2 2 13 96 2191 3410 3964
8163 2 2 13 96 1129 1086 3874
8164 2 2 13 96 3838 1856 3839
8165 2 2 13 96 3510 1043 3868
8166 2 2 13 96 1978 3414 4044
8167 2 2 13 96 3988 1316 4058
8168 2 2 13 96 2445 4087 4225
8169 2 2 13 96 1448 1678 4323
8170 2 2 13 96 35 179 1409
8171 2 2 13 96 242 3446 4083
8172 2 2 13 96 3484 2311 4025
8173 2 2 13 96 3964 2946 4063
8174 2 2 13 96 3241 3396 4163
8175 2 2 13 96 477 3422 4318
8176 2 2 13 96 3115 2033 3741
8177 2 2 13 96 719 667 4072
8178 2 2 13 96 3631 515 4183
8179 2 2 13 96 692 1189 4302
8180 2 2 13 96 3395 1316 3988
8181 2 2 13 96 761 591 4138
8182 2 2 13 96 3822 3119 4226
8183 2 2 13 96 2219 3599 3958
8184 2 2 13 96 1626 1516 4158
8185 2 2 13 96 2697 2698 3714
8186 2 2 13 96 2512 3638 3933
8187 2 2 13 96 3009 1360 4227
8188 2 2 13 96 3703 215 4251
8189 2 2 13 96 208 3616 3933
8190 2 2 13 96 1565 2148 4260
8191 2 2 13 96 3347 1258 4122
8192 2 2 13 96 2332 2333 4026
8193 2 2 13 96 2803 965 4298
8194 2 2 13 96 296 3550 4154
8195 2 2 13 96 2721 2382 4151
8196 2 2 13 96 545 547 4092
8197 2 2 13 96 2315 2317 4094
8198 2 2 13 96 693 696 4146
8199 2 2 13 96 2452 2453 3831
8200 2 2 13 96 1825 1495 3748
8201 2 2 13 96 1657 1234 3790
8202 2 2 13 96 3360 2232 4319
8203 2 2 13 96 3197 3665 4293
8204 2 2 13 96 1486 1482 3721
8205 2 2 13 96 3635 3170 4207
8206 2 2 13 96 3806 1976 4210
8207 2 2 13 96 2515 1891 3750
8208 2 2 13 96 3732 2203 3769
8209 2 2 13 96 2587 2191 4063
8210 2 2 13 96 1269 1272 3958
8211 2 2 13 96 2489 3819 4264
8212 2 2 13 96 3679 2315 4094
8213 2 2 13 96 2666 2474 4329
8214 2 2 13 96 1890 2515 3090
8215 2 2 13 96 2337 3957 4074
8216 2 2 13 96 2144 3570 3923
8217 2 2 13 96 2949 3974 4039
8218 2 2 13 96 1189 4166 4302
8219 2 2 13 96 2076 3294 4069
8220 2 2 13 96 3305 3195 4317
8221 2 2 13 96 3795 1975 3796
8222 2 2 13 96 1044 3179 4096
8223 2 2 13 96 1795 4133 4253
8224 2 2 13 96 2477 3620 3918
8225 2 2 13 96 2437 2438 4068
8226 2 2 13 96 2706 2707 4246
8227 2 2 13 96 3566 3040 3953
8228 2 2 13 96 2586 3936 3962
8229 2 2 13 96 1879 3844 3973
8230 2 2 13 96 2894 3183 3937
8231 2 2 13 96 1770 2084 4037
8232 2 2 13 96 2887 2885 4181
8233 2 2 13 96 3774 1637 4157
8234 2 2 13 96 1875 3635 4207
8235 2 2 13 96 2598 2432 4071
8236 2 2 13 96 1518 1520 4019
8237 2 2 13 96 3555 2369 3978
8238 2 2 13 96 1234 1236 3790
8239 2 2 13 96 1429 3642 3870
8240 2 2 13 96 1593 1732 3971
8241 2 2 13 96 2499 2392 4201
8242 2 2 13 96 3438 1616 3837
8243 2 2 13 96 1694 1953 3834
8244 2 2 13 96 2906 3555 3978
8245 2 2 13 96 1579 3804 4196
8246 2 2 13 96 4029 2391 4243
8247 2 2 13 96 1073 3492 4222
8248 2 2 13 96 3502 3503 4052
8249 2 2 13 96 2195 3720 3875
8250 2 2 13 96 2704 3469 4075
8251 2 2 13 96 1409 1487 1488
8252 2 2 13 96 2283 1795 4253
8253 2 2 13 96 1885 2661 3645
8254 2 2 13 96 2278 1483 3877
8255 2 2 13 96 3702 3230 3852
8256 2 2 13 96 2428 2429 3996
8257 2 2 13 96 1794 2022 4270
8258 2 2 13 96 3958 3507 4233
8259 2 2 13 96 16 17 3145
8260 2 2 13 96 2397 2485 4199
8261 2 2 13 96 1996 1998 3772
8262 2 2 13 96 2580 3825 4036
8263 2 2 13 96 1837 2413 4224
8264 2 2 13 96 983 1579 4196
8265 2 2 13 96 3844 1879 3977
8266 2 2 13 96 593 594 4188
8267 2 2 13 96 2867 3347 4122
8268 2 2 13 96 2728 2731 4155
8269 2 2 13 96 3507 3697 4233
8270 2 2 13 96 1885 180 2661
8271 2 2 13 96 3720 3337 4204
8272 2 2 13 96 425 427 4134
8273 2 2 13 96 3791 2741 3892
8274 2 2 13 96 3379 2038 4064
8275 2 2 13 96 2227 2585 4156
8276 2 2 13 96 3714 2698 3941
8277 2 2 13 96 547 3903 4092
8278 2 2 13 96 2443 2445 4225
8279 2 2 13 96 2585 1969 4283
8280 2 2 13 96 3263 1903 4017
8281 2 2 13 96 3178 1183 3895
8282 2 2 13 96 2162 3730 4038
8283 2 2 13 96 3115 516 4236
8284 2 2 13 96 2370 2576 3963
8285 2 2 13 96 1316 3386 4058
8286 2 2 13 96 35 1409 3846
8287 2 2 13 96 671 728 4277
8288 2 2 13 96 1702 4034 4075
8289 2 2 13 96 2468 2466 4102
8290 2 2 13 96 1839 3655 3927
8291 2 2 13 96 2993 2310 4236
8292 2 2 13 96 2496 3779 4265
8293 2 2 13 96 3652 3506 4273
8294 2 2 13 96 31 177 1658
8295 2 2 13 96 338 29 1884
8296 2 2 13 96 3312 3060 4243
8297 2 2 13 96 3606 2034 3774
8298 2 2 13 96 2707 3374 4246
8299 2 2 13 96 3414 3557 4044
8300 2 2 13 96 2028 1895 4004
8301 2 2 13 96 3969 2424 4211
8302 2 2 13 96 2147 3310 4129
8303 2 2 13 96 2190 3510 3868
8304 2 2 13 96 1702 3399 4034
8305 2 2 13 96 1086 2785 3874
8306 2 2 13 96 3687 1501 4136
8307 2 2 13 96 2082 3746 4333
8308 2 2 13 96 3380 1733 4206
8309 2 2 13 96 2842 4078 4278
8310 2 2 13 96 3474 1396 4174
8311 2 2 13 96 3776 2388 4015
8312 2 2 13 96 1637 1126 4157
8313 2 2 13 96 2384 3734 3781
8314 2 2 13 96 2347 3767 4164
8315 2 2 13 96 3177 2751 3806
8316 2 2 13 96 2955 1622 4316
8317 2 2 13 96 2608 3646 3988
8318 2 2 13 96 4211 2424 4281
8319 2 2 13 96 3936 2992 4333
8320 2 2 13 96 2238 2239 3887
8321 2 2 13 96 3667 1091 4325
8322 2 2 13 96 3785 2921 4161
8323 2 2 13 96 1895 3915 4004
8324 2 2 13 96 1258 3316 4168
8325 2 2 13 96 1850 266 3966
8326 2 2 13 96 3418 3420 4010
8327 2 2 13 96 2527 3777 3881
8328 2 2 13 96 1842 1633 4117
8329 2 2 13 96 432 3388 4032
8330 2 2 13 96 1255 1369 4238
8331 2 2 13 96 3350 482 4052
8332 2 2 13 96 2316 1298 3808
8333 2 2 13 96 2930 3236 4103
8334 2 2 13 96 2525 3242 4062
8335 2 2 13 96 1852 1515 3797
8336 2 2 13 96 1712 1465 4106
8337 2 2 13 96 3386 3331 4058
8338 2 2 13 96 3925 2413 4320
8339 2 2 13 96 2752 3674 3806
8340 2 2 13 96 1974 1977 3866
8341 2 2 13 96 1560 3563 3999
8342 2 2 13 96 15 169 1973
8343 2 2 13 96 3567 1458 4315
8344 2 2 13 96 2084 3607 3862
8345 2 2 13 96 3825 2313 4036
8346 2 2 13 96 3858 3423 3892
8347 2 2 13 96 469 467 4276
8348 2 2 13 96 1458 3459 4315
8349 2 2 13 96 4019 1857 4193
8350 2 2 13 96 1971 1975 3795
8351 2 2 13 96 2508 3796 3917
8352 2 2 13 96 2276 3687 4136
8353 2 2 13 96 3967 1560 3999
8354 2 2 13 96 3137 3718 4262
8355 2 2 13 96 3468 1702 4075
8356 2 2 13 96 3616 2512 3933
8357 2 2 13 96 2520 2519 4186
8358 2 2 13 96 1430 3659 3960
8359 2 2 13 96 1818 1820 4239
8360 2 2 13 96 1654 1125 4080
8361 2 2 13 96 2545 2425 4251
8362 2 2 13 96 3898 1908 3976
8363 2 2 13 96 3413 2051 4100
8364 2 2 13 96 1592 3971 4217
8365 2 2 13 96 2385 4045 4145
8366 2 2 13 96 3223 3732 4108
8367 2 2 13 96 1183 1185 3895
8368 2 2 13 96 3377 3219 4220
8369 2 2 13 96 2965 3919 4166
8370 2 2 13 96 2121 3794 3900
8371 2 2 13 96 2344 3303 3987
8372 2 2 13 96 2807 3634 3870
8373 2 2 13 96 993 3339 4241
8374 2 2 13 96 3734 2370 3781
8375 2 2 13 96 1391 3490 4139
8376 2 2 13 96 1828 3418 4010
8377 2 2 13 96 3804 2694 3956
8378 2 2 13 96 180 30 2661
8379 2 2 13 96 3718 3125 4262
8380 2 2 13 96 3144 1613 4132
8381 2 2 13 96 3718 2076 4069
8382 2 2 13 96 1926 1827 3900
8383 2 2 13 96 2442 3706 3970
8384 2 2 13 96 2345 2278 3877
8385 2 2 13 96 3962 948 4060
8386 2 2 13 96 1569 3871 4147
8387 2 2 13 96 1325 677 4247
8388 2 2 13 96 3592 2744 4202
8389 2 2 13 96 1952 2091 4237
8390 2 2 13 96 3355 2269 3970
8391 2 2 13 96 2474 3455 4329
8392 2 2 13 96 2592 3926 4217
8393 2 2 13 96 482 3502 4052
8394 2 2 13 96 1367 3656 4244
8395 2 2 13 96 1884 1885 3938
8396 2 2 13 96 2750 2749 4328
8397 2 2 13 96 2198 2982 4162
8398 2 2 13 96 1919 3205 4248
8399 2 2 13 96 4251 2425 4281
8400 2 2 13 96 3589 1761 4090
8401 2 2 13 96 2720 3442 4322
8402 2 2 13 96 2363 303 4200
8403 2 2 13 96 1798 1770 4037
8404 2 2 13 96 1809 1489 4180
8405 2 2 13 96 1515 1783 3797
8406 2 2 13 96 3310 1762 4214
8407 2 2 13 96 3535 207 4124
8408 2 2 13 96 3821 2356 4059
8409 2 2 13 96 303 2233 4200
8410 2 2 13 96 1711 3626 4269
8411 2 2 13 96 3044 1182 4245
8412 2 2 13 96 1769 3277 4317
8413 2 2 13 96 499 2804 4219
8414 2 2 13 96 3903 1388 4046
8415 2 2 13 96 2601 3501 4294
8416 2 2 13 96 3399 3935 4034
8417 2 2 13 96 2126 3652 4273
8418 2 2 13 96 515 995 4183
8419 2 2 13 96 3303 1986 3987
8420 2 2 13 96 3776 1735 4148
8421 2 2 13 96 3442 2542 4322
8422 2 2 13 96 2542 3382 4322
8423 2 2 13 96 3757 2829 4007
8424 2 2 13 96 3592 1044 4096
8425 2 2 13 96 1588 1592 3998
8426 2 2 13 96 1594 3824 4226
8427 2 2 13 96 522 523 4177
8428 2 2 13 96 1672 3224 4098
8429 2 2 13 96 2117 3264 4297
8430 2 2 13 96 2393 3496 4107
8431 2 2 13 96 2445 3949 4087
8432 2 2 13 96 2302 2573 4167
8433 2 2 13 96 2441 18 4144
8434 2 2 13 96 1975 1974 3866
8435 2 2 13 96 505 507 3982
8436 2 2 13 96 3419 3667 4325
8437 2 2 13 96 3582 1991 4194
8438 2 2 13 96 2132 2133 4176
8439 2 2 13 96 3495 3815 4291
8440 2 2 13 96 1453 3615 4049
8441 2 2 13 96 1710 170 2124
8442 2 2 13 96 3802 2109 4127
8443 2 2 13 96 2340 2695 2696
8444 2 2 13 96 1954 2840 4120
8445 2 2 13 96 1125 2126 4080
8446 2 2 13 96 2133 3672 4176
8447 2 2 13 96 2521 3582 4194
8448 2 2 13 96 2751 2752 3806
8449 2 2 13 96 3732 2429 4108
8450 2 2 13 96 1396 3760 4174
8451 2 2 13 96 3855 2428 3996
8452 2 2 13 96 1568 1768 4240
8453 2 2 13 96 3321 3144 4132
8454 2 2 13 96 2398 1886 2452
8455 2 2 13 96 2435 3757 4007
8456 2 2 13 96 2286 3474 4174
8457 2 2 13 96 3665 1530 4293
8458 2 2 13 96 4116 2893 4138
8459 2 2 13 96 1686 3669 3840
8460 2 2 13 96 1886 1884 3938
8461 2 2 13 96 3371 2601 4294
8462 2 2 13 96 2342 2341 4001
8463 2 2 13 96 3690 2112 4285
8464 2 2 13 96 4226 3823 4289
8465 2 2 13 96 1945 3763 4267
8466 2 2 13 96 1858 1875 4149
8467 2 2 13 96 1633 2592 4117
8468 2 2 13 96 1581 3357 4292
8469 2 2 13 96 3123 3718 4069
8470 2 2 13 96 2566 3303 3951
8471 2 2 13 96 2340 2339 2695
8472 2 2 13 96 3707 251 4258
8473 2 2 13 96 3683 2201 4305
8474 2 2 13 96 2561 2563 4296
8475 2 2 13 96 1641 3487 4048
8476 2 2 13 96 3647 3023 4220
8477 2 2 13 96 2788 2787 4101
8478 2 2 13 96 3735 3320 4297
8479 2 2 13 96 3616 208 4208
8480 2 2 13 96 2312 3759 3999
8481 2 2 13 96 3747 2473 4141
8482 2 2 13 96 3899 3044 4245
8483 2 2 13 96 363 3409 4093
8484 2 2 13 96 4129 3310 4214
8485 2 2 13 96 2668 4006 4091
8486 2 2 13 96 3440 3969 4211
8487 2 2 13 96 3039 3495 4291
8488 2 2 13 96 266 264 3966
8489 2 2 13 96 831 3783 4272
8490 2 2 13 96 3839 2421 4014
8491 2 2 13 96 1911 3906 4299
8492 2 2 13 96 19 171 1988
8493 2 2 13 96 1710 2124 2339
8494 2 2 13 96 2648 4055 4056
8495 2 2 13 96 2398 2452 3669
8496 2 2 13 96 4006 3148 4091
8497 2 2 13 96 2899 3844 3977
8498 2 2 13 96 3199 1348 4190
8499 2 2 13 96 3565 3309 4223
8500 2 2 13 96 3489 296 4154
8501 2 2 13 96 3490 2534 4139
8502 2 2 13 96 2787 3987 4101
8503 2 2 13 96 3730 3031 4038
8504 2 2 13 96 3621 3199 4123
8505 2 2 13 96 2109 1855 4127
8506 2 2 13 96 3992 2484 4330
8507 2 2 13 96 252 3707 4258
8508 2 2 13 96 1830 3440 4211
8509 2 2 13 96 1855 2505 4127
8510 2 2 13 96 2680 3567 4315
8511 2 2 13 96 3461 1434 4108
8512 2 2 13 96 1432 3954 4266
8513 2 2 13 96 3853 3015 4170
8514 2 2 13 96 2219 3958 4233
8515 2 2 13 96 4087 220 4225
8516 2 2 13 96 3686 2437 4068
8517 2 2 13 96 172 2363 2364
8518 2 2 13 96 1742 3913 4327
8519 2 2 13 96 3650 3885 4273
8520 2 2 13 96 2387 2450 4250
8521 2 2 13 96 4015 2387 4250
8522 2 2 13 96 4123 3199 4190
8523 2 2 13 96 1405 3529 4061
8524 2 2 13 96 2578 3903 4046
8525 2 2 13 96 3801 2627 3950
8526 2 2 13 96 2590 1995 4288
8527 2 2 13 96 3493 2528 4305
8528 2 2 13 96 3770 2238 3887
8529 2 2 13 96 1610 3672 4081
8530 2 2 13 96 3941 1708 4309
8531 2 2 13 96 2268 3355 4313
8532 2 2 13 96 3657 2848 4143
8533 2 2 13 96 3964 1848 3979
8534 2 2 13 96 1973 2342 2748
8535 2 2 13 96 1091 1117 4325
8536 2 2 13 96 2773 4123 4190
8537 2 2 13 96 2863 4129 4214
8538 2 2 13 96 3824 3822 4226
8539 2 2 13 96 2035 3234 3932
8540 2 2 13 96 3912 2501 4290
8541 2 2 13 96 1126 1654 4157
8542 2 2 13 96 1586 1588 3998
8543 2 2 13 96 3903 2578 4092
8544 2 2 13 96 2741 3791 4284
8545 2 2 13 96 3264 3735 4297
8546 2 2 13 96 4127 2505 4238
8547 2 2 13 96 2481 4117 4217
8548 2 2 13 96 2310 3115 4236
8549 2 2 13 96 2180 3307 4172
8550 2 2 13 96 4028 2803 4298
8551 2 2 13 96 3673 2395 4308
8552 2 2 13 96 2432 3882 4071
8553 2 2 13 96 2222 3804 3956
8554 2 2 13 96 4212 2677 4337
8555 2 2 13 96 2218 1586 3998
8556 2 2 13 96 4098 3224 4187
8557 2 2 13 96 3804 2479 4196
8558 2 2 13 96 3848 294 4216
8559 2 2 13 96 1658 2590 4165
8560 2 2 13 96 526 528 4314
8561 2 2 13 96 1827 2121 3900
8562 2 2 13 96 3982 1751 3983
8563 2 2 13 96 1523 3501 4336
8564 2 2 13 96 1530 1836 4293
8565 2 2 13 96 3915 2652 4004
8566 2 2 13 96 1559 505 3982
8567 2 2 13 96 2364 2532 3313
8568 2 2 13 96 2342 4001 4328
8569 2 2 13 96 1957 4212 4337
8570 2 2 13 96 3791 2796 4284
8571 2 2 13 96 1995 2504 4288
8572 2 2 13 96 3767 1661 4164
8573 2 2 13 96 3339 3860 4241
8574 2 2 13 96 3865 2723 4133
8575 2 2 13 96 2371 3753 4235
8576 2 2 13 96 3707 2377 4313
8577 2 2 13 96 3615 2132 4306
8578 2 2 13 96 3860 2394 4241
8579 2 2 13 96 3303 2345 3951
8580 2 2 13 96 618 3686 4068
8581 2 2 13 96 2670 4098 4187
8582 2 2 13 96 2388 3776 4148
8583 2 2 13 96 3904 212 4213
8584 2 2 13 96 3389 3704 4321
8585 2 2 13 96 815 4111 4268
8586 2 2 13 96 2497 965 2803
8587 2 2 13 96 3309 4012 4223
8588 2 2 13 96 509 511 4002
8589 2 2 13 96 2459 3809 4271
8590 2 2 13 96 1885 3645 4278
8591 2 2 13 96 2345 3877 3878
8592 2 2 13 96 3656 3629 4244
8593 2 2 13 96 1622 2692 4316
8594 2 2 13 96 2338 3577 4269
8595 2 2 13 96 1768 3795 4240
8596 2 2 13 96 1590 1593 3971
8597 2 2 13 96 3363 2458 4249
8598 2 2 13 96 3478 499 4219
8599 2 2 13 96 507 1751 3982
8600 2 2 13 96 3879 1989 4307
8601 2 2 13 96 3877 1483 4169
8602 2 2 13 96 3664 1641 4048
8603 2 2 13 96 172 2364 4135
8604 2 2 13 96 1592 1590 3971
8605 2 2 13 96 213 3931 4326
8606 2 2 13 96 3625 1432 4266
8607 2 2 13 96 3974 2526 4039
8608 2 2 13 96 2422 3634 4178
8609 2 2 13 96 1969 2448 4283
8610 2 2 13 96 1324 3572 4275
8611 2 2 13 96 3913 3701 4327
8612 2 2 13 96 3836 2786 4140
8613 2 2 13 96 3795 2508 4240
8614 2 2 13 96 2275 3713 4327
8615 2 2 13 96 2909 3616 4208
8616 2 2 13 96 2946 3964 3979
8617 2 2 13 96 3606 3774 4157
8618 2 2 13 96 3506 3650 4273
8619 2 2 13 96 2461 4189 4192
8620 2 2 13 96 1478 1480 4169
8621 2 2 13 96 172 14 2363
8622 2 2 13 96 3728 2274 4018
8623 2 2 13 96 2429 3461 4108
8624 2 2 13 96 2586 3962 4060
8625 2 2 13 96 1182 4094 4245
8626 2 2 13 96 1957 3830 4212
8627 2 2 13 96 1592 3926 3998
8628 2 2 13 96 1731 1730 4137
8629 2 2 13 96 2340 2696 4001
8630 2 2 13 96 264 3508 3966
8631 2 2 13 96 2748 2342 2749
8632 2 2 13 96 1417 3478 4110
8633 2 2 13 96 2274 3948 4018
8634 2 2 13 96 768 3911 4115
8635 2 2 13 96 1329 3720 4204
8636 2 2 13 96 3956 2520 4186
8637 2 2 13 96 2665 3904 4213
8638 2 2 13 96 3762 1463 4097
8639 2 2 13 96 602 3576 4218
8640 2 2 13 96 2448 3814 4189
8641 2 2 13 96 3926 2218 3998
8642 2 2 13 96 2696 2695 2697
8643 2 2 13 96 3868 1043 4130
8644 2 2 13 96 599 3520 4324
8645 2 2 13 96 3552 2645 4255
8646 2 2 13 96 31 1658 4165
8647 2 2 13 96 1619 3673 4308
8648 2 2 13 96 3963 2576 4118
8649 2 2 13 96 3355 3707 4313
8650 2 2 13 96 1463 3738 4097
8651 2 2 13 96 1730 1890 4137
8652 2 2 13 96 3699 2219 4233
8653 2 2 13 96 3750 2533 4197
8654 2 2 13 96 2577 3712 4228
8655 2 2 13 96 2345 3878 3951
8656 2 2 13 96 1777 1801 4252
8657 2 2 13 96 3842 1559 4125
8658 2 2 13 96 3701 2275 4327
8659 2 2 13 96 1434 3223 4108
8660 2 2 13 96 1782 3621 4123
8661 2 2 13 96 3871 2308 4147
8662 2 2 13 96 209 3949 4254
8663 2 2 13 96 1890 3090 4137
8664 2 2 13 96 3949 2445 4254
8665 2 2 13 96 3119 3823 4226
8666 2 2 13 96 1751 509 4002
8667 2 2 13 96 3908 2330 4164
8668 2 2 13 96 2148 3924 4260
8669 2 2 13 96 1411 3695 4191
8670 2 2 13 96 2797 3742 4301
8671 2 2 13 96 3710 1073 4222
8672 2 2 13 96 3645 2661 4231
8673 2 2 13 96 3919 2414 4166
8674 2 2 13 96 3706 2443 4225
8675 2 2 13 96 2492 3879 4307
8676 2 2 13 96 251 4150 4258
8677 2 2 13 96 3761 1919 4248
8678 2 2 13 96 3003 3899 4245
8679 2 2 13 96 2111 3922 4334
8680 2 2 13 96 1988 171 4289
8681 2 2 13 96 3577 1711 4269
8682 2 2 13 96 2524 3389 4321
8683 2 2 13 96 3779 2488 4265
8684 2 2 13 96 3288 3898 3976
8685 2 2 13 96 3924 2933 4260
8686 2 2 13 96 2887 3864 4304
8687 2 2 13 96 1926 3900 4204
8688 2 2 13 96 1483 1478 4169
8689 2 2 13 96 2749 2342 4328
8690 2 2 13 96 3673 1957 4337
8691 2 2 13 96 2645 4033 4255
8692 2 2 13 96 2477 3918 4279
8693 2 2 13 96 171 1594 4289
8694 2 2 13 96 2677 4128 4337
8695 2 2 13 96 2222 3956 4186
8696 2 2 13 96 3918 964 4279
8697 2 2 13 96 2792 3936 4333
8698 2 2 13 96 3753 2480 4235
8699 2 2 13 96 2899 4019 4193
8700 2 2 13 96 3931 2440 4326
8701 2 2 13 96 2513 3909 4234
8702 2 2 13 96 736 4029 4243
8703 2 2 13 96 4033 2254 4255
8704 2 2 13 96 2386 3990 4263
8705 2 2 13 96 4110 3478 4219
8706 2 2 13 96 2185 4028 4298
8707 2 2 13 96 4049 3615 4306
8708 2 2 13 96 3645 2842 4278
8709 2 2 13 96 719 4072 4310
8710 2 2 13 96 1973 2748 4198
8711 2 2 13 96 4111 2789 4268
8712 2 2 13 96 1610 4081 4294
8713 2 2 13 96 2364 2363 2532
8714 2 2 13 96 3938 1885 4278
8715 2 2 13 96 4150 250 4258
8716 2 2 13 96 3909 904 4234
8717 2 2 13 96 2760 4110 4219
8718 2 2 13 96 4081 3371 4294
8719 2 2 13 96 2532 2363 4200
8720 2 2 13 96 4001 2696 4328
8721 2 2 13 96 3822 3824 4135
8722 2 2 13 96 18 160 4144
8723 2 2 13 96 30 163 248
8724 2 2 13 96 30 248 3590
8725 2 2 13 96 163 31 4165
8726 2 2 13 96 3234 34 3932
8727 2 2 13 96 164 35 3846
8728 2 2 13 96 498 3527 3932
$EndElements
